{"type": "FeatureCollection", "features": [{"type": "Feature", "geometry": {"type": "Polygon", "coordinates": [[[-2.19974465320928, 53.4882694001316], [-2.19603183420525, 53.483145807953], [-2.19374556709582, 53.4791164232958], [-2.19341284463636, 53.4771664905583], [-2.1944002816411, 53.4746517155127], [-2.19421798641453, 53.4718440468575], [-2.19992395655202, 53.4718692126138], [-2.20972856879252, 53.4750068252614], [-2.21677030964276, 53.4752908614475], [-2.21780005700503, 53.47630384436], [-2.21839307253077, 53.4779718757467], [-2.22097699130646, 53.4785136477891], [-2.22435567571584, 53.4806366219354], [-2.22739666373548, 53.4818344203423], [-2.23271369624576, 53.4847607128095], [-2.2316129136563, 53.4854576407228], [-2.22382338735256, 53.4883182456085], [-2.22244614661818, 53.4874938548789], [-2.22133462317988, 53.4858816134012], [-2.21922013152385, 53.4870216935547], [-2.21695647402222, 53.4843418454366], [-2.20503581562351, 53.4894782615238], [-2.20201055501579, 53.4887500058749], [-2.2010438110491, 53.4895399722684], [-2.19974465320928, 53.4882694001316]]]}, "properties": {"WD24CD": "E05011350"}}, {"type": "Feature", "geometry": {"type": "Polygon", "coordinates": [[[-2.21677030964276, 53.4752908614475], [-2.20972856879252, 53.4750068252614], [-2.19992395655202, 53.4718692126138], [-2.19421798641453, 53.4718440468575], [-2.19471287838695, 53.4682236288886], [-2.19632078015723, 53.4654211002958], [-2.19780343292943, 53.4632371699023], [-2.19728487872226, 53.4615346820347], [-2.19778647529365, 53.4605774935123], [-2.1988803519317, 53.4600130734917], [-2.20308561583432, 53.4591188372278], [-2.20441872436159, 53.4598104567365], [-2.2075935350408, 53.4598050069237], [-2.2091403281967, 53.458876515857], [-2.21748649024354, 53.4582226024787], [-2.21978443835684, 53.4575937127764], [-2.2245700395697, 53.4580648892983], [-2.22664611004125, 53.4576456556532], [-2.22679936131617, 53.4578602217886], [-2.23084839864348, 53.4577221173923], [-2.23574471390629, 53.4580443634136], [-2.2355369483472, 53.4616032812972], [-2.23421941403892, 53.4616615707847], [-2.23417020890198, 53.462314220792], [-2.23107405183961, 53.4624145626575], [-2.22611062145976, 53.4643007764626], [-2.23523113307642, 53.4720194714275], [-2.23009801681845, 53.4739169162565], [-2.22242151262004, 53.4735206629975], [-2.22119116218418, 53.4739085106306], [-2.21947552638249, 53.475445066088], [-2.21677030964276, 53.4752908614475]]]}, "properties": {"WD24CD": "E05011351"}}, {"type": "Feature", "geometry": {"type": "Polygon", "coordinates": [[[-2.26885042255848, 53.400564308869], [-2.2689848612705, 53.3959258573608], [-2.2736364251534, 53.3899216713975], [-2.27539034372627, 53.3861118711774], [-2.27776723440501, 53.38198958673], [-2.27953856092325, 53.379996208893], [-2.2828984949797, 53.3775569291889], [-2.28601418651311, 53.3757077203774], [-2.28634280926889, 53.3758471159004], [-2.28566460664445, 53.3762451140153], [-2.28722104351733, 53.3763466079332], [-2.2885850798079, 53.376893355902], [-2.29268266407114, 53.3808006667238], [-2.2942103441462, 53.3817137579352], [-2.29654722846705, 53.3822518132737], [-2.29987382245749, 53.3843306014993], [-2.30021527041462, 53.3849868005617], [-2.29914815322131, 53.3860987124612], [-2.29976204882801, 53.3870131172439], [-2.29961926585382, 53.3876642429107], [-2.29999297508763, 53.3881990512064], [-2.29971519776497, 53.3884666333267], [-2.30037152052557, 53.3889944394449], [-2.30013376537643, 53.3893994974715], [-2.30048316013985, 53.3894750899106], [-2.29987961368379, 53.3898181653745], [-2.30015182255691, 53.3921544723996], [-2.29820879206076, 53.3925395402161], [-2.29802974958714, 53.3920977860743], [-2.29624707195209, 53.3919782159867], [-2.2899144968655, 53.3932161337922], [-2.29249601303448, 53.3959855278533], [-2.29346469962067, 53.3988361187058], [-2.2947582813178, 53.4001552195737], [-2.29485564657925, 53.4009773836114], [-2.29411096654421, 53.4009378870295], [-2.29499625661651, 53.4036628837813], [-2.29212923813364, 53.4036340023266], [-2.29179575079889, 53.4017247377336], [-2.28814654006539, 53.4018836830554], [-2.28791245027089, 53.4006312266275], [-2.28043490601229, 53.4009016483874], [-2.27325315930478, 53.4004239117488], [-2.27228772917135, 53.4011299974192], [-2.27069803698645, 53.4006733519773], [-2.27034272299431, 53.4008422872968], [-2.26885042255848, 53.400564308869]]]}, "properties": {"WD24CD": "E05011352"}}, {"type": "Feature", "geometry": {"type": "Polygon", "coordinates": [[[-2.27784252384175, 53.4154746355196], [-2.27785570652645, 53.4147195997422], [-2.27460324147286, 53.4143118356557], [-2.27398942490876, 53.4117406517716], [-2.27366887407996, 53.4117162235808], [-2.27440160367566, 53.4098709891357], [-2.28047539282674, 53.4122586996701], [-2.28247030408637, 53.4102369939518], [-2.28321048092397, 53.4077561560238], [-2.2674955749004, 53.4068162134969], [-2.26763661520746, 53.4036492350869], [-2.26885042255848, 53.400564308869], [-2.27034272299431, 53.4008422872968], [-2.27069803698645, 53.4006733519773], [-2.27228772917135, 53.4011299974192], [-2.27325315930478, 53.4004239117488], [-2.28043490601229, 53.4009016483874], [-2.28791245027089, 53.4006312266275], [-2.28814654006539, 53.4018836830554], [-2.29179575079889, 53.4017247377336], [-2.29212923813364, 53.4036340023266], [-2.29499625661651, 53.4036628837813], [-2.29411096654421, 53.4009378870295], [-2.29485564657925, 53.4009773836114], [-2.2947582813178, 53.4001552195737], [-2.29346469962067, 53.3988361187058], [-2.29249601303448, 53.3959855278533], [-2.2899144968655, 53.3932161337922], [-2.29624707195209, 53.3919782159867], [-2.29802974958714, 53.3920977860743], [-2.29820879206076, 53.3925395402161], [-2.30015182255691, 53.3921544723996], [-2.3035934901256, 53.3950535491622], [-2.30501269791857, 53.3970876832578], [-2.30734010398423, 53.3974151837747], [-2.30859035906278, 53.3989482271042], [-2.31991901980795, 53.4116235530242], [-2.31823481092537, 53.411121162305], [-2.3158577459864, 53.410896459765], [-2.31271176603486, 53.4098225659918], [-2.30724482677277, 53.4097863876986], [-2.30590190777951, 53.410056824748], [-2.30432113438047, 53.4098685721081], [-2.30357887813206, 53.4095837191756], [-2.30069343978828, 53.4097599816435], [-2.29771555782357, 53.4083616699858], [-2.29727082463561, 53.4110036340775], [-2.29652478064305, 53.4118774225727], [-2.29394295944332, 53.4135817581899], [-2.29090517984859, 53.4142004547419], [-2.28888519538953, 53.4153784239618], [-2.28813184066418, 53.4154314700406], [-2.28726326443696, 53.4149194698366], [-2.28450915445384, 53.4161376759838], [-2.2830866137791, 53.4160233146801], [-2.28154543652743, 53.4152836036171], [-2.27784252384175, 53.4154746355196]]]}, "properties": {"WD24CD": "E05011353"}}, {"type": "Feature", "geometry": {"type": "Polygon", "coordinates": [[[-2.1913520755199, 53.4351282714698], [-2.19307603944188, 53.4292479349324], [-2.19314102132022, 53.4276531740603], [-2.19689793958925, 53.4281090829236], [-2.1990647124623, 53.4270439670662], [-2.20185970876597, 53.4236217921923], [-2.20449976110822, 53.4221763276872], [-2.20492946490026, 53.422367072268], [-2.20769313964598, 53.4200799591564], [-2.21865558348458, 53.4216601618691], [-2.21767548196185, 53.4245068664185], [-2.2156512693861, 53.430424110427], [-2.2111755817755, 53.4295756652797], [-2.20518472917825, 53.4406376933769], [-2.20439829351032, 53.4420853449503], [-2.20383760309484, 53.4422651273078], [-2.19670949178061, 53.4439669127884], [-2.19265134196693, 53.4441317909209], [-2.19195877075581, 53.4424772637054], [-2.1928452957464, 53.4420946510531], [-2.19352803538583, 53.4412585699291], [-2.19303926174864, 53.4393798603125], [-2.19437224308154, 53.4355944220579], [-2.1913520755199, 53.4351282714698]]]}, "properties": {"WD24CD": "E05011354"}}, {"type": "Feature", "geometry": {"type": "Polygon", "coordinates": [[[-2.19387727255942, 53.5316400647277], [-2.18601421381712, 53.5290593976373], [-2.17211581400889, 53.5271154421562], [-2.17213664359033, 53.5278057013022], [-2.17021915978924, 53.5277455559387], [-2.17050109749828, 53.5239565593923], [-2.17088569678433, 53.5239425290544], [-2.17318416933841, 53.5179520522519], [-2.17587717420919, 53.514171183647], [-2.18002865922806, 53.5152444447412], [-2.17701997585561, 53.5177378487586], [-2.1822744581398, 53.5195411017071], [-2.18506116373105, 53.5187710319782], [-2.18589199620011, 53.5180452119319], [-2.19032473340933, 53.5160832558294], [-2.19331074919749, 53.5181026883819], [-2.19313617563595, 53.5191707592223], [-2.19635501114411, 53.5189389665813], [-2.19674692589149, 53.5182345482501], [-2.19852729916719, 53.517432483048], [-2.20072053318838, 53.5175214537019], [-2.20288451029823, 53.5181182286895], [-2.20882333470013, 53.5189995651026], [-2.2105468568383, 53.519830696878], [-2.21430578503432, 53.520517899256], [-2.21603706983737, 53.5225668879227], [-2.21599232735977, 53.5238388315768], [-2.21324779155992, 53.5257771646632], [-2.20677117701922, 53.5342134370176], [-2.20581219153262, 53.5330852104285], [-2.20450883050938, 53.5324977941921], [-2.20058280906789, 53.5317602396315], [-2.19387727255942, 53.5316400647277]]]}, "properties": {"WD24CD": "E05011355"}}, {"type": "Feature", "geometry": {"type": "Polygon", "coordinates": [[[-2.22685467344226, 53.5020018480709], [-2.22611962662111, 53.500425772719], [-2.22612712038767, 53.4984213716769], [-2.22790756843467, 53.4973331177307], [-2.22757585641723, 53.4964744325622], [-2.22875446006671, 53.4964335376219], [-2.22909902950039, 53.4957749299369], [-2.22878995155296, 53.4946438428089], [-2.22988444059315, 53.4930067570027], [-2.23145834160436, 53.4925021186446], [-2.22940900798577, 53.4920450168817], [-2.22915185791765, 53.4915762705195], [-2.23688349598059, 53.4899252907364], [-2.24093528260874, 53.4886965585623], [-2.24165392643204, 53.4894501800844], [-2.24602328742567, 53.4884398926352], [-2.24864452058951, 53.4882412760401], [-2.24910744225525, 53.4893161677636], [-2.25048791358067, 53.4900854195364], [-2.25067637834626, 53.4921522726885], [-2.2516278417404, 53.4929754508027], [-2.25348181348473, 53.4934712792934], [-2.25250393823916, 53.4953231664646], [-2.2548556182413, 53.4973433692833], [-2.25401944375336, 53.4976848909479], [-2.25542250647567, 53.4991191257925], [-2.25429328305972, 53.4995970484921], [-2.25495360430311, 53.5003713135186], [-2.25237244303718, 53.5028602821954], [-2.25267419428964, 53.503140997738], [-2.25153283997924, 53.5039002739189], [-2.24707647619941, 53.5023905055633], [-2.24656639230054, 53.5038512326428], [-2.24533630556405, 53.5049108688955], [-2.2457658870356, 53.5064694918432], [-2.24885610106721, 53.5071282311853], [-2.24853866351205, 53.5077535929342], [-2.25032710829299, 53.50804917899], [-2.24921261239367, 53.5095310411665], [-2.24808100035616, 53.50942098264], [-2.24657415977823, 53.510884763796], [-2.24647271104375, 53.5115896493159], [-2.2452274841905, 53.5121567069379], [-2.2437181496935, 53.5100915067566], [-2.24108353643993, 53.5108249813234], [-2.23966954470675, 53.5108871332961], [-2.23333514420579, 53.5090255722611], [-2.23134690573356, 53.5063643155595], [-2.2282062596775, 53.5038428138721], [-2.22685467344226, 53.5020018480709]]]}, "properties": {"WD24CD": "E05011356"}}, {"type": "Feature", "geometry": {"type": "Polygon", "coordinates": [[[-2.26755392868284, 53.4471291883842], [-2.26733735565052, 53.4428501638886], [-2.27273694189313, 53.4424937344269], [-2.27846585904752, 53.4425533367414], [-2.27847991730093, 53.4421578286725], [-2.27910814965546, 53.4420071973908], [-2.27830727702038, 53.4401591953195], [-2.2758306755826, 53.4392049459716], [-2.27701627730472, 53.4377091788669], [-2.27585060784198, 53.4371572495344], [-2.27689694822273, 53.4353238381761], [-2.27593725247709, 53.4347158103076], [-2.27576652998754, 53.4336842445174], [-2.27796407040918, 53.4327506188607], [-2.27933419333118, 53.4325838850853], [-2.28197973618149, 53.4327232695242], [-2.2838838406106, 53.4334135846384], [-2.28419369013835, 53.4326982722078], [-2.285795110284, 53.4317928724324], [-2.2859760718967, 53.4309439676451], [-2.28674638245458, 53.4302310457497], [-2.28910345600581, 53.4320383939835], [-2.29327701781047, 53.432676277742], [-2.29603147166819, 53.4324708765482], [-2.2998658146717, 53.4334338549199], [-2.3002008932431, 53.4363480021345], [-2.29969889963779, 53.437325421208], [-2.29556886949686, 53.4358669610353], [-2.29430429897097, 53.4360615826691], [-2.2954386010828, 53.4387994336444], [-2.29149285231605, 53.4392109113216], [-2.28987055850318, 53.4412885752876], [-2.29150605486226, 53.4431298725532], [-2.29326032360483, 53.4436262750533], [-2.29312893243956, 53.4444499895505], [-2.2928797432031, 53.4443336930137], [-2.29181188640798, 53.4453799494916], [-2.28964934932003, 53.4450769089182], [-2.28621237782531, 53.449121317334], [-2.27975598527011, 53.4491965771705], [-2.27937993869508, 53.4501852892922], [-2.27670797959379, 53.4505420372819], [-2.27302335206812, 53.4505666690411], [-2.27146588697365, 53.4507319573071], [-2.27090624482142, 53.4505633896911], [-2.27074981866392, 53.4484478038789], [-2.27127364863376, 53.4484358357601], [-2.27124252383916, 53.4480305465436], [-2.27077426352582, 53.4480343018594], [-2.27044159305516, 53.4470993385794], [-2.26755392868284, 53.4471291883842]]]}, "properties": {"WD24CD": "E05011357"}}, {"type": "Feature", "geometry": {"type": "Polygon", "coordinates": [[[-2.24412614063925, 53.4409167939368], [-2.24406938019301, 53.4386328560506], [-2.24465644655039, 53.4367889301399], [-2.24872135600848, 53.4324910673895], [-2.25151532470531, 53.4299988647166], [-2.25393312605093, 53.4268242314578], [-2.25669302845156, 53.4245316269564], [-2.25902502440692, 53.4212196941676], [-2.2634780155315, 53.4161396601853], [-2.2648304616722, 53.4168386862638], [-2.26557958323027, 53.4177673661342], [-2.26539283541646, 53.4199214474971], [-2.2658861514063, 53.4206242381664], [-2.26835698069195, 53.4213360450646], [-2.2720456667118, 53.421408651613], [-2.27362065909694, 53.4225008383875], [-2.27564979786156, 53.4232952520311], [-2.28062885749684, 53.4239201576544], [-2.28365193498759, 53.4250079432817], [-2.2853312666493, 53.4272430431046], [-2.2859948889134, 53.4293345538612], [-2.28674638245458, 53.4302310457497], [-2.2859760718967, 53.4309439676451], [-2.285795110284, 53.4317928724324], [-2.28419369013835, 53.4326982722078], [-2.2838838406106, 53.4334135846384], [-2.28197973618149, 53.4327232695242], [-2.27933419333118, 53.4325838850853], [-2.27796407040918, 53.4327506188607], [-2.27576652998754, 53.4336842445174], [-2.27593725247709, 53.4347158103076], [-2.27689694822273, 53.4353238381761], [-2.27585060784198, 53.4371572495344], [-2.27701627730472, 53.4377091788669], [-2.2758306755826, 53.4392049459716], [-2.27830727702038, 53.4401591953195], [-2.27910814965546, 53.4420071973908], [-2.27847991730093, 53.4421578286725], [-2.27846585904752, 53.4425533367414], [-2.27273694189313, 53.4424937344269], [-2.26733735565052, 53.4428501638886], [-2.26755392868284, 53.4471291883842], [-2.25901010685614, 53.4472827564415], [-2.25887463890894, 53.4470530066707], [-2.2585354539434, 53.4474806653501], [-2.25782952822622, 53.4470220116548], [-2.25717459513261, 53.4470306084677], [-2.25702848315382, 53.4432512172183], [-2.25811860513473, 53.439034025617], [-2.24906405135831, 53.4406666322662], [-2.24412614063925, 53.4409167939368]]]}, "properties": {"WD24CD": "E05011358"}}, {"type": "Feature", "geometry": {"type": "Polygon", "coordinates": [[[-2.1659689329096, 53.4915732732036], [-2.16663830652685, 53.4908577823847], [-2.16605960927847, 53.4897143329832], [-2.16622667371871, 53.4888682615398], [-2.16902702717328, 53.4885227624328], [-2.16892515576909, 53.4871809588244], [-2.16966351247207, 53.4867817449536], [-2.16953720912644, 53.4860798592472], [-2.16902645750362, 53.4861247065982], [-2.16888485028008, 53.4857590038893], [-2.16921785454821, 53.4857297758113], [-2.16848190353868, 53.4829327129633], [-2.16753738018323, 53.4810959895373], [-2.16768867851662, 53.4801114655497], [-2.16806377593825, 53.4800875723197], [-2.16596882706844, 53.4795566650557], [-2.1654384864559, 53.4772581023029], [-2.16501073981872, 53.4768973751389], [-2.16223160173498, 53.4762944748359], [-2.16156474454463, 53.4748500976174], [-2.15856076308408, 53.4752963364417], [-2.15592423117478, 53.4753186954074], [-2.15543283719458, 53.474443849371], [-2.15066130581101, 53.4728664729329], [-2.15012812685276, 53.4723258830647], [-2.14989421638873, 53.4709131562253], [-2.16032773298761, 53.4700384167127], [-2.16814308304458, 53.4688789524997], [-2.17238460180909, 53.4687604906748], [-2.17725188295794, 53.4691519699156], [-2.18977840819145, 53.4713514463602], [-2.19421798641453, 53.4718440468575], [-2.1944002816411, 53.4746517155127], [-2.19341284463636, 53.4771664905583], [-2.19374556709582, 53.4791164232958], [-2.19603183420525, 53.483145807953], [-2.19974465320928, 53.4882694001316], [-2.19711731558759, 53.4888049336026], [-2.19582969544008, 53.4886893431511], [-2.19401216366268, 53.490003716425], [-2.19340552330956, 53.4898429574376], [-2.19291679733546, 53.4890751896744], [-2.19236493443186, 53.4890158772089], [-2.19163787186311, 53.4902287033884], [-2.19072631945381, 53.490601373314], [-2.19012392310834, 53.4903883833801], [-2.18975083983178, 53.4895143851584], [-2.18885157596916, 53.4892956614107], [-2.18619566340723, 53.490588776454], [-2.18610985372711, 53.490943044013], [-2.18450668420382, 53.4907127159468], [-2.18169962227454, 53.4908878548443], [-2.17803802566607, 53.4921814212099], [-2.17594767181706, 53.4914618874898], [-2.17391837662458, 53.4913138182283], [-2.16981716489828, 53.491288292177], [-2.16774118342749, 53.4918997589693], [-2.1659689329096, 53.4915732732036]]]}, "properties": {"WD24CD": "E05011359"}}, {"type": "Feature", "geometry": {"type": "Polygon", "coordinates": [[[-2.24856679386294, 53.5251156638058], [-2.2462507131361, 53.5242251937129], [-2.24556871584794, 53.5249583188975], [-2.24595028235073, 53.5252155194558], [-2.24562892660338, 53.5254749737093], [-2.2432828151859, 53.5243293091612], [-2.24073758859415, 53.5239460927177], [-2.24082001439866, 53.5233293148705], [-2.23588703078656, 53.5234668438847], [-2.23422223041985, 53.5224670236341], [-2.23353052918858, 53.5223083379086], [-2.23204826804112, 53.522918852712], [-2.22919162187103, 53.5218323108164], [-2.2269503645712, 53.5218446761148], [-2.22667130905856, 53.5226810741281], [-2.22430087477756, 53.5225211055756], [-2.22551118273928, 53.5212200060658], [-2.22248086323988, 53.5197578405393], [-2.22224307709229, 53.5186886917437], [-2.22121736177117, 53.5180793747219], [-2.22130957583586, 53.5166904329424], [-2.22283995004914, 53.5163262655489], [-2.22314348141859, 53.5155491382242], [-2.22039975280883, 53.5148737314731], [-2.22171880968017, 53.5133433300836], [-2.22120807145633, 53.5128480764245], [-2.22209403174443, 53.512130076563], [-2.22268168957295, 53.510913729754], [-2.22098496422755, 53.509689948814], [-2.2216631089432, 53.5090172646496], [-2.22062526685475, 53.5080583278189], [-2.22186355844834, 53.5078600511777], [-2.22280862101349, 53.5069360704541], [-2.22414226051536, 53.506793393637], [-2.22486072660533, 53.5063812079712], [-2.22406597024835, 53.5054812402641], [-2.22435041137133, 53.505390757445], [-2.22376371221086, 53.5041954801418], [-2.22434201740009, 53.5040838674413], [-2.22413949817257, 53.5037022589176], [-2.22206984646068, 53.5026121899835], [-2.22208952968919, 53.5023352984501], [-2.22685467344226, 53.5020018480709], [-2.2282062596775, 53.5038428138721], [-2.23134690573356, 53.5063643155595], [-2.23333514420579, 53.5090255722611], [-2.23966954470675, 53.5108871332961], [-2.24108353643993, 53.5108249813234], [-2.2437181496935, 53.5100915067566], [-2.2452274841905, 53.5121567069379], [-2.24691548816833, 53.5143239584045], [-2.25023419641923, 53.5163043784818], [-2.25696583528548, 53.5179457842999], [-2.25665513354359, 53.5196974404987], [-2.25623599994771, 53.5199545246771], [-2.256491153678, 53.5202586902763], [-2.25422224786203, 53.5206670823571], [-2.25441380018913, 53.5216670749434], [-2.25341915171212, 53.5218094527656], [-2.25349683317116, 53.5224456701474], [-2.2528666100124, 53.5224946277396], [-2.25347744095936, 53.5242532234575], [-2.25145481465931, 53.5240157677993], [-2.25178506959614, 53.5257605843345], [-2.24880475414338, 53.5248059633902], [-2.24856679386294, 53.5251156638058]]]}, "properties": {"WD24CD": "E05011360"}}, {"type": "Feature", "geometry": {"type": "Polygon", "coordinates": [[[-2.24093528260874, 53.4886965585623], [-2.24009247178598, 53.4878227711991], [-2.2441885154672, 53.4822499145861], [-2.24307517927267, 53.4820319406158], [-2.24265733967314, 53.4827554015985], [-2.23838008509535, 53.4818166296762], [-2.238086407402, 53.4815763091928], [-2.23844218813618, 53.4810543493169], [-2.23629650187213, 53.4799871443609], [-2.24258111105034, 53.4761906445765], [-2.24121190669258, 53.4746501219416], [-2.23801887780061, 53.4756623045612], [-2.2365077736639, 53.4732267819824], [-2.23523113307642, 53.4720194714275], [-2.23828717075424, 53.4716054357958], [-2.24381310074617, 53.4702640647001], [-2.25463908720215, 53.471067698649], [-2.25793312804413, 53.4721986380486], [-2.2598395792961, 53.4732946689859], [-2.26157685743239, 53.4752926811665], [-2.26331947759857, 53.475689734561], [-2.26267797745855, 53.4767328174436], [-2.26011265810764, 53.4778385475205], [-2.25578656639411, 53.4806125024319], [-2.25304354048338, 53.4818045529171], [-2.2489376641227, 53.4832072537189], [-2.24563811115397, 53.4851402294606], [-2.24525999246573, 53.4867373192506], [-2.24864452058951, 53.4882412760401], [-2.24602328742567, 53.4884398926352], [-2.24165392643204, 53.4894501800844], [-2.24093528260874, 53.4886965585623]]]}, "properties": {"WD24CD": "E05011361"}}, {"type": "Feature", "geometry": {"type": "Polygon", "coordinates": [[[-2.21767548196185, 53.4245068664185], [-2.21865558348458, 53.4216601618691], [-2.20769313964598, 53.4200799591564], [-2.20621863838641, 53.4201042078168], [-2.20649305228682, 53.4189756225337], [-2.20716049077716, 53.4188468476478], [-2.20842594173061, 53.4191592145294], [-2.20967036215851, 53.4179435326543], [-2.21342771329714, 53.4189147300655], [-2.21459996257584, 53.4132409309185], [-2.21541354572227, 53.4113905525759], [-2.2145332699492, 53.4110497068026], [-2.21547576981779, 53.4108897565202], [-2.21497330319818, 53.4097068931839], [-2.21259491408902, 53.4069680107936], [-2.21842817149898, 53.40543387173], [-2.21947394898214, 53.4050521588359], [-2.21932551536269, 53.4039639509191], [-2.22012831001348, 53.4023781853741], [-2.22266769336569, 53.4011762681764], [-2.22485568205797, 53.401379305239], [-2.22785130146529, 53.4008545023998], [-2.23604209519867, 53.4010649657219], [-2.2381426686347, 53.4008216854417], [-2.23977763591403, 53.4006935074166], [-2.24111512380385, 53.4010296661822], [-2.24365830943618, 53.4023205943044], [-2.24486055730567, 53.4035872636438], [-2.24420421414707, 53.4046842593462], [-2.23835237363115, 53.4074445725542], [-2.23884373388397, 53.4106011233148], [-2.23976907049055, 53.4116877958196], [-2.23951418359477, 53.411847349494], [-2.23318065126841, 53.4102321485126], [-2.23125315683436, 53.4101757594634], [-2.23071966019868, 53.4108428229531], [-2.23099845500287, 53.4131585833438], [-2.23214923242906, 53.41478404995], [-2.23154349681844, 53.41767497108], [-2.23245013113915, 53.4225225527066], [-2.23202854048577, 53.4235957923589], [-2.2300198260026, 53.4253111503222], [-2.22847914455033, 53.4276279371136], [-2.22301628495902, 53.4253758668607], [-2.21925419855735, 53.4245443691735], [-2.21767548196185, 53.4245068664185]]]}, "properties": {"WD24CD": "E05011362"}}, {"type": "Feature", "geometry": {"type": "Polygon", "coordinates": [[[-2.23283895535387, 53.4292347078162], [-2.22834221167797, 53.4278932973362], [-2.22847914455033, 53.4276279371136], [-2.2300198260026, 53.4253111503222], [-2.23202854048577, 53.4235957923589], [-2.23245013113915, 53.4225225527066], [-2.23154349681844, 53.41767497108], [-2.23214923242906, 53.41478404995], [-2.23099845500287, 53.4131585833438], [-2.23071966019868, 53.4108428229531], [-2.23125315683436, 53.4101757594634], [-2.23318065126841, 53.4102321485126], [-2.23951418359477, 53.411847349494], [-2.23976907049055, 53.4116877958196], [-2.2429357621015, 53.4127141476388], [-2.24431444958715, 53.4125460144967], [-2.24665696611047, 53.4099399719742], [-2.24653335856831, 53.409107975446], [-2.24485037368155, 53.4078584708368], [-2.24520435225239, 53.4071620841142], [-2.24618418471971, 53.406728588408], [-2.24729916117252, 53.4067855972221], [-2.24856547437134, 53.407508385], [-2.25207450638835, 53.4084475247641], [-2.25352335815865, 53.4092291260705], [-2.25398079236181, 53.4105269584151], [-2.25385542049033, 53.4122089832124], [-2.2512577412281, 53.4151409426842], [-2.25075569719442, 53.4182987274228], [-2.24966242211042, 53.419948613312], [-2.25068549382115, 53.4214736786886], [-2.25253777069367, 53.4224630554723], [-2.25333017121788, 53.4223481747262], [-2.25430466962439, 53.4212467709516], [-2.25276138499867, 53.4198253404939], [-2.25306658386832, 53.4187559835759], [-2.25482843201275, 53.4182183408715], [-2.25842347093103, 53.4180282298531], [-2.25983916020643, 53.4162751945422], [-2.2634780155315, 53.4161396601853], [-2.25902502440692, 53.4212196941676], [-2.25669302845156, 53.4245316269564], [-2.25393312605093, 53.4268242314578], [-2.25151532470531, 53.4299988647166], [-2.24872135600848, 53.4324910673895], [-2.24313414694979, 53.430390986438], [-2.24021187375251, 53.428911832888], [-2.23800315378407, 53.4271381613635], [-2.23656478524459, 53.4253180130387], [-2.23283895535387, 53.4292347078162]]]}, "properties": {"WD24CD": "E05011363"}}, {"type": "Feature", "geometry": {"type": "Polygon", "coordinates": [[[-2.20439829351032, 53.4420853449503], [-2.20518472917825, 53.4406376933769], [-2.21431718829855, 53.4407500643834], [-2.21849412431883, 53.4412162124326], [-2.22304485645146, 53.4417354835508], [-2.2232486569559, 53.4414856291877], [-2.24412614063925, 53.4409167939368], [-2.24476983767616, 53.4502825718275], [-2.23869733215302, 53.4503442398574], [-2.23952408265498, 53.4484837349773], [-2.23840303858525, 53.448063534535], [-2.23136356360587, 53.4502426961547], [-2.23011526396855, 53.4502280242594], [-2.22958606265043, 53.4495458300447], [-2.2220761872599, 53.4514430804075], [-2.21993970648184, 53.4482866434753], [-2.21824072495126, 53.4467041710276], [-2.21570312018062, 53.4468670306902], [-2.21504515348264, 53.4453886808648], [-2.21272698901929, 53.4454818032253], [-2.21254844025416, 53.4444053360922], [-2.20655156750043, 53.4443395104381], [-2.20603554701434, 53.4419332637834], [-2.20439829351032, 53.4420853449503]]]}, "properties": {"WD24CD": "E05011364"}}, {"type": "Feature", "geometry": {"type": "Polygon", "coordinates": [[[-2.14989421638873, 53.4709131562253], [-2.14784793919704, 53.4690434344941], [-2.14686336966403, 53.4674977455204], [-2.14792534183438, 53.4666263275551], [-2.14785012174745, 53.4657860663563], [-2.14914486182556, 53.4651552587969], [-2.14997270001477, 53.463710641453], [-2.15278314680239, 53.4632468936971], [-2.15232082885989, 53.4624618563562], [-2.15197474396612, 53.4625359839312], [-2.15017320316756, 53.4607900827258], [-2.14901722324274, 53.4605820805009], [-2.14921341745309, 53.4603249453159], [-2.15077503735037, 53.4602140472723], [-2.14924058293346, 53.4594096873029], [-2.15027902732734, 53.4579415351457], [-2.15211856794602, 53.4577207483739], [-2.15845128388528, 53.4549368617857], [-2.16036424622686, 53.4542826494784], [-2.15987730136294, 53.4533449219002], [-2.16169409689057, 53.4531447779279], [-2.16128237588757, 53.4518203870274], [-2.16604350557302, 53.4536483652789], [-2.17703069171191, 53.4583891229962], [-2.17916906979339, 53.460147678096], [-2.18053302532554, 53.4624726703733], [-2.19632078015723, 53.4654211002958], [-2.19471287838695, 53.4682236288886], [-2.19421798641453, 53.4718440468575], [-2.18977840819145, 53.4713514463602], [-2.17725188295794, 53.4691519699156], [-2.17238460180909, 53.4687604906748], [-2.16814308304458, 53.4688789524997], [-2.16032773298761, 53.4700384167127], [-2.14989421638873, 53.4709131562253]]]}, "properties": {"WD24CD": "E05011365"}}, {"type": "Feature", "geometry": {"type": "Polygon", "coordinates": [[[-2.21603706983737, 53.5225668879227], [-2.21430578503432, 53.520517899256], [-2.2105468568383, 53.519830696878], [-2.20882333470013, 53.5189995651026], [-2.20288451029823, 53.5181182286895], [-2.20422312394784, 53.5139066133273], [-2.20353696376565, 53.5117083214369], [-2.20261820993502, 53.5106708531758], [-2.20038179834642, 53.5093380799574], [-2.19714712656505, 53.5082684126338], [-2.19912674638553, 53.5060676463205], [-2.19525464630727, 53.504608813541], [-2.19384530369022, 53.5027270845486], [-2.21209823660237, 53.4967618725729], [-2.21745915703906, 53.4945374612919], [-2.22180710271975, 53.4964673371764], [-2.22397147319284, 53.4946925350402], [-2.22598900394133, 53.492283478276], [-2.22915185791765, 53.4915762705195], [-2.22940900798577, 53.4920450168817], [-2.23145834160436, 53.4925021186446], [-2.22988444059315, 53.4930067570027], [-2.22878995155296, 53.4946438428089], [-2.22909902950039, 53.4957749299369], [-2.22875446006671, 53.4964335376219], [-2.22757585641723, 53.4964744325622], [-2.22790756843467, 53.4973331177307], [-2.22612712038767, 53.4984213716769], [-2.22611962662111, 53.500425772719], [-2.22685467344226, 53.5020018480709], [-2.22208952968919, 53.5023352984501], [-2.22206984646068, 53.5026121899835], [-2.22413949817257, 53.5037022589176], [-2.22434201740009, 53.5040838674413], [-2.22376371221086, 53.5041954801418], [-2.22435041137133, 53.505390757445], [-2.22406597024835, 53.5054812402641], [-2.22486072660533, 53.5063812079712], [-2.22414226051536, 53.506793393637], [-2.22280862101349, 53.5069360704541], [-2.22186355844834, 53.5078600511777], [-2.22062526685475, 53.5080583278189], [-2.2216631089432, 53.5090172646496], [-2.22098496422755, 53.509689948814], [-2.22268168957295, 53.510913729754], [-2.22209403174443, 53.512130076563], [-2.22120807145633, 53.5128480764245], [-2.22171880968017, 53.5133433300836], [-2.22039975280883, 53.5148737314731], [-2.22314348141859, 53.5155491382242], [-2.22283995004914, 53.5163262655489], [-2.22130957583586, 53.5166904329424], [-2.22121736177117, 53.5180793747219], [-2.22224307709229, 53.5186886917437], [-2.22248086323988, 53.5197578405393], [-2.22551118273928, 53.5212200060658], [-2.22430087477756, 53.5225211055756], [-2.21902335770815, 53.5231205520089], [-2.21603706983737, 53.5225668879227]]]}, "properties": {"WD24CD": "E05011366"}}, {"type": "Feature", "geometry": {"type": "Polygon", "coordinates": [[[-2.23722983442873, 53.5388605071248], [-2.23413091587923, 53.5391946916353], [-2.23351310672692, 53.5401648459418], [-2.22886229687278, 53.5406916059166], [-2.22775955369663, 53.5415808850199], [-2.22078323929174, 53.5426761321247], [-2.2197059412839, 53.543285733213], [-2.21945972427641, 53.5438398879186], [-2.21872522512353, 53.543906829921], [-2.21780991948108, 53.5434635267963], [-2.21769440856912, 53.5424148300755], [-2.2149534133679, 53.5423101634859], [-2.21381864235547, 53.5420012013458], [-2.21306496119157, 53.5421579999999], [-2.21092125479002, 53.5407677400928], [-2.20853619770053, 53.5384429739598], [-2.20754497793762, 53.5384807318435], [-2.20712419696514, 53.5381947240382], [-2.20564976078252, 53.5368983655022], [-2.2069283478987, 53.5358005146597], [-2.20677117701922, 53.5342134370176], [-2.21324779155992, 53.5257771646632], [-2.21599232735977, 53.5238388315768], [-2.21603706983737, 53.5225668879227], [-2.21902335770815, 53.5231205520089], [-2.22430087477756, 53.5225211055756], [-2.22667130905856, 53.5226810741281], [-2.2269503645712, 53.5218446761148], [-2.22919162187103, 53.5218323108164], [-2.23204826804112, 53.522918852712], [-2.23353052918858, 53.5223083379086], [-2.23422223041985, 53.5224670236341], [-2.23588703078656, 53.5234668438847], [-2.24082001439866, 53.5233293148705], [-2.24073758859415, 53.5239460927177], [-2.2432828151859, 53.5243293091612], [-2.24562892660338, 53.5254749737093], [-2.24595028235073, 53.5252155194558], [-2.24556871584794, 53.5249583188975], [-2.2462507131361, 53.5242251937129], [-2.24856679386294, 53.5251156638058], [-2.24664494747926, 53.52923635322], [-2.25675627051014, 53.5271675459315], [-2.26247965187197, 53.5249996900377], [-2.26411429994798, 53.5246904863892], [-2.26584844847875, 53.5270029289998], [-2.26602258263073, 53.5302330424687], [-2.26739827165136, 53.5338001370979], [-2.26829736514191, 53.5349720389793], [-2.26776487078475, 53.5352366052289], [-2.26837970099798, 53.535342162805], [-2.26864438449613, 53.5359231375037], [-2.26846028211979, 53.5371019537608], [-2.26752461930851, 53.5380442373373], [-2.25875920490093, 53.5431545558291], [-2.25302386910416, 53.5439865189098], [-2.25173729405739, 53.5446085360149], [-2.24802079979285, 53.5441597369583], [-2.2393581654855, 53.5400804970018], [-2.23844853005743, 53.5387915861758], [-2.23722983442873, 53.5388605071248]]]}, "properties": {"WD24CD": "E05011367"}}, {"type": "Feature", "geometry": {"type": "Polygon", "coordinates": [[[-2.23523113307642, 53.4720194714275], [-2.22611062145976, 53.4643007764626], [-2.23107405183961, 53.4624145626575], [-2.23417020890198, 53.462314220792], [-2.23421941403892, 53.4616615707847], [-2.2355369483472, 53.4616032812972], [-2.23574471390629, 53.4580443634136], [-2.24111456935038, 53.4578880170247], [-2.24364308410496, 53.4589210550819], [-2.25065825994131, 53.4604382491393], [-2.25368727534751, 53.4599456429328], [-2.25393760655889, 53.4605068267787], [-2.25324605613945, 53.4607213482974], [-2.2535022477769, 53.4612448693008], [-2.25302232692278, 53.4613384399013], [-2.25372193118118, 53.4627302376222], [-2.25589963463969, 53.4621745851201], [-2.25791921244456, 53.4623841213713], [-2.25981080301058, 53.4653326992794], [-2.26270236037881, 53.4674352630322], [-2.26457157263378, 53.4678877258281], [-2.26511448574373, 53.4684707895679], [-2.26456498148561, 53.4687704233779], [-2.26570684414586, 53.4697332555556], [-2.26816072371617, 53.4697071351185], [-2.26509579134438, 53.4725111540708], [-2.26532011730774, 53.4727290175143], [-2.26405569226559, 53.4736378404719], [-2.26332302337559, 53.4756804421724], [-2.26331947759857, 53.475689734561], [-2.26157685743239, 53.4752926811665], [-2.2598395792961, 53.4732946689859], [-2.25793312804413, 53.4721986380486], [-2.25463908720215, 53.471067698649], [-2.24381310074617, 53.4702640647001], [-2.23828717075424, 53.4716054357958], [-2.23523113307642, 53.4720194714275]]]}, "properties": {"WD24CD": "E05011368"}}, {"type": "Feature", "geometry": {"type": "Polygon", "coordinates": [[[-2.17143168478348, 53.4485101867782], [-2.17287963616394, 53.44800110668], [-2.17196417824895, 53.4472618175357], [-2.17394980593401, 53.4438621758238], [-2.17472650306796, 53.4379753375127], [-2.17529272696774, 53.4343647521476], [-2.17584498677589, 53.4343333857703], [-2.17675466233219, 53.4330160399352], [-2.17780206378153, 53.4336985859303], [-2.17904507881147, 53.4339942486272], [-2.17901164966347, 53.4342783457225], [-2.18008678612123, 53.4343710772741], [-2.17981389219474, 53.4346088086522], [-2.18020445774066, 53.4347861400288], [-2.18108904526373, 53.4346895474115], [-2.18172773178478, 53.4351343680103], [-2.18390906496656, 53.4351993120662], [-2.18419234930046, 53.4356169011794], [-2.18521311162245, 53.4356674356623], [-2.18564550612498, 53.436093684836], [-2.18659491467041, 53.4360014420184], [-2.18738493018044, 53.4362959288995], [-2.18743174714121, 53.4366679641992], [-2.18853962247078, 53.436652735202], [-2.18713634819645, 53.4352276194789], [-2.18870175268082, 53.4348727190504], [-2.1913520755199, 53.4351282714698], [-2.19437224308154, 53.4355944220579], [-2.19303926174864, 53.4393798603125], [-2.19352803538583, 53.4412585699291], [-2.1928452957464, 53.4420946510531], [-2.19195877075581, 53.4424772637054], [-2.19265134196693, 53.4441317909209], [-2.19670949178061, 53.4439669127884], [-2.20383760309484, 53.4422651273078], [-2.20211341246015, 53.4434545634581], [-2.19817036987148, 53.4453676321721], [-2.1973694555294, 53.4482820866877], [-2.19205131017817, 53.4486107748329], [-2.19315013955644, 53.4505226218838], [-2.19236418755658, 53.4512196657404], [-2.19009745717919, 53.4510974173418], [-2.18993540626628, 53.4525601120484], [-2.18846860287449, 53.4532302667542], [-2.18956654075285, 53.4546180840975], [-2.18896191308803, 53.4547682990085], [-2.18675930863389, 53.4535430588063], [-2.18623057700825, 53.4524562494776], [-2.18598124594608, 53.4495345500909], [-2.17390669786483, 53.4513307511088], [-2.17313793942018, 53.4492995507332], [-2.17154523431798, 53.449390010733], [-2.17143168478348, 53.4485101867782]]]}, "properties": {"WD24CD": "E05011369"}}, {"type": "Feature", "geometry": {"type": "Polygon", "coordinates": [[[-2.16604350557302, 53.4536483652789], [-2.16741206486192, 53.4494174679391], [-2.17143168478348, 53.4485101867782], [-2.17154523431798, 53.449390010733], [-2.17313793942018, 53.4492995507332], [-2.17390669786483, 53.4513307511088], [-2.18598124594608, 53.4495345500909], [-2.18623057700825, 53.4524562494776], [-2.18675930863389, 53.4535430588063], [-2.18896191308803, 53.4547682990085], [-2.18956654075285, 53.4546180840975], [-2.18846860287449, 53.4532302667542], [-2.18993540626628, 53.4525601120484], [-2.19009745717919, 53.4510974173418], [-2.19236418755658, 53.4512196657404], [-2.19315013955644, 53.4505226218838], [-2.19205131017817, 53.4486107748329], [-2.1973694555294, 53.4482820866877], [-2.20042465812494, 53.4480154022272], [-2.20496792461465, 53.4553180389899], [-2.20182975281511, 53.4559902959202], [-2.20282874007357, 53.4576694091364], [-2.20308561583432, 53.4591188372278], [-2.1988803519317, 53.4600130734917], [-2.19778647529365, 53.4605774935123], [-2.19728487872226, 53.4615346820347], [-2.19780343292943, 53.4632371699023], [-2.19632078015723, 53.4654211002958], [-2.18053302532554, 53.4624726703733], [-2.17916906979339, 53.460147678096], [-2.17703069171191, 53.4583891229962], [-2.16604350557302, 53.4536483652789]]]}, "properties": {"WD24CD": "E05011370"}}, {"type": "Feature", "geometry": {"type": "Polygon", "coordinates": [[[-2.17826647869165, 53.5067681616181], [-2.17871040149036, 53.5058499503078], [-2.1778976109131, 53.5054521069692], [-2.17677903259964, 53.5055022976742], [-2.1765532530652, 53.5052248802385], [-2.17774784476287, 53.5049822819231], [-2.17551298786569, 53.5026503585636], [-2.17087007410286, 53.5031452271091], [-2.17260248334817, 53.5024398545993], [-2.1685368630535, 53.5009994108956], [-2.16593144700416, 53.4989834173095], [-2.16437640467361, 53.4995212229535], [-2.16186487522818, 53.4983255977327], [-2.16164430397613, 53.4974199444318], [-2.16291494714437, 53.496981319019], [-2.16283114451246, 53.4967450159233], [-2.16341156077199, 53.4967792645548], [-2.16323693791151, 53.4960326008872], [-2.16401866146849, 53.4947066505929], [-2.16358809939837, 53.4936879790481], [-2.163933456582, 53.4929441040164], [-2.16303024605401, 53.492849196783], [-2.16396975291738, 53.4913971387481], [-2.1659689329096, 53.4915732732036], [-2.16774118342749, 53.4918997589693], [-2.16981716489828, 53.491288292177], [-2.17391837662458, 53.4913138182283], [-2.17594767181706, 53.4914618874898], [-2.17803802566607, 53.4921814212099], [-2.18169962227454, 53.4908878548443], [-2.18450668420382, 53.4907127159468], [-2.18610985372711, 53.490943044013], [-2.18619566340723, 53.490588776454], [-2.18885157596916, 53.4892956614107], [-2.18975083983178, 53.4895143851584], [-2.19012392310834, 53.4903883833801], [-2.19072631945381, 53.490601373314], [-2.19163787186311, 53.4902287033884], [-2.19236493443186, 53.4890158772089], [-2.19291679733546, 53.4890751896744], [-2.19340552330956, 53.4898429574376], [-2.19401216366268, 53.490003716425], [-2.19582969544008, 53.4886893431511], [-2.19711731558759, 53.4888049336026], [-2.19974465320928, 53.4882694001316], [-2.2010438110491, 53.4895399722684], [-2.20201055501579, 53.4887500058749], [-2.20503581562351, 53.4894782615238], [-2.21695647402222, 53.4843418454366], [-2.21922013152385, 53.4870216935547], [-2.22133462317988, 53.4858816134012], [-2.22244614661818, 53.4874938548789], [-2.22382338735256, 53.4883182456085], [-2.22566822640032, 53.4894850839219], [-2.22936059159718, 53.4886375903179], [-2.22949430865963, 53.4888476914291], [-2.22694604813057, 53.4903077374965], [-2.22902752445398, 53.4911711584393], [-2.22915185791765, 53.4915762705195], [-2.22598900394133, 53.492283478276], [-2.22397147319284, 53.4946925350402], [-2.22180710271975, 53.4964673371764], [-2.21745915703906, 53.4945374612919], [-2.21209823660237, 53.4967618725729], [-2.19384530369022, 53.5027270845486], [-2.18844160149738, 53.5049487273146], [-2.18351730004997, 53.5076826029823], [-2.18373620427106, 53.5070395709242], [-2.18189384475946, 53.5070639664915], [-2.18074934073379, 53.5066972006726], [-2.17826647869165, 53.5067681616181]]]}, "properties": {"WD24CD": "E05011371"}}, {"type": "Feature", "geometry": {"type": "Polygon", "coordinates": [[[-2.23574471390629, 53.4580443634136], [-2.23084839864348, 53.4577221173923], [-2.22679936131617, 53.4578602217886], [-2.22664611004125, 53.4576456556532], [-2.22475617435738, 53.4545041114027], [-2.22300445361912, 53.4530035737056], [-2.2220761872599, 53.4514430804075], [-2.22958606265043, 53.4495458300447], [-2.23011526396855, 53.4502280242594], [-2.23136356360587, 53.4502426961547], [-2.23840303858525, 53.448063534535], [-2.23952408265498, 53.4484837349773], [-2.23869733215302, 53.4503442398574], [-2.23720972018405, 53.4533422341717], [-2.24771978314702, 53.4534207195734], [-2.25190450100146, 53.4551800843668], [-2.25677097642622, 53.4535391505019], [-2.25743921725407, 53.4547134452418], [-2.25815519362679, 53.4545744186455], [-2.25829534171541, 53.454835609623], [-2.25837447702102, 53.4552327998192], [-2.2572007894059, 53.4553898851816], [-2.25771751560665, 53.4559146361407], [-2.25719042456897, 53.4559166669626], [-2.25716292336991, 53.4563607249487], [-2.25843542725818, 53.4563391156745], [-2.25845473883556, 53.457294556198], [-2.25797158416749, 53.4573369334886], [-2.25841720035426, 53.4575553211896], [-2.25818682566663, 53.4588250002619], [-2.25368727534751, 53.4599456429328], [-2.25065825994131, 53.4604382491393], [-2.24364308410496, 53.4589210550819], [-2.24111456935038, 53.4578880170247], [-2.23574471390629, 53.4580443634136]]]}, "properties": {"WD24CD": "E05011372"}}, {"type": "Feature", "geometry": {"type": "Polygon", "coordinates": [[[-2.15623639028829, 53.5158090096373], [-2.15645737999933, 53.5162943939348], [-2.15816646167771, 53.5153959910386], [-2.15888576536094, 53.5145508518283], [-2.16039303425515, 53.5139809331971], [-2.16022823678594, 53.5136674605288], [-2.1608302109043, 53.513344863628], [-2.16041743578878, 53.5130532984073], [-2.16116621809406, 53.5128752147633], [-2.16301886511167, 53.5129077445908], [-2.16439903513138, 53.5135943557337], [-2.16708389539358, 53.5133771404295], [-2.16860547468643, 53.5135767831775], [-2.17142222759296, 53.5131673826341], [-2.17157510613038, 53.5125617939954], [-2.17262997995301, 53.5123935338012], [-2.17302648035738, 53.5120015133814], [-2.17307225191984, 53.5123182877719], [-2.17347621513082, 53.5122786001108], [-2.1732792217839, 53.5118568819058], [-2.17408069767118, 53.5105712702924], [-2.17357032319161, 53.5103958431435], [-2.17387573751301, 53.510044400338], [-2.17430659014685, 53.5101327552153], [-2.1735551300111, 53.5098129676344], [-2.17406715199669, 53.5094711100445], [-2.17444274569438, 53.509690326462], [-2.17425534556797, 53.5090330995295], [-2.17564610738321, 53.5080719924184], [-2.17562979025193, 53.5075888897629], [-2.17674388003193, 53.5070088365304], [-2.17826647869165, 53.5067681616181], [-2.18074934073379, 53.5066972006726], [-2.18189384475946, 53.5070639664915], [-2.18373620427106, 53.5070395709242], [-2.18351730004997, 53.5076826029823], [-2.18844160149738, 53.5049487273146], [-2.19384530369022, 53.5027270845486], [-2.19525464630727, 53.504608813541], [-2.19912674638553, 53.5060676463205], [-2.19714712656505, 53.5082684126338], [-2.20038179834642, 53.5093380799574], [-2.20261820993502, 53.5106708531758], [-2.20353696376565, 53.5117083214369], [-2.20422312394784, 53.5139066133273], [-2.20288451029823, 53.5181182286895], [-2.20072053318838, 53.5175214537019], [-2.19852729916719, 53.517432483048], [-2.19674692589149, 53.5182345482501], [-2.19635501114411, 53.5189389665813], [-2.19313617563595, 53.5191707592223], [-2.19331074919749, 53.5181026883819], [-2.19032473340933, 53.5160832558294], [-2.18589199620011, 53.5180452119319], [-2.18506116373105, 53.5187710319782], [-2.1822744581398, 53.5195411017071], [-2.17701997585561, 53.5177378487586], [-2.18002865922806, 53.5152444447412], [-2.17587717420919, 53.514171183647], [-2.17318416933841, 53.5179520522519], [-2.17088569678433, 53.5239425290544], [-2.17050109749828, 53.5239565593923], [-2.16914667004104, 53.5235854898272], [-2.16479091255044, 53.5201661224232], [-2.15918767614258, 53.5221269062779], [-2.15627968280019, 53.5188455530044], [-2.1547610370867, 53.5180331561031], [-2.15623639028829, 53.5158090096373]]]}, "properties": {"WD24CD": "E05011373"}}, {"type": "Feature", "geometry": {"type": "Polygon", "coordinates": [[[-2.2634780155315, 53.4161396601853], [-2.25983916020643, 53.4162751945422], [-2.25842347093103, 53.4180282298531], [-2.25482843201275, 53.4182183408715], [-2.25306658386832, 53.4187559835759], [-2.25276138499867, 53.4198253404939], [-2.25430466962439, 53.4212467709516], [-2.25333017121788, 53.4223481747262], [-2.25253777069367, 53.4224630554723], [-2.25068549382115, 53.4214736786886], [-2.24966242211042, 53.419948613312], [-2.25075569719442, 53.4182987274228], [-2.2512577412281, 53.4151409426842], [-2.25385542049033, 53.4122089832124], [-2.25398079236181, 53.4105269584151], [-2.25352335815865, 53.4092291260705], [-2.25207450638835, 53.4084475247641], [-2.24856547437134, 53.407508385], [-2.24729916117252, 53.4067855972221], [-2.24618418471971, 53.406728588408], [-2.24520435225239, 53.4071620841142], [-2.24485037368155, 53.4078584708368], [-2.24653335856831, 53.409107975446], [-2.24665696611047, 53.4099399719742], [-2.24431444958715, 53.4125460144967], [-2.2429357621015, 53.4127141476388], [-2.23976907049055, 53.4116877958196], [-2.23884373388397, 53.4106011233148], [-2.23835237363115, 53.4074445725542], [-2.24420421414707, 53.4046842593462], [-2.24486055730567, 53.4035872636438], [-2.24365830943618, 53.4023205943044], [-2.24111512380385, 53.4010296661822], [-2.23977763591403, 53.4006935074166], [-2.2381426686347, 53.4008216854417], [-2.24060504699509, 53.3997894202434], [-2.24253740298985, 53.3994754097326], [-2.24242349059239, 53.3990055942223], [-2.25648431232304, 53.3985393317879], [-2.25712889850102, 53.3969505825568], [-2.25797196929677, 53.3964831703225], [-2.25712791332333, 53.3960463509489], [-2.2562765862523, 53.3920320795362], [-2.2560531130745, 53.388678991325], [-2.2565567267924, 53.3884217174452], [-2.26266081731194, 53.3890681650223], [-2.27192469932531, 53.3895894209468], [-2.2736364251534, 53.3899216713975], [-2.2689848612705, 53.3959258573608], [-2.26885042255848, 53.400564308869], [-2.26763661520746, 53.4036492350869], [-2.2674955749004, 53.4068162134969], [-2.28321048092397, 53.4077561560238], [-2.28247030408637, 53.4102369939518], [-2.28047539282674, 53.4122586996701], [-2.27440160367566, 53.4098709891357], [-2.27366887407996, 53.4117162235808], [-2.27398942490876, 53.4117406517716], [-2.27460324147286, 53.4143118356557], [-2.27785570652645, 53.4147195997422], [-2.27784252384175, 53.4154746355196], [-2.27842327732678, 53.417534415474], [-2.2781935175833, 53.4183142141639], [-2.27639236637685, 53.4189978833267], [-2.27599763931309, 53.419388062029], [-2.27644174381939, 53.419649524683], [-2.27544108307671, 53.4194064086373], [-2.27362065909694, 53.4225008383875], [-2.2720456667118, 53.421408651613], [-2.26835698069195, 53.4213360450646], [-2.2658861514063, 53.4206242381664], [-2.26539283541646, 53.4199214474971], [-2.26557958323027, 53.4177673661342], [-2.2648304616722, 53.4168386862638], [-2.2634780155315, 53.4161396601853]]]}, "properties": {"WD24CD": "E05011374"}}, {"type": "Feature", "geometry": {"type": "Polygon", "coordinates": [[[-2.21849412431883, 53.4412162124326], [-2.21895468182676, 53.4412009922497], [-2.22106508370578, 53.4388132332637], [-2.22424022082133, 53.4365807708718], [-2.22724851574788, 53.4353076344374], [-2.23283895535387, 53.4292347078162], [-2.23656478524459, 53.4253180130387], [-2.23800315378407, 53.4271381613635], [-2.24021187375251, 53.428911832888], [-2.24313414694979, 53.430390986438], [-2.24872135600848, 53.4324910673895], [-2.24465644655039, 53.4367889301399], [-2.24406938019301, 53.4386328560506], [-2.24412614063925, 53.4409167939368], [-2.2232486569559, 53.4414856291877], [-2.22304485645146, 53.4417354835508], [-2.21849412431883, 53.4412162124326]]]}, "properties": {"WD24CD": "E05011375"}}, {"type": "Feature", "geometry": {"type": "Polygon", "coordinates": [[[-2.22382338735256, 53.4883182456085], [-2.2316129136563, 53.4854576407228], [-2.23271369624576, 53.4847607128095], [-2.22739666373548, 53.4818344203423], [-2.22435567571584, 53.4806366219354], [-2.22097699130646, 53.4785136477891], [-2.21839307253077, 53.4779718757467], [-2.21780005700503, 53.47630384436], [-2.21677030964276, 53.4752908614475], [-2.21947552638249, 53.475445066088], [-2.22119116218418, 53.4739085106306], [-2.22242151262004, 53.4735206629975], [-2.23009801681845, 53.4739169162565], [-2.23523113307642, 53.4720194714275], [-2.2365077736639, 53.4732267819824], [-2.23801887780061, 53.4756623045612], [-2.24121190669258, 53.4746501219416], [-2.24258111105034, 53.4761906445765], [-2.23629650187213, 53.4799871443609], [-2.23844218813618, 53.4810543493169], [-2.238086407402, 53.4815763091928], [-2.23838008509535, 53.4818166296762], [-2.24265733967314, 53.4827554015985], [-2.24307517927267, 53.4820319406158], [-2.2441885154672, 53.4822499145861], [-2.24009247178598, 53.4878227711991], [-2.24093528260874, 53.4886965585623], [-2.23688349598059, 53.4899252907364], [-2.22915185791765, 53.4915762705195], [-2.22902752445398, 53.4911711584393], [-2.22694604813057, 53.4903077374965], [-2.22949430865963, 53.4888476914291], [-2.22936059159718, 53.4886375903179], [-2.22566822640032, 53.4894850839219], [-2.22382338735256, 53.4883182456085]]]}, "properties": {"WD24CD": "E05011376"}}, {"type": "Feature", "geometry": {"type": "Polygon", "coordinates": [[[-2.20308561583432, 53.4591188372278], [-2.20282874007357, 53.4576694091364], [-2.20182975281511, 53.4559902959202], [-2.20496792461465, 53.4553180389899], [-2.20042465812494, 53.4480154022272], [-2.1973694555294, 53.4482820866877], [-2.19817036987148, 53.4453676321721], [-2.20211341246015, 53.4434545634581], [-2.20383760309484, 53.4422651273078], [-2.20439829351032, 53.4420853449503], [-2.20603554701434, 53.4419332637834], [-2.20655156750043, 53.4443395104381], [-2.21254844025416, 53.4444053360922], [-2.21272698901929, 53.4454818032253], [-2.21504515348264, 53.4453886808648], [-2.21570312018062, 53.4468670306902], [-2.21824072495126, 53.4467041710276], [-2.21993970648184, 53.4482866434753], [-2.2220761872599, 53.4514430804075], [-2.22300445361912, 53.4530035737056], [-2.22475617435738, 53.4545041114027], [-2.22664611004125, 53.4576456556532], [-2.2245700395697, 53.4580648892983], [-2.21978443835684, 53.4575937127764], [-2.21748649024354, 53.4582226024787], [-2.2091403281967, 53.458876515857], [-2.2075935350408, 53.4598050069237], [-2.20441872436159, 53.4598104567365], [-2.20308561583432, 53.4591188372278]]]}, "properties": {"WD24CD": "E05011377"}}, {"type": "Feature", "geometry": {"type": "Polygon", "coordinates": [[[-2.24262478843436, 53.3876905480994], [-2.24243420875158, 53.3856621779057], [-2.24298502803167, 53.3849617663972], [-2.24244118552786, 53.3839903269515], [-2.24307003823725, 53.3830254753814], [-2.24260718681551, 53.3825526798433], [-2.24287775686765, 53.382268978508], [-2.24195169974453, 53.3820110826015], [-2.2420972698659, 53.3817177526885], [-2.2409273021295, 53.3805948147832], [-2.24134243621532, 53.3801022583937], [-2.241277950516, 53.3788197287594], [-2.24210732557621, 53.3779686854325], [-2.2413195046835, 53.3760997621517], [-2.24167893485597, 53.3756055206046], [-2.24146119084857, 53.3748680297719], [-2.24026607618683, 53.3740272890841], [-2.23989518384011, 53.3730428947186], [-2.24047492255458, 53.3726938729439], [-2.23900931968742, 53.3721314246765], [-2.23867568327426, 53.3707991012102], [-2.24122295345731, 53.3715381872203], [-2.2468594157818, 53.3723720064924], [-2.2539700874018, 53.375621235733], [-2.25843091031302, 53.3765212794517], [-2.25731968711615, 53.3791780644759], [-2.25555966248754, 53.3789705971234], [-2.25561163638937, 53.379610468972], [-2.25512626204727, 53.3798757881979], [-2.25537364399958, 53.380261745249], [-2.25481085036549, 53.380433686106], [-2.25473373509006, 53.3813524889932], [-2.2559213297607, 53.3823360638437], [-2.25915867272786, 53.3821851923485], [-2.26330428971237, 53.3811172710775], [-2.26473084930052, 53.3811015257265], [-2.2673954925319, 53.3831314403568], [-2.26821005143256, 53.3849731805837], [-2.26911677224528, 53.3857063734587], [-2.27309655591322, 53.3866492115196], [-2.27315318944981, 53.3863398721699], [-2.27420224954279, 53.3862961277133], [-2.27464851097524, 53.3857810099111], [-2.27539034372627, 53.3861118711774], [-2.2736364251534, 53.3899216713975], [-2.27192469932531, 53.3895894209468], [-2.26266081731194, 53.3890681650223], [-2.2565567267924, 53.3884217174452], [-2.2560531130745, 53.388678991325], [-2.2562765862523, 53.3920320795362], [-2.25712791332333, 53.3960463509489], [-2.25797196929677, 53.3964831703225], [-2.25712889850102, 53.3969505825568], [-2.25648431232304, 53.3985393317879], [-2.24242349059239, 53.3990055942223], [-2.24254434365739, 53.3977784273869], [-2.24682802957703, 53.3960599933861], [-2.24440592765808, 53.3940812751194], [-2.24598491873492, 53.3938209395256], [-2.24602495770076, 53.3913831713559], [-2.24446686201418, 53.3913369605055], [-2.24391405448314, 53.3904005902996], [-2.2457341043808, 53.3902386923421], [-2.24622223602741, 53.3878296246675], [-2.24262478843436, 53.3876905480994]]]}, "properties": {"WD24CD": "E05011378"}}, {"type": "Feature", "geometry": {"type": "Polygon", "coordinates": [[[-2.23869733215302, 53.4503442398574], [-2.24476983767616, 53.4502825718275], [-2.24412614063925, 53.4409167939368], [-2.24906405135831, 53.4406666322662], [-2.25811860513473, 53.439034025617], [-2.25702848315382, 53.4432512172183], [-2.25717459513261, 53.4470306084677], [-2.25782952822622, 53.4470220116548], [-2.2585354539434, 53.4474806653501], [-2.25887463890894, 53.4470530066707], [-2.25901010685614, 53.4472827564415], [-2.26755392868284, 53.4471291883842], [-2.27044159305516, 53.4470993385794], [-2.27077426352582, 53.4480343018594], [-2.27124252383916, 53.4480305465436], [-2.27127364863376, 53.4484358357601], [-2.27074981866392, 53.4484478038789], [-2.27090624482142, 53.4505633896911], [-2.27146588697365, 53.4507319573071], [-2.25818682566663, 53.4588250002619], [-2.25841720035426, 53.4575553211896], [-2.25797158416749, 53.4573369334886], [-2.25845473883556, 53.457294556198], [-2.25843542725818, 53.4563391156745], [-2.25716292336991, 53.4563607249487], [-2.25719042456897, 53.4559166669626], [-2.25771751560665, 53.4559146361407], [-2.2572007894059, 53.4553898851816], [-2.25837447702102, 53.4552327998192], [-2.25829534171541, 53.454835609623], [-2.25815519362679, 53.4545744186455], [-2.25743921725407, 53.4547134452418], [-2.25677097642622, 53.4535391505019], [-2.25190450100146, 53.4551800843668], [-2.24771978314702, 53.4534207195734], [-2.23720972018405, 53.4533422341717], [-2.23869733215302, 53.4503442398574]]]}, "properties": {"WD24CD": "E05011379"}}, {"type": "Feature", "geometry": {"type": "Polygon", "coordinates": [[[-2.20518472917825, 53.4406376933769], [-2.2111755817755, 53.4295756652797], [-2.2156512693861, 53.430424110427], [-2.21767548196185, 53.4245068664185], [-2.21925419855735, 53.4245443691735], [-2.22301628495902, 53.4253758668607], [-2.22847914455033, 53.4276279371136], [-2.22834221167797, 53.4278932973362], [-2.23283895535387, 53.4292347078162], [-2.22724851574788, 53.4353076344374], [-2.22424022082133, 53.4365807708718], [-2.22106508370578, 53.4388132332637], [-2.21895468182676, 53.4412009922497], [-2.21849412431883, 53.4412162124326], [-2.21431718829855, 53.4407500643834], [-2.20518472917825, 53.4406376933769]]]}, "properties": {"WD24CD": "E05011380"}}, {"type": "Feature", "geometry": {"type": "Polygon", "coordinates": [[[-2.23867568327426, 53.3707991012102], [-2.23693336833175, 53.3701967446294], [-2.24079008412411, 53.3595742660885], [-2.24414349632622, 53.3597786926211], [-2.24419285162276, 53.3610441942295], [-2.24520459323528, 53.3611391624213], [-2.24959196916813, 53.3605915884007], [-2.25409840168047, 53.3608544157401], [-2.25644728585402, 53.3606768403736], [-2.25893728250728, 53.3594606578778], [-2.25804073679109, 53.3570437256154], [-2.26110321180472, 53.3561408581011], [-2.26461150794879, 53.3539785048109], [-2.26392005388124, 53.3536762207963], [-2.2641937055669, 53.3529790089192], [-2.26684794654359, 53.3517110735782], [-2.2670766725644, 53.35057345664], [-2.27180794258931, 53.3506994374961], [-2.27334422153611, 53.3503759293943], [-2.27836368467535, 53.3486159749231], [-2.28064008262799, 53.3459688961147], [-2.28463624567295, 53.34650775625], [-2.28670548929776, 53.3455275416648], [-2.28586699628101, 53.3450189593294], [-2.28793283293562, 53.3430886280865], [-2.29005422250569, 53.3422915456881], [-2.29127872791495, 53.343020306152], [-2.29403815327373, 53.3430656624588], [-2.29448094773295, 53.3428065791336], [-2.29581632296731, 53.343044197474], [-2.29672710137177, 53.342055888606], [-2.29785998264461, 53.3419011119344], [-2.30132744755776, 53.3401224968722], [-2.30166163948606, 53.3402241845392], [-2.30283554972343, 53.3409933027725], [-2.29745879197268, 53.3438095104703], [-2.29813179054135, 53.3444298265875], [-2.29643268123586, 53.3449424974597], [-2.29670390261521, 53.3460389855109], [-2.29830685229478, 53.3466752576723], [-2.29701253705802, 53.3486474595166], [-2.29820148645041, 53.3490972576145], [-2.29913757351057, 53.3490010744996], [-2.29856681476453, 53.3496987676815], [-2.29895524383259, 53.3499505582782], [-2.29991458307369, 53.3498687827241], [-2.30145529505595, 53.3490451338134], [-2.3013761812515, 53.3503299989276], [-2.30208006518326, 53.3506830040419], [-2.30346202938333, 53.3506487588132], [-2.30429535968325, 53.3513505426517], [-2.30454483295523, 53.3523338087586], [-2.30544384826492, 53.352675959318], [-2.30556484575335, 53.3531257134725], [-2.30791122175177, 53.3535285823149], [-2.30944797461019, 53.3544222208412], [-2.3122288257651, 53.3547878338432], [-2.31271418530143, 53.356072665796], [-2.31434719919573, 53.3567908897189], [-2.31401249663183, 53.3574304165407], [-2.30603892327607, 53.3583819233459], [-2.30008539157613, 53.3600068885932], [-2.29859454979864, 53.3608249451498], [-2.29623639630464, 53.3631238882537], [-2.29266398868835, 53.3702687138022], [-2.29056303727189, 53.3727052884908], [-2.29011663302893, 53.3727009821209], [-2.28634280926889, 53.3758471159004], [-2.28601418651311, 53.3757077203774], [-2.2828984949797, 53.3775569291889], [-2.27953856092325, 53.379996208893], [-2.27776723440501, 53.38198958673], [-2.27539034372627, 53.3861118711774], [-2.27464851097524, 53.3857810099111], [-2.27420224954279, 53.3862961277133], [-2.27315318944981, 53.3863398721699], [-2.27309655591322, 53.3866492115196], [-2.26911677224528, 53.3857063734587], [-2.26821005143256, 53.3849731805837], [-2.2673954925319, 53.3831314403568], [-2.26473084930052, 53.3811015257265], [-2.26330428971237, 53.3811172710775], [-2.25915867272786, 53.3821851923485], [-2.2559213297607, 53.3823360638437], [-2.25473373509006, 53.3813524889932], [-2.25481085036549, 53.380433686106], [-2.25537364399958, 53.380261745249], [-2.25512626204727, 53.3798757881979], [-2.25561163638937, 53.379610468972], [-2.25555966248754, 53.3789705971234], [-2.25731968711615, 53.3791780644759], [-2.25843091031302, 53.3765212794517], [-2.2539700874018, 53.375621235733], [-2.2468594157818, 53.3723720064924], [-2.24122295345731, 53.3715381872203], [-2.23867568327426, 53.3707991012102]]]}, "properties": {"WD24CD": "E05011381"}}, {"type": "Feature", "geometry": {"type": "Polygon", "coordinates": [[[-2.33073631936041, 53.482028267293], [-2.3302479045751, 53.4806450334572], [-2.32971360157401, 53.4805216117011], [-2.32946689531268, 53.4799946373209], [-2.35217725616451, 53.474725190317], [-2.36212078314205, 53.4716992372086], [-2.36279339574466, 53.4723560026525], [-2.36182595000946, 53.473215435521], [-2.36066405917912, 53.4731356730119], [-2.35813840321118, 53.4739703630952], [-2.35834048329275, 53.4743355292736], [-2.35735007569468, 53.4745358058369], [-2.35778070851285, 53.4749542792555], [-2.35832640789083, 53.4747937197986], [-2.36010618899084, 53.4772121490251], [-2.3597762095048, 53.4773617009583], [-2.36225162566759, 53.478945175445], [-2.36376415190997, 53.4792784752351], [-2.36751370781263, 53.477428377347], [-2.37363558975349, 53.4764061096736], [-2.3756360325772, 53.4802162150018], [-2.37605235089058, 53.4855457294782], [-2.37667723809522, 53.4876064122163], [-2.36969428311795, 53.4898131092305], [-2.37008779471643, 53.4899693689084], [-2.36658177423572, 53.4903297274162], [-2.35803027641907, 53.4920870616414], [-2.35718049277223, 53.4915970063926], [-2.35980023530552, 53.487687240511], [-2.35986698615809, 53.4857796827707], [-2.35972667804033, 53.4846888528419], [-2.35830475053232, 53.4847498874819], [-2.35819786376416, 53.4828053818662], [-2.35570155940147, 53.4822753839197], [-2.34856813121197, 53.4832866320091], [-2.3446837948694, 53.4831549923594], [-2.34057856851605, 53.483433687222], [-2.34013695197214, 53.481945155861], [-2.33886989211257, 53.4814904897758], [-2.33444354696902, 53.4821315944366], [-2.33073631936041, 53.482028267293]]]}, "properties": {"WD24CD": "E05013018"}}, {"type": "Feature", "geometry": {"type": "Polygon", "coordinates": [[[-2.25048791358067, 53.4900854195364], [-2.24910744225525, 53.4893161677636], [-2.24864452058951, 53.4882412760401], [-2.24525999246573, 53.4867373192506], [-2.24563811115397, 53.4851402294606], [-2.2489376641227, 53.4832072537189], [-2.25304354048338, 53.4818045529171], [-2.25510735617896, 53.4835145393907], [-2.26763981060251, 53.4831099282139], [-2.26960852988509, 53.4834613277744], [-2.26903678237531, 53.4837717968135], [-2.26744976859088, 53.4835164633572], [-2.26597849883372, 53.4839187524615], [-2.26613609768148, 53.4857672762752], [-2.26547602839909, 53.4889361385587], [-2.26487362242625, 53.4897473293062], [-2.26378860462242, 53.4902493913813], [-2.26212821997837, 53.4905954453698], [-2.25802547004519, 53.4905916959258], [-2.25287170359155, 53.4904965584869], [-2.25048791358067, 53.4900854195364]]]}, "properties": {"WD24CD": "E05013019"}}, {"type": "Feature", "geometry": {"type": "Polygon", "coordinates": [[[-2.369876195486, 53.512951507821], [-2.37152194986748, 53.5100328575687], [-2.37010040387464, 53.509884419017], [-2.37031220110038, 53.5089103647862], [-2.36946350078567, 53.5082582761895], [-2.37051881975576, 53.50687448943], [-2.37064770686245, 53.5053670117999], [-2.37310965368099, 53.5073957084685], [-2.37369742474374, 53.5083214400317], [-2.38210249906349, 53.5026491289893], [-2.38429887289179, 53.4999181508276], [-2.38469324430562, 53.4978331184166], [-2.38400248793012, 53.495540861554], [-2.38284637349358, 53.4940342518559], [-2.37886757413818, 53.4907330330861], [-2.38014331556292, 53.4903995911522], [-2.38129181240467, 53.4896011312985], [-2.38067338671849, 53.4891941611773], [-2.38103960534889, 53.4890240101188], [-2.38077542955913, 53.488808226329], [-2.37913060244351, 53.4887978997116], [-2.38176230093424, 53.486381698024], [-2.38140716555746, 53.4860264679218], [-2.39181254452003, 53.4823263439271], [-2.3962188746881, 53.4794354416473], [-2.43612585066978, 53.4718976064819], [-2.4385465044737, 53.4820838215754], [-2.43673189696409, 53.484690909523], [-2.43643305369711, 53.4866956507791], [-2.43563660168486, 53.4872081708422], [-2.43567081094654, 53.4883379666819], [-2.43625343258152, 53.4904859533187], [-2.43826748414512, 53.4918367300073], [-2.438506957341, 53.4924021560037], [-2.43623730260755, 53.4937533738078], [-2.43359048666169, 53.4971418949932], [-2.43162173463058, 53.4980317305412], [-2.43307333709526, 53.4996525147381], [-2.43310642984604, 53.5009710157136], [-2.43019496419905, 53.5018300864816], [-2.43043076388213, 53.5046963344373], [-2.42691516192927, 53.5056539074095], [-2.42050647874144, 53.5067902486389], [-2.42226155759398, 53.5075499438879], [-2.42136909673735, 53.5083170802111], [-2.42228919259603, 53.5091174467788], [-2.41871432599954, 53.5103641181508], [-2.41945570769153, 53.5121573383202], [-2.41534848196211, 53.5120449283123], [-2.40390697616559, 53.5119994987282], [-2.4030281586582, 53.5121938466973], [-2.39226442967249, 53.5120600915678], [-2.39208008686141, 53.5118682140381], [-2.38657258709308, 53.5129616740128], [-2.3786916119867, 53.5136106738835], [-2.37526347444852, 53.5135594003594], [-2.369876195486, 53.512951507821]]]}, "properties": {"WD24CD": "E05013020"}}, {"type": "Feature", "geometry": {"type": "Polygon", "coordinates": [[[-2.25032710829299, 53.50804917899], [-2.24853866351205, 53.5077535929342], [-2.24885610106721, 53.5071282311853], [-2.2457658870356, 53.5064694918432], [-2.24533630556405, 53.5049108688955], [-2.24656639230054, 53.5038512326428], [-2.24707647619941, 53.5023905055633], [-2.25153283997924, 53.5039002739189], [-2.25267419428964, 53.503140997738], [-2.25237244303718, 53.5028602821954], [-2.25495360430311, 53.5003713135186], [-2.25429328305972, 53.4995970484921], [-2.25542250647567, 53.4991191257925], [-2.25401944375336, 53.4976848909479], [-2.2548556182413, 53.4973433692833], [-2.25250393823916, 53.4953231664646], [-2.25348181348473, 53.4934712792934], [-2.2516278417404, 53.4929754508027], [-2.25067637834626, 53.4921522726885], [-2.25048791358067, 53.4900854195364], [-2.25287170359155, 53.4904965584869], [-2.25802547004519, 53.4905916959258], [-2.26212821997837, 53.4905954453698], [-2.26378860462242, 53.4902493913813], [-2.26487362242625, 53.4897473293062], [-2.26547602839909, 53.4889361385587], [-2.26613609768148, 53.4857672762752], [-2.26597849883372, 53.4839187524615], [-2.26744976859088, 53.4835164633572], [-2.26903678237531, 53.4837717968135], [-2.27005408215287, 53.4852255836678], [-2.26879488366152, 53.4874925605727], [-2.26829460550574, 53.4908911032515], [-2.26995089001175, 53.4934743249279], [-2.27005378157312, 53.4973309672467], [-2.2715605224017, 53.5016977542043], [-2.27079337351516, 53.5045730549866], [-2.2688861401042, 53.5062419269733], [-2.26504441510578, 53.5079591963553], [-2.26469489521152, 53.5084884256451], [-2.26281616454205, 53.5084934491997], [-2.26244124863081, 53.5090623556663], [-2.26059398231393, 53.506019381522], [-2.25678402996934, 53.5067536939826], [-2.25706716968412, 53.507262500346], [-2.25352967763269, 53.5081076215674], [-2.25079843733338, 53.5076981228448], [-2.25032710829299, 53.50804917899]]]}, "properties": {"WD24CD": "E05013021"}}, {"type": "Feature", "geometry": {"type": "Polygon", "coordinates": [[[-2.40956525390683, 53.4457350937527], [-2.41075146716279, 53.4421158107291], [-2.41279317711683, 53.4396639899344], [-2.41320786935246, 53.438500323629], [-2.41398805571466, 53.4380778047265], [-2.41351918719571, 53.4375320969783], [-2.41727817064827, 53.4315704743989], [-2.41928577179957, 53.4295598681911], [-2.42238679430896, 53.4273386933042], [-2.42682366510794, 53.4251009934751], [-2.44937818830286, 53.4158914433775], [-2.44936173786421, 53.4167553220672], [-2.45075113117834, 53.4173864747151], [-2.45127488564999, 53.4186743367478], [-2.44918793095123, 53.4205347319609], [-2.44899434632428, 53.4228751202574], [-2.45031480714368, 53.424080016532], [-2.45154359595958, 53.4267090601426], [-2.45406753962311, 53.4282760772165], [-2.45512875065843, 53.4299843051363], [-2.45925967975353, 53.4331593979006], [-2.46172387799054, 53.4363687322586], [-2.46332041855701, 53.4370160056689], [-2.46633884395588, 53.4370357174927], [-2.46769963082216, 53.4374429407529], [-2.47079873282852, 53.4389102903466], [-2.47410222392646, 53.439383453108], [-2.47815332906477, 53.4434174881107], [-2.47826434197159, 53.4443176909258], [-2.47604250834945, 53.447459912169], [-2.47598650909522, 53.4482376769498], [-2.47877429664193, 53.4500466126473], [-2.48282594681629, 53.453868412833], [-2.48610577228553, 53.4551907636699], [-2.48689403154347, 53.4581410937161], [-2.4880426808673, 53.4590217778507], [-2.48960790872629, 53.4595807613482], [-2.48971382174961, 53.4602822965361], [-2.48804162690862, 53.4607736506428], [-2.48661599953873, 53.460436116809], [-2.48352390742168, 53.4607029655493], [-2.48277726656387, 53.4612794580707], [-2.48088341667788, 53.4618929171847], [-2.4791590538174, 53.4617794351373], [-2.47675813904381, 53.4624433859301], [-2.46514310894685, 53.4622518658226], [-2.43446941523023, 53.4650444071387], [-2.43562616121816, 53.4698922290441], [-2.43069634978961, 53.4652119642939], [-2.42321727149656, 53.455984386775], [-2.42323895451897, 53.4556026788571], [-2.42494909758821, 53.4546228368401], [-2.42408482331363, 53.4540175628859], [-2.42469910609402, 53.4535318745714], [-2.42461843391675, 53.4529924004823], [-2.4227840274125, 53.4531939630195], [-2.42173755120687, 53.4528398807002], [-2.42319969008305, 53.4519320028853], [-2.41961954563149, 53.4495539462431], [-2.41954425052092, 53.4489235123412], [-2.41841019903413, 53.4488414995223], [-2.41795295316484, 53.4484057497175], [-2.41842038492867, 53.4476079416645], [-2.41676824691951, 53.4460131916005], [-2.41636824375118, 53.4438069311201], [-2.41238617426852, 53.4455195228231], [-2.41171891725742, 53.4462616329264], [-2.40956525390683, 53.4457350937527]]]}, "properties": {"WD24CD": "E05013022"}}, {"type": "Feature", "geometry": {"type": "Polygon", "coordinates": [[[-2.29557950570202, 53.5011433765961], [-2.293682726494, 53.4986471196384], [-2.29500542675354, 53.4980960206377], [-2.29172591004658, 53.4954042947234], [-2.29203183208318, 53.4950992438201], [-2.29119784768122, 53.494563020758], [-2.2932873499023, 53.4940474207083], [-2.29290627141161, 53.4938966640061], [-2.29371388361256, 53.4935824872169], [-2.29499811855028, 53.4942508614294], [-2.29551728747194, 53.4939152299029], [-2.29847168779877, 53.4956301730245], [-2.30180466714112, 53.4948011966022], [-2.30191068854989, 53.4918896117794], [-2.30637323796158, 53.4924795324965], [-2.30943062080707, 53.4923663928372], [-2.31307492936106, 53.4915485241591], [-2.3175526460373, 53.4893320344684], [-2.32532697075198, 53.4891062716713], [-2.32578308907736, 53.4914647826786], [-2.32545887929491, 53.4918377974231], [-2.32585588824124, 53.4918196311501], [-2.32591394468536, 53.4921187907344], [-2.32501952785088, 53.4923311230759], [-2.32506986850264, 53.4926073832307], [-2.32661969813662, 53.492585460211], [-2.32618265512593, 53.4930596038815], [-2.32674031632729, 53.4932582755846], [-2.32618503253639, 53.4935665514164], [-2.3266090745929, 53.4937752153528], [-2.32596648422509, 53.49405927402], [-2.32600375807484, 53.4943096438917], [-2.32692547370164, 53.4943959599325], [-2.32724918724771, 53.495329879431], [-2.32684550692056, 53.4959193355177], [-2.3292943754094, 53.4974896438216], [-2.32754668222486, 53.4997181672057], [-2.32625219812831, 53.5005648792158], [-2.32630634779995, 53.502310246123], [-2.31621916184185, 53.5029892083488], [-2.31038173055984, 53.502302474975], [-2.30867069886488, 53.5016983918497], [-2.30692484401424, 53.5025172738603], [-2.30700222351813, 53.5028020137382], [-2.30491385117806, 53.5033807436547], [-2.30356621060932, 53.503246643291], [-2.30293102177371, 53.5037264704743], [-2.29817263288521, 53.5025624419356], [-2.29557950570202, 53.5011433765961]]]}, "properties": {"WD24CD": "E05013023"}}, {"type": "Feature", "geometry": {"type": "Polygon", "coordinates": [[[-2.3292943754094, 53.4974896438216], [-2.32684550692056, 53.4959193355177], [-2.32724918724771, 53.495329879431], [-2.32692547370164, 53.4943959599325], [-2.32600375807484, 53.4943096438917], [-2.32596648422509, 53.49405927402], [-2.3266090745929, 53.4937752153528], [-2.32618503253639, 53.4935665514164], [-2.32674031632729, 53.4932582755846], [-2.32618265512593, 53.4930596038815], [-2.32661969813662, 53.492585460211], [-2.32506986850264, 53.4926073832307], [-2.32501952785088, 53.4923311230759], [-2.32591394468536, 53.4921187907344], [-2.32585588824124, 53.4918196311501], [-2.32545887929491, 53.4918377974231], [-2.32578308907736, 53.4914647826786], [-2.32532697075198, 53.4891062716713], [-2.32873447499415, 53.488765025624], [-2.32997811096981, 53.4878393459536], [-2.33039382767036, 53.4868395774729], [-2.32976918570701, 53.4865491777472], [-2.32976289387675, 53.4859289822783], [-2.33061766150001, 53.4855814553208], [-2.33105401167735, 53.4843317256417], [-2.33032910731082, 53.4839256886799], [-2.33074094163936, 53.4836000594113], [-2.33073631936041, 53.482028267293], [-2.33444354696902, 53.4821315944366], [-2.33886989211257, 53.4814904897758], [-2.34013695197214, 53.481945155861], [-2.34057856851605, 53.483433687222], [-2.3446837948694, 53.4831549923594], [-2.34856813121197, 53.4832866320091], [-2.35570155940147, 53.4822753839197], [-2.35819786376416, 53.4828053818662], [-2.35830475053232, 53.4847498874819], [-2.35972667804033, 53.4846888528419], [-2.35986698615809, 53.4857796827707], [-2.35980023530552, 53.487687240511], [-2.35718049277223, 53.4915970063926], [-2.35803027641907, 53.4920870616414], [-2.3566403374997, 53.4920624798281], [-2.35791759268301, 53.49418897695], [-2.35686981547162, 53.493577291777], [-2.35634433441973, 53.4937001521479], [-2.35503506583627, 53.4933220730929], [-2.35454817080398, 53.49330914802], [-2.35459757838587, 53.4938096060133], [-2.35405299261487, 53.4939434112478], [-2.35380748588113, 53.4935927021679], [-2.35239952175073, 53.4939483214657], [-2.35283097875967, 53.4958022791085], [-2.35142324261838, 53.4960050662592], [-2.35045422095173, 53.4965791496869], [-2.34828135143968, 53.4967977605776], [-2.34514569556084, 53.4964531547429], [-2.3427219369693, 53.4959001701256], [-2.34220342068062, 53.4955277595514], [-2.33936338745976, 53.4983367444175], [-2.33776828181321, 53.4981201481839], [-2.3375556656843, 53.4960102188115], [-2.33706809438647, 53.495741935039], [-2.3292943754094, 53.4974896438216]]]}, "properties": {"WD24CD": "E05013024"}}, {"type": "Feature", "geometry": {"type": "Polygon", "coordinates": [[[-2.36212078314205, 53.4716992372086], [-2.36907469600764, 53.4692655018907], [-2.37712170280825, 53.4665195168017], [-2.37994970506734, 53.4652431434264], [-2.38621254736296, 53.4633839283615], [-2.39325289250105, 53.4601564840626], [-2.39777201595699, 53.4575005696667], [-2.40102366283283, 53.4551257075191], [-2.4054940025591, 53.4510863669109], [-2.40745724100412, 53.4488022427491], [-2.40956525390683, 53.4457350937527], [-2.41171891725742, 53.4462616329264], [-2.41238617426852, 53.4455195228231], [-2.41636824375118, 53.4438069311201], [-2.41676824691951, 53.4460131916005], [-2.41842038492867, 53.4476079416645], [-2.41795295316484, 53.4484057497175], [-2.41841019903413, 53.4488414995223], [-2.41954425052092, 53.4489235123412], [-2.41961954563149, 53.4495539462431], [-2.42319969008305, 53.4519320028853], [-2.42173755120687, 53.4528398807002], [-2.4227840274125, 53.4531939630195], [-2.42461843391675, 53.4529924004823], [-2.42469910609402, 53.4535318745714], [-2.42408482331363, 53.4540175628859], [-2.42494909758821, 53.4546228368401], [-2.42323895451897, 53.4556026788571], [-2.42321727149656, 53.455984386775], [-2.43069634978961, 53.4652119642939], [-2.43562616121816, 53.4698922290441], [-2.43612585066978, 53.4718976064819], [-2.3962188746881, 53.4794354416473], [-2.39181254452003, 53.4823263439271], [-2.38140716555746, 53.4860264679218], [-2.37667723809522, 53.4876064122163], [-2.37605235089058, 53.4855457294782], [-2.3756360325772, 53.4802162150018], [-2.37363558975349, 53.4764061096736], [-2.36751370781263, 53.477428377347], [-2.36376415190997, 53.4792784752351], [-2.36225162566759, 53.478945175445], [-2.3597762095048, 53.4773617009583], [-2.36010618899084, 53.4772121490251], [-2.35832640789083, 53.4747937197986], [-2.35778070851285, 53.4749542792555], [-2.35735007569468, 53.4745358058369], [-2.35834048329275, 53.4743355292736], [-2.35813840321118, 53.4739703630952], [-2.36066405917912, 53.4731356730119], [-2.36182595000946, 53.473215435521], [-2.36279339574466, 53.4723560026525], [-2.36212078314205, 53.4716992372086]]]}, "properties": {"WD24CD": "E05013025"}}, {"type": "Feature", "geometry": {"type": "Polygon", "coordinates": [[[-2.25696583528548, 53.5179457842999], [-2.25023419641923, 53.5163043784818], [-2.24691548816833, 53.5143239584045], [-2.2452274841905, 53.5121567069379], [-2.24647271104375, 53.5115896493159], [-2.24657415977823, 53.510884763796], [-2.24808100035616, 53.50942098264], [-2.24921261239367, 53.5095310411665], [-2.25032710829299, 53.50804917899], [-2.25079843733338, 53.5076981228448], [-2.25352967763269, 53.5081076215674], [-2.25706716968412, 53.507262500346], [-2.25678402996934, 53.5067536939826], [-2.26059398231393, 53.506019381522], [-2.26244124863081, 53.5090623556663], [-2.26281616454205, 53.5084934491997], [-2.26469489521152, 53.5084884256451], [-2.26633387697065, 53.5094447619845], [-2.26993993125021, 53.5100219080847], [-2.27170819266215, 53.5099289971786], [-2.27387614499929, 53.5091583446229], [-2.27553222318689, 53.5071321483239], [-2.27616619626284, 53.5056116494612], [-2.27547366941929, 53.5034550949941], [-2.27556792094965, 53.5019457981733], [-2.27712063724646, 53.5007638548245], [-2.27884252065529, 53.5003320004805], [-2.2813068449939, 53.5006913121357], [-2.28441932840449, 53.5016988192867], [-2.28857457860333, 53.5037265942216], [-2.29037768593228, 53.5054894188618], [-2.2904110858774, 53.5072852389165], [-2.29039999198451, 53.5109578473224], [-2.29079629439424, 53.5120211674558], [-2.28952111273196, 53.512766644102], [-2.28509907793777, 53.5135736053432], [-2.28253135941439, 53.5152424525916], [-2.28054167221758, 53.5158591921363], [-2.27934289997168, 53.5158880222802], [-2.27446754334286, 53.5164187280991], [-2.27157410681021, 53.5174948330964], [-2.2707164276302, 53.5173161372134], [-2.25901527168095, 53.5184196027286], [-2.25856495275855, 53.5180251063517], [-2.25696583528548, 53.5179457842999]]]}, "properties": {"WD24CD": "E05013026"}}, {"type": "Feature", "geometry": {"type": "Polygon", "coordinates": [[[-2.43566340150487, 53.5419669005374], [-2.4296496398315, 53.5412908738595], [-2.42543566069731, 53.54121242053], [-2.42143806600071, 53.54073301975], [-2.42144068649554, 53.5409972776957], [-2.41289559977024, 53.5388535992851], [-2.41028959422622, 53.5385173898797], [-2.42140066329375, 53.5337610264605], [-2.42382443336239, 53.5311001242794], [-2.41578878281071, 53.5281108125406], [-2.41301085003796, 53.5274454242037], [-2.41385558098498, 53.5260435771704], [-2.41088796032323, 53.524557712386], [-2.41242023491024, 53.5228247448563], [-2.41297169874292, 53.5213659175146], [-2.41077284775598, 53.5197345680412], [-2.42149382502995, 53.5210231732761], [-2.42163691605794, 53.5199278653077], [-2.42719709483544, 53.5215596893317], [-2.44642945318408, 53.5247004046863], [-2.4541130617134, 53.526222023571], [-2.4510972318287, 53.5286053938643], [-2.44812767923071, 53.5281069382997], [-2.44780750203621, 53.5293700804273], [-2.44460738061174, 53.5309252617895], [-2.44435893168647, 53.5315408901362], [-2.44310913547112, 53.5323508932472], [-2.44246653887022, 53.5336700186913], [-2.44200921404369, 53.533654630646], [-2.44147634118499, 53.5343549495443], [-2.44124934318136, 53.5351620607489], [-2.44196262653498, 53.536140032856], [-2.44098119877542, 53.5386980622882], [-2.43810076425207, 53.5400379376623], [-2.43714722764451, 53.5422534885234], [-2.43566340150487, 53.5419669005374]]]}, "properties": {"WD24CD": "E05013027"}}, {"type": "Feature", "geometry": {"type": "Polygon", "coordinates": [[[-2.26960852988509, 53.4834613277744], [-2.26763981060251, 53.4831099282139], [-2.25510735617896, 53.4835145393907], [-2.25304354048338, 53.4818045529171], [-2.25578656639411, 53.4806125024319], [-2.26011265810764, 53.4778385475205], [-2.26267797745855, 53.4767328174436], [-2.26331947759857, 53.475689734561], [-2.26332302337559, 53.4756804421724], [-2.2651587368217, 53.4759847868847], [-2.26846049976835, 53.4735044275215], [-2.27064682811591, 53.4725998333508], [-2.27832231576262, 53.4680824219105], [-2.2811851919413, 53.4681278190573], [-2.28034257190499, 53.4714038968398], [-2.28242571439528, 53.4717681073909], [-2.28230005793814, 53.4732619287387], [-2.28311744396463, 53.4768791564272], [-2.2864787852518, 53.4757941690483], [-2.28809037594875, 53.4761879362091], [-2.28783390306041, 53.4779084490331], [-2.28689090259582, 53.479018108182], [-2.28758452830583, 53.4791101386565], [-2.28740438161277, 53.4795877834789], [-2.28225116102369, 53.4789531357371], [-2.28132361892603, 53.479164586508], [-2.28091339256907, 53.4798361928916], [-2.281231295485, 53.4800570711229], [-2.27920489171617, 53.4810289191417], [-2.27689641337308, 53.4831474074154], [-2.2759972167961, 53.4855627300106], [-2.26960852988509, 53.4834613277744]]]}, "properties": {"WD24CD": "E05013028"}}, {"type": "Feature", "geometry": {"type": "Polygon", "coordinates": [[[-2.33819354516769, 53.5336141394934], [-2.33520653781518, 53.5313468206485], [-2.32836038309956, 53.5295834334737], [-2.32678920621387, 53.5284975149776], [-2.3245170315486, 53.5272678216916], [-2.32312912128585, 53.5270531360946], [-2.31945860261919, 53.527005479587], [-2.31226715979781, 53.5275313125324], [-2.31047252571556, 53.5271872431388], [-2.30286370479433, 53.5218748779604], [-2.30207051289373, 53.5203974734934], [-2.30259746088201, 53.5177265833636], [-2.30225967656347, 53.5170874729619], [-2.29769658493889, 53.515655304432], [-2.29598114828292, 53.5157629623504], [-2.29435441555725, 53.5154110270667], [-2.29174185296135, 53.5140151601734], [-2.29079629439424, 53.5120211674558], [-2.29039999198451, 53.5109578473224], [-2.2904110858774, 53.5072852389165], [-2.29474004427739, 53.5075002821377], [-2.29596265893457, 53.5079271495559], [-2.29692850218997, 53.5073277837496], [-2.29348811843503, 53.5016139264522], [-2.29557950570202, 53.5011433765961], [-2.29817263288521, 53.5025624419356], [-2.30293102177371, 53.5037264704743], [-2.30273007270784, 53.5039728467771], [-2.30610388806498, 53.5058132444596], [-2.31037113517001, 53.5092736068874], [-2.31326226185346, 53.5081044255876], [-2.31471963048348, 53.5091196413623], [-2.31764241971956, 53.510218340131], [-2.31869680826371, 53.50905429872], [-2.3189907230973, 53.5077844679994], [-2.31951848467333, 53.507834155198], [-2.32001496304537, 53.5082911911076], [-2.32184175218277, 53.5088085238184], [-2.32089681736005, 53.5098671747238], [-2.32140389405076, 53.5107188299099], [-2.32263557855476, 53.5102912805414], [-2.32384355825817, 53.5107221079381], [-2.32358612648186, 53.5109736015263], [-2.32523743109889, 53.5113807468451], [-2.32420000335863, 53.512675443483], [-2.33279144598193, 53.5140751800449], [-2.33768606930631, 53.5149162825161], [-2.33316166143101, 53.5191087348138], [-2.33450700522417, 53.5206582727537], [-2.34714122602198, 53.5244958668211], [-2.34716605393619, 53.5248084698822], [-2.35438448810473, 53.5246731028151], [-2.35438848105194, 53.5262406589831], [-2.35077384373853, 53.5296632961193], [-2.35353604841697, 53.5302204674858], [-2.35342342314696, 53.53063252918], [-2.35295244438369, 53.530596104288], [-2.35275716722058, 53.531256506789], [-2.35324947782243, 53.5313143447554], [-2.35275710424219, 53.5323278727183], [-2.35465249008964, 53.5327500222517], [-2.35386855354785, 53.5339136701469], [-2.35268382555787, 53.5336906793381], [-2.35212561742113, 53.5342262506307], [-2.35376516902477, 53.5347202402067], [-2.35369556560839, 53.5350565922528], [-2.35218399307079, 53.5350871454989], [-2.3514230465633, 53.5357509044643], [-2.34863250362962, 53.5356647522983], [-2.34798392656485, 53.5360522065117], [-2.34883268741474, 53.5367157179424], [-2.34860920945236, 53.5372421911158], [-2.34592821065474, 53.537453061196], [-2.3418896156593, 53.5364176543406], [-2.33819354516769, 53.5336141394934]]]}, "properties": {"WD24CD": "E05013029"}}, {"type": "Feature", "geometry": {"type": "Polygon", "coordinates": [[[-2.26469489521152, 53.5084884256451], [-2.26504441510578, 53.5079591963553], [-2.2688861401042, 53.5062419269733], [-2.27079337351516, 53.5045730549866], [-2.2715605224017, 53.5016977542043], [-2.27005378157312, 53.4973309672467], [-2.26995089001175, 53.4934743249279], [-2.26829460550574, 53.4908911032515], [-2.26879488366152, 53.4874925605727], [-2.27005408215287, 53.4852255836678], [-2.26903678237531, 53.4837717968135], [-2.26960852988509, 53.4834613277744], [-2.2759972167961, 53.4855627300106], [-2.27689641337308, 53.4831474074154], [-2.27920489171617, 53.4810289191417], [-2.281231295485, 53.4800570711229], [-2.28091339256907, 53.4798361928916], [-2.28132361892603, 53.479164586508], [-2.28225116102369, 53.4789531357371], [-2.28740438161277, 53.4795877834789], [-2.28869702249498, 53.4797674134387], [-2.28879141818383, 53.4795321241523], [-2.29201513308541, 53.4802161259413], [-2.29210351326202, 53.4799816528237], [-2.29294637276953, 53.480091634071], [-2.29286900609216, 53.4803230149669], [-2.29496030670373, 53.4806169692038], [-2.29463645610398, 53.4816131585496], [-2.29011122852591, 53.4810197683884], [-2.28945356257409, 53.4834364305305], [-2.29031587836011, 53.4836020073006], [-2.29011336709035, 53.4875383652233], [-2.29061111702901, 53.4876795681829], [-2.29243417991815, 53.4901641907518], [-2.29499456370476, 53.4899003870907], [-2.2951391462254, 53.4920140210902], [-2.30191068854989, 53.4918896117794], [-2.30180466714112, 53.4948011966022], [-2.29847168779877, 53.4956301730245], [-2.29551728747194, 53.4939152299029], [-2.29499811855028, 53.4942508614294], [-2.29371388361256, 53.4935824872169], [-2.29290627141161, 53.4938966640061], [-2.2932873499023, 53.4940474207083], [-2.29119784768122, 53.494563020758], [-2.29203183208318, 53.4950992438201], [-2.29172591004658, 53.4954042947234], [-2.29500542675354, 53.4980960206377], [-2.293682726494, 53.4986471196384], [-2.29557950570202, 53.5011433765961], [-2.29348811843503, 53.5016139264522], [-2.29692850218997, 53.5073277837496], [-2.29596265893457, 53.5079271495559], [-2.29474004427739, 53.5075002821377], [-2.2904110858774, 53.5072852389165], [-2.29037768593228, 53.5054894188618], [-2.28857457860333, 53.5037265942216], [-2.28441932840449, 53.5016988192867], [-2.2813068449939, 53.5006913121357], [-2.27884252065529, 53.5003320004805], [-2.27712063724646, 53.5007638548245], [-2.27556792094965, 53.5019457981733], [-2.27547366941929, 53.5034550949941], [-2.27616619626284, 53.5056116494612], [-2.27553222318689, 53.5071321483239], [-2.27387614499929, 53.5091583446229], [-2.27170819266215, 53.5099289971786], [-2.26993993125021, 53.5100219080847], [-2.26633387697065, 53.5094447619845], [-2.26469489521152, 53.5084884256451]]]}, "properties": {"WD24CD": "E05013030"}}, {"type": "Feature", "geometry": {"type": "Polygon", "coordinates": [[[-2.29496030670373, 53.4806169692038], [-2.29286900609216, 53.4803230149669], [-2.29294637276953, 53.480091634071], [-2.29210351326202, 53.4799816528237], [-2.29201513308541, 53.4802161259413], [-2.28879141818383, 53.4795321241523], [-2.28869702249498, 53.4797674134387], [-2.28740438161277, 53.4795877834789], [-2.28758452830583, 53.4791101386565], [-2.28689090259582, 53.479018108182], [-2.28783390306041, 53.4779084490331], [-2.28809037594875, 53.4761879362091], [-2.2864787852518, 53.4757941690483], [-2.28311744396463, 53.4768791564272], [-2.28230005793814, 53.4732619287387], [-2.28242571439528, 53.4717681073909], [-2.28034257190499, 53.4714038968398], [-2.2811851919413, 53.4681278190573], [-2.27832231576262, 53.4680824219105], [-2.27064682811591, 53.4725998333508], [-2.26846049976835, 53.4735044275215], [-2.2651587368217, 53.4759847868847], [-2.26332302337559, 53.4756804421724], [-2.26405569226559, 53.4736378404719], [-2.26532011730774, 53.4727290175143], [-2.2708003969945, 53.4706989081027], [-2.27850204439142, 53.4656728322699], [-2.28125938278333, 53.46486196207], [-2.2838095163146, 53.465311626118], [-2.30044734642131, 53.4713768627183], [-2.30440355404355, 53.4730953548052], [-2.30352669280639, 53.4739290752139], [-2.30178620164353, 53.4738821996146], [-2.30237725738501, 53.4752182641764], [-2.30062647112164, 53.4760666608445], [-2.29965135761182, 53.4797773793903], [-2.30023583351515, 53.4798878753302], [-2.29973711991676, 53.4812302833149], [-2.29496030670373, 53.4806169692038]]]}, "properties": {"WD24CD": "E05013031"}}, {"type": "Feature", "geometry": {"type": "Polygon", "coordinates": [[[-2.33279144598193, 53.5140751800449], [-2.33409410129422, 53.5119497706274], [-2.33724362051989, 53.5085198097972], [-2.33718243390757, 53.5073071846796], [-2.33949961039848, 53.5065372108627], [-2.33945240709183, 53.5062729727971], [-2.34396136241338, 53.5048887373544], [-2.35412054903834, 53.5078510722587], [-2.36305214949266, 53.511482363716], [-2.369876195486, 53.512951507821], [-2.36885182844126, 53.5172502588177], [-2.36649669989013, 53.5201032807402], [-2.36186460499699, 53.5229057581868], [-2.35812773881532, 53.5240703758097], [-2.35438448810473, 53.5246731028151], [-2.34716605393619, 53.5248084698822], [-2.34714122602198, 53.5244958668211], [-2.33450700522417, 53.5206582727537], [-2.33316166143101, 53.5191087348138], [-2.33768606930631, 53.5149162825161], [-2.33279144598193, 53.5140751800449]]]}, "properties": {"WD24CD": "E05013032"}}, {"type": "Feature", "geometry": {"type": "Polygon", "coordinates": [[[-2.30293102177371, 53.5037264704743], [-2.30356621060932, 53.503246643291], [-2.30491385117806, 53.5033807436547], [-2.30700222351813, 53.5028020137382], [-2.30692484401424, 53.5025172738603], [-2.30867069886488, 53.5016983918497], [-2.31038173055984, 53.502302474975], [-2.31621916184185, 53.5029892083488], [-2.32630634779995, 53.502310246123], [-2.32625219812831, 53.5005648792158], [-2.32754668222486, 53.4997181672057], [-2.3292943754094, 53.4974896438216], [-2.33706809438647, 53.495741935039], [-2.3375556656843, 53.4960102188115], [-2.33776828181321, 53.4981201481839], [-2.33936338745976, 53.4983367444175], [-2.34220342068062, 53.4955277595514], [-2.3427219369693, 53.4959001701256], [-2.34514569556084, 53.4964531547429], [-2.34828135143968, 53.4967977605776], [-2.35045422095173, 53.4965791496869], [-2.35142324261838, 53.4960050662592], [-2.35283097875967, 53.4958022791085], [-2.35201946999501, 53.4970109563753], [-2.35190443586414, 53.499331196932], [-2.35140808726041, 53.4994611654765], [-2.35059110392682, 53.5012999467733], [-2.34840108237481, 53.5017225321051], [-2.3479838713281, 53.5026874089171], [-2.34834170633711, 53.5034880843848], [-2.34396136241338, 53.5048887373544], [-2.33945240709183, 53.5062729727971], [-2.33949961039848, 53.5065372108627], [-2.33718243390757, 53.5073071846796], [-2.33724362051989, 53.5085198097972], [-2.33409410129422, 53.5119497706274], [-2.33279144598193, 53.5140751800449], [-2.32420000335863, 53.512675443483], [-2.32523743109889, 53.5113807468451], [-2.32358612648186, 53.5109736015263], [-2.32384355825817, 53.5107221079381], [-2.32263557855476, 53.5102912805414], [-2.32140389405076, 53.5107188299099], [-2.32089681736005, 53.5098671747238], [-2.32184175218277, 53.5088085238184], [-2.32001496304537, 53.5082911911076], [-2.31951848467333, 53.507834155198], [-2.3189907230973, 53.5077844679994], [-2.31869680826371, 53.50905429872], [-2.31764241971956, 53.510218340131], [-2.31471963048348, 53.5091196413623], [-2.31326226185346, 53.5081044255876], [-2.31037113517001, 53.5092736068874], [-2.30610388806498, 53.5058132444596], [-2.30273007270784, 53.5039728467771], [-2.30293102177371, 53.5037264704743]]]}, "properties": {"WD24CD": "E05013033"}}, {"type": "Feature", "geometry": {"type": "Polygon", "coordinates": [[[-2.39366040412959, 53.5365152897845], [-2.38989125365688, 53.5334532103407], [-2.38538078442913, 53.5315245633387], [-2.37045494484181, 53.5288331340299], [-2.36859395539617, 53.5282016331197], [-2.36806572148485, 53.5292063543068], [-2.35438848105194, 53.5262406589831], [-2.35438448810473, 53.5246731028151], [-2.35812773881532, 53.5240703758097], [-2.36186460499699, 53.5229057581868], [-2.36649669989013, 53.5201032807402], [-2.3751955273234, 53.5224222088167], [-2.37819271034516, 53.5229465851968], [-2.38249967286627, 53.5231971171238], [-2.38642468276833, 53.5230568943646], [-2.3908321263586, 53.5224098361678], [-2.39446558783018, 53.5225704644029], [-2.41301085003796, 53.5274454242037], [-2.41578878281071, 53.5281108125406], [-2.42382443336239, 53.5311001242794], [-2.42140066329375, 53.5337610264605], [-2.41028959422622, 53.5385173898797], [-2.4087726701273, 53.5383087024676], [-2.40229511151836, 53.5384743389724], [-2.40228834905951, 53.538718861931], [-2.3998363765782, 53.5385472709333], [-2.39613579452537, 53.5376625465714], [-2.39366040412959, 53.5365152897845]]]}, "properties": {"WD24CD": "E05013034"}}, {"type": "Feature", "geometry": {"type": "Polygon", "coordinates": [[[-2.36649669989013, 53.5201032807402], [-2.36885182844126, 53.5172502588177], [-2.369876195486, 53.512951507821], [-2.37526347444852, 53.5135594003594], [-2.3786916119867, 53.5136106738835], [-2.38657258709308, 53.5129616740128], [-2.39208008686141, 53.5118682140381], [-2.39226442967249, 53.5120600915678], [-2.4030281586582, 53.5121938466973], [-2.40390697616559, 53.5119994987282], [-2.41534848196211, 53.5120449283123], [-2.41575748270203, 53.5134780923186], [-2.41453919482293, 53.5148934289638], [-2.41827180479178, 53.5181198529143], [-2.42163691605794, 53.5199278653077], [-2.42149382502995, 53.5210231732761], [-2.41077284775598, 53.5197345680412], [-2.41297169874292, 53.5213659175146], [-2.41242023491024, 53.5228247448563], [-2.41088796032323, 53.524557712386], [-2.41385558098498, 53.5260435771704], [-2.41301085003796, 53.5274454242037], [-2.39446558783018, 53.5225704644029], [-2.3908321263586, 53.5224098361678], [-2.38642468276833, 53.5230568943646], [-2.38249967286627, 53.5231971171238], [-2.37819271034516, 53.5229465851968], [-2.3751955273234, 53.5224222088167], [-2.36649669989013, 53.5201032807402]]]}, "properties": {"WD24CD": "E05013035"}}, {"type": "Feature", "geometry": {"type": "Polygon", "coordinates": [[[-2.30191068854989, 53.4918896117794], [-2.2951391462254, 53.4920140210902], [-2.29499456370476, 53.4899003870907], [-2.29243417991815, 53.4901641907518], [-2.29061111702901, 53.4876795681829], [-2.29011336709035, 53.4875383652233], [-2.29031587836011, 53.4836020073006], [-2.28945356257409, 53.4834364305305], [-2.29011122852591, 53.4810197683884], [-2.29463645610398, 53.4816131585496], [-2.29496030670373, 53.4806169692038], [-2.29973711991676, 53.4812302833149], [-2.30023583351515, 53.4798878753302], [-2.29965135761182, 53.4797773793903], [-2.30062647112164, 53.4760666608445], [-2.30237725738501, 53.4752182641764], [-2.30178620164353, 53.4738821996146], [-2.30352669280639, 53.4739290752139], [-2.30440355404355, 53.4730953548052], [-2.31634823209477, 53.4786964031993], [-2.31920313273669, 53.4796514391214], [-2.32400756852191, 53.4803619896056], [-2.32946689531268, 53.4799946373209], [-2.32971360157401, 53.4805216117011], [-2.3302479045751, 53.4806450334572], [-2.33073631936041, 53.482028267293], [-2.33074094163936, 53.4836000594113], [-2.33032910731082, 53.4839256886799], [-2.33105401167735, 53.4843317256417], [-2.33061766150001, 53.4855814553208], [-2.32976289387675, 53.4859289822783], [-2.32976918570701, 53.4865491777472], [-2.33039382767036, 53.4868395774729], [-2.32997811096981, 53.4878393459536], [-2.32873447499415, 53.488765025624], [-2.32532697075198, 53.4891062716713], [-2.3175526460373, 53.4893320344684], [-2.31307492936106, 53.4915485241591], [-2.30943062080707, 53.4923663928372], [-2.30637323796158, 53.4924795324965], [-2.30191068854989, 53.4918896117794]]]}, "properties": {"WD24CD": "E05013036"}}, {"type": "Feature", "geometry": {"type": "Polygon", "coordinates": [[[-2.34396136241338, 53.5048887373544], [-2.34834170633711, 53.5034880843848], [-2.3479838713281, 53.5026874089171], [-2.34840108237481, 53.5017225321051], [-2.35059110392682, 53.5012999467733], [-2.35140808726041, 53.4994611654765], [-2.35190443586414, 53.499331196932], [-2.35201946999501, 53.4970109563753], [-2.35283097875967, 53.4958022791085], [-2.35239952175073, 53.4939483214657], [-2.35380748588113, 53.4935927021679], [-2.35405299261487, 53.4939434112478], [-2.35459757838587, 53.4938096060133], [-2.35454817080398, 53.49330914802], [-2.35503506583627, 53.4933220730929], [-2.35634433441973, 53.4937001521479], [-2.35686981547162, 53.493577291777], [-2.35791759268301, 53.49418897695], [-2.3566403374997, 53.4920624798281], [-2.35803027641907, 53.4920870616414], [-2.36658177423572, 53.4903297274162], [-2.37008779471643, 53.4899693689084], [-2.36969428311795, 53.4898131092305], [-2.37667723809522, 53.4876064122163], [-2.38140716555746, 53.4860264679218], [-2.38176230093424, 53.486381698024], [-2.37913060244351, 53.4887978997116], [-2.38077542955913, 53.488808226329], [-2.38103960534889, 53.4890240101188], [-2.38067338671849, 53.4891941611773], [-2.38129181240467, 53.4896011312985], [-2.38014331556292, 53.4903995911522], [-2.37886757413818, 53.4907330330861], [-2.38284637349358, 53.4940342518559], [-2.38400248793012, 53.495540861554], [-2.38469324430562, 53.4978331184166], [-2.38429887289179, 53.4999181508276], [-2.38210249906349, 53.5026491289893], [-2.37369742474374, 53.5083214400317], [-2.37310965368099, 53.5073957084685], [-2.37064770686245, 53.5053670117999], [-2.37051881975576, 53.50687448943], [-2.36946350078567, 53.5082582761895], [-2.37031220110038, 53.5089103647862], [-2.37010040387464, 53.509884419017], [-2.37152194986748, 53.5100328575687], [-2.369876195486, 53.512951507821], [-2.36305214949266, 53.511482363716], [-2.35412054903834, 53.5078510722587], [-2.34396136241338, 53.5048887373544]]]}, "properties": {"WD24CD": "E05013037"}}, {"type": "Feature", "geometry": {"type": "Polygon", "coordinates": [[[-2.12405466770723, 53.5890529126272], [-2.12584468713238, 53.5864979727422], [-2.13671738242797, 53.5830839084162], [-2.13691298002972, 53.5832967375275], [-2.14675537668961, 53.5837470095125], [-2.15658638842001, 53.5822874619783], [-2.15834001956293, 53.5822923396244], [-2.15737403339022, 53.5845056403263], [-2.15743888759508, 53.586497335075], [-2.15842442625257, 53.5878829821578], [-2.1636543279941, 53.5925777138699], [-2.16592258335468, 53.5957860774759], [-2.16698235090401, 53.5986230957703], [-2.1658579966073, 53.6001203346262], [-2.16481020767766, 53.5999617506067], [-2.15808536583619, 53.6022107135475], [-2.15804040893311, 53.6031383698228], [-2.15648856705683, 53.6034087281889], [-2.15632030025078, 53.602829383255], [-2.15222975738492, 53.6040408696009], [-2.14756541291984, 53.6075910731045], [-2.14596380305355, 53.6020455410618], [-2.14549380533147, 53.5985352169155], [-2.14220555698507, 53.5988808169723], [-2.14018655894247, 53.5997154632012], [-2.1387764895356, 53.5996461231448], [-2.13606537087052, 53.5961009678966], [-2.13339800918259, 53.5951650803829], [-2.131861809614, 53.5935874974128], [-2.13400607818679, 53.5930436473283], [-2.13228079132695, 53.5918475993006], [-2.13328680364814, 53.5913161689172], [-2.13238905671152, 53.5907257376158], [-2.13033602049102, 53.5917239037885], [-2.1285549939227, 53.59129215069], [-2.12843250382943, 53.5907592758025], [-2.12783807406142, 53.590934961813], [-2.12598875534208, 53.5902194379654], [-2.12405466770723, 53.5890529126272]]]}, "properties": {"WD24CD": "E05014033"}}, {"type": "Feature", "geometry": {"type": "Polygon", "coordinates": [[[-2.16626929875561, 53.6144128507448], [-2.16744713162855, 53.6140375877104], [-2.16897999429343, 53.6148737832481], [-2.16977347205406, 53.6148600773293], [-2.1724961764201, 53.6130872532125], [-2.17351579926076, 53.6118424578929], [-2.17399571272996, 53.6103399041635], [-2.1730911491922, 53.6096205137425], [-2.17359350718454, 53.6082872745136], [-2.17201737247146, 53.6087120047167], [-2.17193246713082, 53.6075315187799], [-2.17101745674523, 53.6072210305164], [-2.16560330205047, 53.6073690030098], [-2.16830707882294, 53.6053246575053], [-2.17323276403638, 53.603611674675], [-2.17638647080387, 53.6021131829979], [-2.18856267248732, 53.6026608462178], [-2.19087288098642, 53.6022644093829], [-2.1921344452529, 53.601533376084], [-2.19255658299775, 53.6016469036446], [-2.19313955529335, 53.6012656867359], [-2.19545400698131, 53.6024331164592], [-2.19514326918486, 53.6028929742166], [-2.19625063804314, 53.6034744206333], [-2.20000717018274, 53.6043755919862], [-2.20331288919568, 53.60389273104], [-2.20274838184434, 53.6015859935608], [-2.2033871635389, 53.599930283766], [-2.20447666555257, 53.6000237389758], [-2.20643599662794, 53.6013993157068], [-2.2072877584524, 53.601530255281], [-2.20849281390326, 53.6013067038969], [-2.20958803550728, 53.6002203478534], [-2.2106030079531, 53.5999868350788], [-2.21117809066832, 53.6002455131911], [-2.21162876211321, 53.6019113255121], [-2.21396868416711, 53.6022022369207], [-2.21543643696137, 53.6032572096611], [-2.2215269198322, 53.6006816556403], [-2.22525076028712, 53.601381857903], [-2.22534278458806, 53.6026259344666], [-2.22749885978818, 53.60350426452], [-2.22649563478891, 53.6043137644519], [-2.22439117395732, 53.6048525359531], [-2.22237160493373, 53.6067637815366], [-2.22240857151885, 53.6090490211448], [-2.22585754750061, 53.6115116425167], [-2.22598866067723, 53.6132350785312], [-2.22456133294267, 53.6141241547953], [-2.22498670178171, 53.6148750407657], [-2.22333332033373, 53.6153244743172], [-2.22375543377132, 53.6161872385163], [-2.22214252759527, 53.6163146728311], [-2.22133470888209, 53.6167596493999], [-2.22170202497739, 53.6179741111393], [-2.22141271990233, 53.6183520622382], [-2.21990046403747, 53.6176455638079], [-2.21877794132588, 53.6178666365787], [-2.21713954155806, 53.6184632128685], [-2.21568276117001, 53.6202382787292], [-2.207631828442, 53.6195800924135], [-2.20256286695916, 53.62046923364], [-2.20107545848796, 53.6212609112818], [-2.20041648976985, 53.6205017731576], [-2.19895163303474, 53.6211990217665], [-2.19709029684472, 53.6192356656026], [-2.19357746761189, 53.6190777466368], [-2.19420180935573, 53.6206191034067], [-2.1939712461757, 53.6210013133719], [-2.19487405550242, 53.6217138585571], [-2.19448282003781, 53.621573759164], [-2.19377100678402, 53.6219562156444], [-2.19230572358952, 53.6220651171454], [-2.19164288963191, 53.6202805549454], [-2.18793785371632, 53.6205277779162], [-2.18840589654248, 53.6195432769565], [-2.18814401673048, 53.6184475732515], [-2.18892010090159, 53.6180350455126], [-2.19169739714605, 53.6178679312106], [-2.19221950528398, 53.6175952870084], [-2.19300469994951, 53.6169723027116], [-2.19240516621093, 53.6161069826885], [-2.18848831719753, 53.6165010742452], [-2.18793312406485, 53.6155568348484], [-2.18900090969602, 53.6152146740456], [-2.18809763406555, 53.6144121912843], [-2.18634299014474, 53.6147184765288], [-2.18518602207545, 53.613027339164], [-2.18207461502891, 53.6132213278611], [-2.17989389219223, 53.6152041170292], [-2.179692094979, 53.6159513446528], [-2.17828595545129, 53.6159118373098], [-2.17781086374782, 53.6161669133846], [-2.17758543300686, 53.6157965734885], [-2.17669231979328, 53.6157865735535], [-2.17661600973174, 53.6152144045213], [-2.1746036959016, 53.6152367794589], [-2.17284885973602, 53.6159740329785], [-2.17212692037581, 53.6154590607326], [-2.17020525595749, 53.6161484287399], [-2.1694074682844, 53.615634986374], [-2.16908976237636, 53.6159087695377], [-2.16649903144455, 53.6153873179737], [-2.16626929875561, 53.6144128507448]]]}, "properties": {"WD24CD": "E05014034"}}, {"type": "Feature", "geometry": {"type": "Polygon", "coordinates": [[[-2.1658579966073, 53.6001203346262], [-2.16698235090401, 53.5986230957703], [-2.16592258335468, 53.5957860774759], [-2.1636543279941, 53.5925777138699], [-2.15842442625257, 53.5878829821578], [-2.15743888759508, 53.586497335075], [-2.15737403339022, 53.5845056403263], [-2.15834001956293, 53.5822923396244], [-2.15658638842001, 53.5822874619783], [-2.15243441038167, 53.5790156328773], [-2.15209508806797, 53.5762639028113], [-2.15247726158564, 53.5760323306907], [-2.15485021925266, 53.5755511453771], [-2.15511461574698, 53.5749661106071], [-2.1572954200522, 53.5747879867236], [-2.15794932125922, 53.574197983122], [-2.16117389181889, 53.5737882691977], [-2.16790536434446, 53.5740263288771], [-2.17058386518523, 53.5736686635025], [-2.17548184740156, 53.5714470172144], [-2.1789136973343, 53.5693816522136], [-2.18125513510839, 53.5700212290485], [-2.18684663382835, 53.5703453642936], [-2.18799123683761, 53.5714663020972], [-2.18949699652734, 53.5717342433832], [-2.19054897660576, 53.5734085832356], [-2.19203971352634, 53.5733624617882], [-2.19410615142077, 53.5739187848014], [-2.19587960622976, 53.5740372315762], [-2.19665899493733, 53.5737456277876], [-2.19847775841238, 53.5737363272428], [-2.19930536393647, 53.5731591633583], [-2.19970451687299, 53.5732098648869], [-2.20236431618977, 53.5786452522658], [-2.19764156007287, 53.5809498553063], [-2.19900681672876, 53.5813809593094], [-2.19808884434737, 53.5839191860555], [-2.1993337131054, 53.5842802268026], [-2.19802323307038, 53.5869277478701], [-2.19726599737974, 53.5885396624367], [-2.19479916694869, 53.5895342101703], [-2.19564830267773, 53.5905367959831], [-2.19404751646229, 53.5916638819834], [-2.19442759951109, 53.5921872206323], [-2.19370065588061, 53.5934431673363], [-2.19082205300556, 53.5933453667677], [-2.19106466725356, 53.5948801877536], [-2.19026441561547, 53.5953245514993], [-2.19136174283706, 53.5960850550926], [-2.18925122489016, 53.596821833926], [-2.19036114158642, 53.5983543784323], [-2.19019930943657, 53.5986593417495], [-2.19273708079827, 53.5994786317267], [-2.19168465327893, 53.6003206690859], [-2.19281235958526, 53.6010703278397], [-2.1921344452529, 53.601533376084], [-2.19087288098642, 53.6022644093829], [-2.18856267248732, 53.6026608462178], [-2.17638647080387, 53.6021131829979], [-2.17323276403638, 53.603611674675], [-2.17221792451244, 53.6026684771615], [-2.16815377952829, 53.601744882378], [-2.1658579966073, 53.6001203346262]]]}, "properties": {"WD24CD": "E05014035"}}, {"type": "Feature", "geometry": {"type": "Polygon", "coordinates": [[[-2.14474228221978, 53.6289965557694], [-2.14525069918338, 53.6281566290998], [-2.14226950907116, 53.6270668931654], [-2.14143695372198, 53.6285517155686], [-2.14057858662434, 53.6289155362607], [-2.13749425331815, 53.6262375228421], [-2.13811308407056, 53.6240751520209], [-2.13963590643091, 53.6228777221569], [-2.13582446510545, 53.6221742902333], [-2.13676626279227, 53.6208674357548], [-2.13714147538552, 53.6209984654641], [-2.13717824780522, 53.6200081710683], [-2.13392516680333, 53.6186609310738], [-2.13344234684281, 53.6181929178026], [-2.13970735551346, 53.6151506414147], [-2.15030108076573, 53.6115300335692], [-2.15413761480471, 53.6105016172087], [-2.15510250324923, 53.6129426283595], [-2.15595415553863, 53.612500895369], [-2.16384275944307, 53.6114846552483], [-2.16293444679519, 53.6147095743218], [-2.16124179667219, 53.617966481926], [-2.15938152141287, 53.6190900028986], [-2.16122395451482, 53.6211140806223], [-2.16328999841353, 53.6214367391644], [-2.16292995872173, 53.6221671340637], [-2.16365627163878, 53.624855846168], [-2.16253073225803, 53.6249961688124], [-2.16184738245296, 53.624307333454], [-2.16129762923258, 53.6244617753949], [-2.16169397670188, 53.6253074787722], [-2.15678721509645, 53.6266119051532], [-2.15624898873638, 53.6262599160819], [-2.15543768059923, 53.6270037530592], [-2.14839458298679, 53.6288638987997], [-2.14639891884135, 53.6292512384721], [-2.14474228221978, 53.6289965557694]]]}, "properties": {"WD24CD": "E05014036"}}, {"type": "Feature", "geometry": {"type": "Polygon", "coordinates": [[[-2.17317777104509, 53.541554604116], [-2.17349046558753, 53.5416233413297], [-2.17503859855474, 53.5397857388681], [-2.17554587828509, 53.5383863576794], [-2.17801446162465, 53.5373409808919], [-2.17981825540166, 53.5346596982404], [-2.18601421381712, 53.5290593976373], [-2.19387727255942, 53.5316400647277], [-2.19354895650882, 53.5325398007219], [-2.19147495476724, 53.53224112355], [-2.18959133297586, 53.5339073366484], [-2.1871546746969, 53.5340390294753], [-2.18591393033307, 53.5406245465351], [-2.19355025477704, 53.5406695033363], [-2.19374361030884, 53.5432741478502], [-2.20006268430904, 53.5434905228558], [-2.19933659361867, 53.5472054759258], [-2.19830931015063, 53.5472170774047], [-2.1948798865721, 53.5483033910924], [-2.18709565939904, 53.5503407598637], [-2.18315689616627, 53.5509107427339], [-2.17953950110744, 53.5506955336371], [-2.17175682425932, 53.5513618987991], [-2.16994110808837, 53.5513834335857], [-2.1694402426419, 53.546159305177], [-2.17074223654634, 53.5445377764037], [-2.1707181306406, 53.5438043060066], [-2.17132780698435, 53.5438034342209], [-2.17317777104509, 53.541554604116]]]}, "properties": {"WD24CD": "E05014037"}}, {"type": "Feature", "geometry": {"type": "Polygon", "coordinates": [[[-2.14454706884473, 53.639642986515], [-2.14523703992308, 53.6390705098297], [-2.14235579985956, 53.6364676376222], [-2.14290614991243, 53.635269180772], [-2.14267474711848, 53.6349977835064], [-2.14200274088569, 53.6350617449534], [-2.14148666469304, 53.6342853842495], [-2.14185542675864, 53.6335315653068], [-2.14130803473915, 53.6329538584716], [-2.14174308571626, 53.6302251831744], [-2.14323746601425, 53.6299357470856], [-2.14474228221978, 53.6289965557694], [-2.14639891884135, 53.6292512384721], [-2.14839458298679, 53.6288638987997], [-2.15543768059923, 53.6270037530592], [-2.15624898873638, 53.6262599160819], [-2.15678721509645, 53.6266119051532], [-2.16169397670188, 53.6253074787722], [-2.16129762923258, 53.6244617753949], [-2.16184738245296, 53.624307333454], [-2.16253073225803, 53.6249961688124], [-2.16295115972088, 53.6256850692688], [-2.16806969750342, 53.6250515023127], [-2.16869264136197, 53.6254359494426], [-2.169376527946, 53.6251781896545], [-2.16975023364349, 53.6254653704805], [-2.17061158605338, 53.6249377947825], [-2.17241858688342, 53.6248053203356], [-2.17309260407576, 53.6252819793593], [-2.17244948174722, 53.625335580159], [-2.17242301413449, 53.62588704209], [-2.17298178817093, 53.6260938609002], [-2.17372512455581, 53.6261399702202], [-2.17414224087569, 53.6255447957981], [-2.17486415485116, 53.6255316072528], [-2.17929638496573, 53.6262243359296], [-2.17979034985021, 53.6268177214149], [-2.17885145419476, 53.6289528522948], [-2.17921630071396, 53.6311904393866], [-2.1806260602082, 53.6327018536757], [-2.18226426207506, 53.6335020539986], [-2.18359296727814, 53.6351061890544], [-2.18576529834005, 53.6352359156291], [-2.18625457568947, 53.636293535855], [-2.18650228716138, 53.636705166455], [-2.18539583912308, 53.6382240918869], [-2.1756838052319, 53.6394826845042], [-2.17410253480587, 53.6392989026255], [-2.17397566119489, 53.6397072088421], [-2.16183498895994, 53.6412845664103], [-2.1613528322883, 53.6413741743364], [-2.16113585213551, 53.6422484490327], [-2.15964010312482, 53.6429224881759], [-2.15849932935349, 53.6430089402911], [-2.15698462123983, 53.6424039627779], [-2.15660160259226, 53.6416914166235], [-2.15577600122471, 53.6414555404386], [-2.1542317174656, 53.6413569595323], [-2.15224312877949, 53.6417161530097], [-2.14955944826137, 53.6411763899098], [-2.14654754781818, 53.6418682437929], [-2.14579150649865, 53.6418058917241], [-2.14535632885292, 53.6414529208787], [-2.14551906613669, 53.6410144650945], [-2.14466620083582, 53.6404944795584], [-2.14454706884473, 53.639642986515]]]}, "properties": {"WD24CD": "E05014038"}}, {"type": "Feature", "geometry": {"type": "Polygon", "coordinates": [[[-2.19802323307038, 53.5869277478701], [-2.1993337131054, 53.5842802268026], [-2.19808884434737, 53.5839191860555], [-2.19900681672876, 53.5813809593094], [-2.19764156007287, 53.5809498553063], [-2.20236431618977, 53.5786452522658], [-2.19970451687299, 53.5732098648869], [-2.19930536393647, 53.5731591633583], [-2.19847775841238, 53.5737363272428], [-2.19665899493733, 53.5737456277876], [-2.19587960622976, 53.5740372315762], [-2.19410615142077, 53.5739187848014], [-2.19203971352634, 53.5733624617882], [-2.19054897660576, 53.5734085832356], [-2.18949699652734, 53.5717342433832], [-2.18799123683761, 53.5714663020972], [-2.18684663382835, 53.5703453642936], [-2.18125513510839, 53.5700212290485], [-2.1789136973343, 53.5693816522136], [-2.18224453047379, 53.5659057835318], [-2.18316710123125, 53.5662737775745], [-2.18661165473725, 53.5639962200544], [-2.18680223209024, 53.5626989176097], [-2.19197703675448, 53.5593357838988], [-2.19524079396686, 53.5578758806758], [-2.1964492350262, 53.5586976946676], [-2.20296995166312, 53.5607700142557], [-2.20470741862877, 53.5641696778059], [-2.20472158003773, 53.5661453465056], [-2.20633451961629, 53.5730572816652], [-2.20915099365723, 53.5734038149432], [-2.21212252901051, 53.5733275866241], [-2.21252091565597, 53.5738652137949], [-2.2258593924927, 53.5698220683294], [-2.2313511896887, 53.5678620286481], [-2.23718817128685, 53.5650983612031], [-2.24268242708484, 53.5615588068712], [-2.24423352087735, 53.5620462025511], [-2.24649079024427, 53.5615777283872], [-2.24717193450864, 53.5618801305117], [-2.24809446994987, 53.563186900261], [-2.24716426383458, 53.5634270373709], [-2.245861163483, 53.565482689179], [-2.24329121590402, 53.5677970032106], [-2.24552443050967, 53.5686032213982], [-2.24512642731232, 53.5702641480317], [-2.24402499377091, 53.5701594700749], [-2.24330452949509, 53.5717042331655], [-2.24669098458976, 53.5736836784707], [-2.25032185214815, 53.5765990953542], [-2.25067861238344, 53.5784346659036], [-2.24567787767957, 53.5789282976453], [-2.24030504288124, 53.5802819323141], [-2.23531009535029, 53.5828377945008], [-2.23066333018217, 53.5868790136149], [-2.22877941065269, 53.5871448723172], [-2.21796743508519, 53.5877287194193], [-2.2094529019072, 53.5894117150276], [-2.20753991542499, 53.5891787626645], [-2.20443977881137, 53.5880363171536], [-2.19802323307038, 53.5869277478701]]]}, "properties": {"WD24CD": "E05014039"}}, {"type": "Feature", "geometry": {"type": "Polygon", "coordinates": [[[-2.11896907747985, 53.610175588658], [-2.11799014783799, 53.6098377963053], [-2.11826791198494, 53.6091706047288], [-2.11691607094675, 53.6089419047474], [-2.11743023245384, 53.6084964292273], [-2.11808241539088, 53.6087915037807], [-2.11942081476532, 53.608015424266], [-2.12054315234398, 53.6072610222382], [-2.11978315229485, 53.6068240946668], [-2.12161072629643, 53.6061845398752], [-2.12068397866434, 53.6045678993281], [-2.11864875021083, 53.6037584959263], [-2.1189305172721, 53.6026118579901], [-2.11813721451319, 53.6018605781632], [-2.11926284388604, 53.6016874949287], [-2.1201540838062, 53.6008335083685], [-2.12080564655316, 53.5985073912573], [-2.12048670033991, 53.5982594335392], [-2.11818510043641, 53.5992529535361], [-2.11765196967027, 53.5983727115023], [-2.11605299987728, 53.5980326419237], [-2.11727443483732, 53.5971637096091], [-2.11582845735721, 53.5968309824485], [-2.11585340816269, 53.5963238382993], [-2.11436835717935, 53.5963475899898], [-2.11392274714184, 53.5967355315309], [-2.11199639505842, 53.5961811702665], [-2.1127133428985, 53.5927724106647], [-2.11835421218243, 53.5926249303884], [-2.12317173278958, 53.5898579266634], [-2.12248632012968, 53.5895296651297], [-2.12291254324304, 53.5890554976668], [-2.12405466770723, 53.5890529126272], [-2.12598875534208, 53.5902194379654], [-2.12783807406142, 53.590934961813], [-2.12843250382943, 53.5907592758025], [-2.1285549939227, 53.59129215069], [-2.13033602049102, 53.5917239037885], [-2.13238905671152, 53.5907257376158], [-2.13328680364814, 53.5913161689172], [-2.13228079132695, 53.5918475993006], [-2.13400607818679, 53.5930436473283], [-2.131861809614, 53.5935874974128], [-2.13339800918259, 53.5951650803829], [-2.13606537087052, 53.5961009678966], [-2.1387764895356, 53.5996461231448], [-2.14018655894247, 53.5997154632012], [-2.14220555698507, 53.5988808169723], [-2.14549380533147, 53.5985352169155], [-2.14596380305355, 53.6020455410618], [-2.14756541291984, 53.6075910731045], [-2.14814433667277, 53.6088999304855], [-2.15030108076573, 53.6115300335692], [-2.13970735551346, 53.6151506414147], [-2.13344234684281, 53.6181929178026], [-2.13219250502718, 53.6183582019719], [-2.13017662585086, 53.6161690924897], [-2.12717858889639, 53.6163228647669], [-2.12735432462963, 53.6141335586631], [-2.12971497286466, 53.6122722778692], [-2.11896907747985, 53.610175588658]]]}, "properties": {"WD24CD": "E05014040"}}, {"type": "Feature", "geometry": {"type": "Polygon", "coordinates": [[[-2.0507343300015, 53.679516103231], [-2.05349518553104, 53.6778916795694], [-2.05485761475015, 53.6756629222492], [-2.05439247390986, 53.6730322438821], [-2.05291768111001, 53.6703167293935], [-2.05220225260185, 53.6694478589358], [-2.04961935627824, 53.6687802190638], [-2.04852378076565, 53.6676894446955], [-2.0448345080463, 53.6654689709065], [-2.03709511574414, 53.6623427412206], [-2.03742912035974, 53.6619211264467], [-2.03651742645756, 53.6610881615308], [-2.03570938831999, 53.659327666018], [-2.03569417488689, 53.6576180696801], [-2.03658638289116, 53.6553132733597], [-2.03960921779017, 53.6519372625534], [-2.03954039028468, 53.6510600196304], [-2.04052655887827, 53.6509177288225], [-2.0396789649841, 53.648982859832], [-2.04070566284156, 53.648377615879], [-2.0415770355009, 53.6454184510791], [-2.04158005921817, 53.6424873391294], [-2.0411427931605, 53.6408453604088], [-2.03692663331961, 53.638197896849], [-2.02999663899538, 53.6361692639832], [-2.02902886719491, 53.6342244576916], [-2.02974622251388, 53.6308366125281], [-2.0308867011242, 53.6292400378947], [-2.03766062630804, 53.628825649541], [-2.04039519651894, 53.6280544512825], [-2.04597834050364, 53.6258243331401], [-2.0508759400303, 53.6248373191882], [-2.05934077765522, 53.6244533464821], [-2.0713973885749, 53.6246562716121], [-2.07530174460104, 53.6241587318731], [-2.07860461614117, 53.6229719908558], [-2.08424221503097, 53.619820576937], [-2.08671325470248, 53.6180328668284], [-2.08804605545327, 53.6163125232132], [-2.08988676178152, 53.6169715584816], [-2.08938865586596, 53.6171187600976], [-2.09044170808315, 53.6180535694869], [-2.08949374149994, 53.6182636668114], [-2.09088172929481, 53.6190590272415], [-2.08905940115551, 53.6194558323361], [-2.08942402437679, 53.6216971959764], [-2.09144778422256, 53.622035636502], [-2.09176684320851, 53.6207768526231], [-2.09398657532381, 53.6216011978331], [-2.09538168762248, 53.6214957866383], [-2.0960665635177, 53.6223318805106], [-2.09568633124636, 53.6227578970667], [-2.09675771935472, 53.6230017755172], [-2.09812569191532, 53.6230801794131], [-2.09994421988344, 53.6220379890965], [-2.1008578329169, 53.6229633660678], [-2.10170931113435, 53.6231674200271], [-2.10355025231758, 53.6232992646417], [-2.10557803138537, 53.6229209437201], [-2.10786263607155, 53.6229350825592], [-2.10780199391103, 53.6234942193302], [-2.10977310990203, 53.6250779328537], [-2.11436279496907, 53.6264883213216], [-2.11633991836899, 53.6262788509881], [-2.11812974341696, 53.626675246608], [-2.11894646153391, 53.6262034160657], [-2.11951968834938, 53.6262963841934], [-2.12321040269297, 53.6231557785274], [-2.12410282483616, 53.6238334455009], [-2.12524106659495, 53.6237459969791], [-2.12570596065536, 53.6240106730253], [-2.11696225213684, 53.6306612160679], [-2.11132624556599, 53.6348037786353], [-2.10649707621959, 53.6373595412594], [-2.10695828235539, 53.6382730370812], [-2.10659034712858, 53.638848809101], [-2.10471760728582, 53.6388744405135], [-2.10358944470643, 53.6393913807167], [-2.10173020253767, 53.6424305492645], [-2.10408709026634, 53.6419795272243], [-2.10708557477969, 53.6420463086173], [-2.1036494204624, 53.6442933240538], [-2.10028846763196, 53.6491819502704], [-2.10239880305205, 53.6495042291562], [-2.10295840635365, 53.6491383812969], [-2.10271349811597, 53.6489004092711], [-2.1035912729064, 53.6490371655811], [-2.10408752764607, 53.6496623016748], [-2.10483331481394, 53.649826886962], [-2.10363085968191, 53.6505803625558], [-2.10329949442542, 53.6515558703277], [-2.10198689698438, 53.6524274973157], [-2.10257694306321, 53.6530390793386], [-2.10436766098283, 53.6533889431343], [-2.10602388697108, 53.6544066990344], [-2.10639267745169, 53.6542239650237], [-2.10688073167959, 53.6545794419865], [-2.10637961426516, 53.6550193696483], [-2.10703282842557, 53.6554637435169], [-2.10967519402342, 53.6562657163136], [-2.11064048574866, 53.6579348597153], [-2.11129504801454, 53.657729292069], [-2.11207427385766, 53.6582795487538], [-2.11386727210533, 53.6571165674295], [-2.11469068499138, 53.6583471442961], [-2.11675979239185, 53.6628759585858], [-2.11348471436776, 53.6638803723981], [-2.11326772932017, 53.6647991607329], [-2.11408829575267, 53.6654437127624], [-2.11683571188837, 53.6656576888805], [-2.11719696551902, 53.6660608699688], [-2.11595749138896, 53.666598693511], [-2.11471827379315, 53.6677854334135], [-2.11413216161656, 53.6676556171248], [-2.11308907220553, 53.6681204412551], [-2.11323383818477, 53.6690424795183], [-2.11397749522511, 53.6697805536246], [-2.11410455089095, 53.6711191129124], [-2.09702219418256, 53.6726222701433], [-2.09607057158284, 53.6715220176194], [-2.09289023797517, 53.6701612634545], [-2.09029729723482, 53.6709268995122], [-2.08978612464067, 53.6707067241942], [-2.08726453572912, 53.6707514015823], [-2.08643187070376, 53.6709576073052], [-2.08611857873866, 53.6719189788656], [-2.08520331718888, 53.6721632197254], [-2.08439952397874, 53.6728882289989], [-2.08373049736395, 53.6760474473557], [-2.08409020915862, 53.6776308782303], [-2.08307752388252, 53.6781042613117], [-2.08045182081638, 53.6783421953011], [-2.07742077946583, 53.6774004707135], [-2.07548732708561, 53.6772543132333], [-2.0733456932543, 53.6775118164612], [-2.07174070123033, 53.6782084740561], [-2.07132550569364, 53.6788594599388], [-2.06182567371541, 53.6828167914822], [-2.06052341412364, 53.6826871242117], [-2.05671364043473, 53.6830520723641], [-2.05622423989906, 53.6831413340131], [-2.05554524877025, 53.682663437061], [-2.05124217318775, 53.6836917577465], [-2.04890190037474, 53.6802268832221], [-2.0507343300015, 53.679516103231]]]}, "properties": {"WD24CD": "E05014041"}}, {"type": "Feature", "geometry": {"type": "Polygon", "coordinates": [[[-2.16626929875561, 53.6144128507448], [-2.16293444679519, 53.6147095743218], [-2.16384275944307, 53.6114846552483], [-2.15595415553863, 53.612500895369], [-2.15510250324923, 53.6129426283595], [-2.15413761480471, 53.6105016172087], [-2.15030108076573, 53.6115300335692], [-2.14814433667277, 53.6088999304855], [-2.14756541291984, 53.6075910731045], [-2.15222975738492, 53.6040408696009], [-2.15632030025078, 53.602829383255], [-2.15648856705683, 53.6034087281889], [-2.15804040893311, 53.6031383698228], [-2.15808536583619, 53.6022107135475], [-2.16481020767766, 53.5999617506067], [-2.1658579966073, 53.6001203346262], [-2.16815377952829, 53.601744882378], [-2.17221792451244, 53.6026684771615], [-2.17323276403638, 53.603611674675], [-2.16830707882294, 53.6053246575053], [-2.16560330205047, 53.6073690030098], [-2.17101745674523, 53.6072210305164], [-2.17193246713082, 53.6075315187799], [-2.17201737247146, 53.6087120047167], [-2.17359350718454, 53.6082872745136], [-2.1730911491922, 53.6096205137425], [-2.17399571272996, 53.6103399041635], [-2.17351579926076, 53.6118424578929], [-2.1724961764201, 53.6130872532125], [-2.16977347205406, 53.6148600773293], [-2.16897999429343, 53.6148737832481], [-2.16744713162855, 53.6140375877104], [-2.16626929875561, 53.6144128507448]]]}, "properties": {"WD24CD": "E05014042"}}, {"type": "Feature", "geometry": {"type": "Polygon", "coordinates": [[[-2.02681574056412, 53.6241671452053], [-2.02937226541487, 53.6217029228969], [-2.02998968977354, 53.6205199213455], [-2.03016450899579, 53.6176724517715], [-2.03264936525876, 53.6151264221061], [-2.03280104635144, 53.6118961120318], [-2.03134571140939, 53.6102246510135], [-2.03482789879628, 53.604423795787], [-2.03553980886706, 53.6046501172008], [-2.03659114651826, 53.6040089702741], [-2.0355281477956, 53.6033711309453], [-2.03582706317256, 53.6029323744633], [-2.04232715727382, 53.6004334478463], [-2.04853083427111, 53.5997723494078], [-2.0538962915771, 53.5983868876132], [-2.05551495065413, 53.5974990266881], [-2.05688071457029, 53.597400456255], [-2.05676246685625, 53.5971065952546], [-2.05595265082126, 53.5971617809402], [-2.05509570196047, 53.5946086736653], [-2.05988208527965, 53.592487003412], [-2.06731799742249, 53.5924085299908], [-2.06767943547484, 53.5935380797516], [-2.07003523759346, 53.5947276792204], [-2.06988158497913, 53.5949929310855], [-2.08106852396767, 53.5952897307172], [-2.08393741142603, 53.5944212845777], [-2.08547611289116, 53.5954610898113], [-2.08715674067067, 53.5957051806746], [-2.08822391207786, 53.5966805034134], [-2.0890846755846, 53.5964183824043], [-2.08966043984071, 53.5972178519599], [-2.09072012419686, 53.5973995489643], [-2.09246358682782, 53.5966611206476], [-2.09269842102225, 53.5969449749206], [-2.09431523275392, 53.596358563339], [-2.09766281840489, 53.5960863016837], [-2.09802309558358, 53.5963546772957], [-2.0993936947698, 53.5970960303211], [-2.09986817785318, 53.5977598549331], [-2.10157768187548, 53.5973566633342], [-2.10560808327762, 53.5976397810196], [-2.10685390256808, 53.5985204298257], [-2.1073366193193, 53.5993774985608], [-2.1086156022444, 53.5990320918418], [-2.11063766856673, 53.5997088225203], [-2.11257107105145, 53.5988927176911], [-2.11176550178487, 53.5971164657024], [-2.11199639505842, 53.5961811702665], [-2.11392274714184, 53.5967355315309], [-2.11436835717935, 53.5963475899898], [-2.11585340816269, 53.5963238382993], [-2.11582845735721, 53.5968309824485], [-2.11727443483732, 53.5971637096091], [-2.11605299987728, 53.5980326419237], [-2.11765196967027, 53.5983727115023], [-2.11818510043641, 53.5992529535361], [-2.12048670033991, 53.5982594335392], [-2.12080564655316, 53.5985073912573], [-2.1201540838062, 53.6008335083685], [-2.11926284388604, 53.6016874949287], [-2.11813721451319, 53.6018605781632], [-2.1189305172721, 53.6026118579901], [-2.11864875021083, 53.6037584959263], [-2.12068397866434, 53.6045678993281], [-2.12161072629643, 53.6061845398752], [-2.11978315229485, 53.6068240946668], [-2.12054315234398, 53.6072610222382], [-2.11942081476532, 53.608015424266], [-2.11808241539088, 53.6087915037807], [-2.11743023245384, 53.6084964292273], [-2.11691607094675, 53.6089419047474], [-2.11826791198494, 53.6091706047288], [-2.11799014783799, 53.6098377963053], [-2.11896907747985, 53.610175588658], [-2.11840445136422, 53.6121438353211], [-2.1198892503689, 53.6121971095054], [-2.12097504064967, 53.6126965052986], [-2.11987569206832, 53.6132892295925], [-2.12029657224275, 53.6135238482811], [-2.11903901306637, 53.6140538981212], [-2.11849289539501, 53.6137264485868], [-2.11716425180615, 53.6144657741157], [-2.11703994492153, 53.6154321227659], [-2.12011973403127, 53.6193425693512], [-2.12004109903047, 53.6203942310251], [-2.12217459342523, 53.6205286489483], [-2.12277332555483, 53.6210556686031], [-2.12365386952897, 53.6222888406476], [-2.12321040269297, 53.6231557785274], [-2.11951968834938, 53.6262963841934], [-2.11894646153391, 53.6262034160657], [-2.11812974341696, 53.626675246608], [-2.11633991836899, 53.6262788509881], [-2.11436279496907, 53.6264883213216], [-2.10977310990203, 53.6250779328537], [-2.10780199391103, 53.6234942193302], [-2.10786263607155, 53.6229350825592], [-2.10557803138537, 53.6229209437201], [-2.10355025231758, 53.6232992646417], [-2.10170931113435, 53.6231674200271], [-2.1008578329169, 53.6229633660678], [-2.09994421988344, 53.6220379890965], [-2.09812569191532, 53.6230801794131], [-2.09675771935472, 53.6230017755172], [-2.09568633124636, 53.6227578970667], [-2.0960665635177, 53.6223318805106], [-2.09538168762248, 53.6214957866383], [-2.09398657532381, 53.6216011978331], [-2.09176684320851, 53.6207768526231], [-2.09144778422256, 53.622035636502], [-2.08942402437679, 53.6216971959764], [-2.08905940115551, 53.6194558323361], [-2.09088172929481, 53.6190590272415], [-2.08949374149994, 53.6182636668114], [-2.09044170808315, 53.6180535694869], [-2.08938865586596, 53.6171187600976], [-2.08988676178152, 53.6169715584816], [-2.08804605545327, 53.6163125232132], [-2.08671325470248, 53.6180328668284], [-2.08424221503097, 53.619820576937], [-2.07860461614117, 53.6229719908558], [-2.07530174460104, 53.6241587318731], [-2.0713973885749, 53.6246562716121], [-2.05934077765522, 53.6244533464821], [-2.0508759400303, 53.6248373191882], [-2.04597834050364, 53.6258243331401], [-2.04039519651894, 53.6280544512825], [-2.03766062630804, 53.628825649541], [-2.0308867011242, 53.6292400378947], [-2.03006152424254, 53.6277778227618], [-2.02681574056412, 53.6241671452053]]]}, "properties": {"WD24CD": "E05014043"}}, {"type": "Feature", "geometry": {"type": "Polygon", "coordinates": [[[-2.22012931383036, 53.668874524133], [-2.21772889962318, 53.6689807379166], [-2.21609804102363, 53.6672303303234], [-2.21522816021339, 53.6671235928991], [-2.21550758978007, 53.6661860900468], [-2.2147702650086, 53.6652400796079], [-2.20710759391592, 53.6607667733086], [-2.20789858709131, 53.6594537798093], [-2.20685163139619, 53.6570533663784], [-2.20357562108569, 53.6559255066391], [-2.20444285217748, 53.6561016310091], [-2.20524689197271, 53.6543615209364], [-2.19773753614006, 53.652067627892], [-2.19656313641812, 53.650687232826], [-2.19541763785756, 53.6506262055972], [-2.19037484346065, 53.6491863851856], [-2.18962890189156, 53.6479899915194], [-2.18536044309762, 53.6481282442161], [-2.18437379000219, 53.6484001260887], [-2.18236631347857, 53.6482630683671], [-2.18260891839799, 53.647523877307], [-2.18153353205071, 53.6470446453407], [-2.18104291979622, 53.6457088557294], [-2.18275109098984, 53.6456114410851], [-2.1835267707317, 53.6451900626468], [-2.18262384886053, 53.6443573442309], [-2.18270630955508, 53.6429748318143], [-2.18184841360392, 53.6418589643994], [-2.18092382258843, 53.6414306758724], [-2.18046782729017, 53.6405496138461], [-2.18183425519354, 53.6403498665154], [-2.18539583912308, 53.6382240918869], [-2.18650228716138, 53.636705166455], [-2.18625457568947, 53.636293535855], [-2.18748170202935, 53.6362716893298], [-2.18770601859831, 53.6357050859696], [-2.18984165795907, 53.6343384679986], [-2.18712960600619, 53.6316478419262], [-2.18878092920937, 53.6312430276332], [-2.18724948063413, 53.6302757093196], [-2.18714932639575, 53.6291738686713], [-2.18616953874348, 53.6292077454003], [-2.18633085671344, 53.6283251057372], [-2.18950039298169, 53.6271376982072], [-2.19067293287676, 53.6272628065191], [-2.19325411488097, 53.6253199160031], [-2.19449146152185, 53.6247947616987], [-2.1958423629895, 53.6249454016543], [-2.19711201652408, 53.6242197865293], [-2.19397497756018, 53.6242761402323], [-2.19368492071934, 53.6226676851989], [-2.19228007360941, 53.6229292659196], [-2.19230572358952, 53.6220651171454], [-2.19377100678402, 53.6219562156444], [-2.19448282003781, 53.621573759164], [-2.19487405550242, 53.6217138585571], [-2.1939712461757, 53.6210013133719], [-2.19420180935573, 53.6206191034067], [-2.19357746761189, 53.6190777466368], [-2.19709029684472, 53.6192356656026], [-2.19895163303474, 53.6211990217665], [-2.20041648976985, 53.6205017731576], [-2.20107545848796, 53.6212609112818], [-2.20256286695916, 53.62046923364], [-2.207631828442, 53.6195800924135], [-2.21568276117001, 53.6202382787292], [-2.21713954155806, 53.6184632128685], [-2.21877794132588, 53.6178666365787], [-2.21990046403747, 53.6176455638079], [-2.22141271990233, 53.6183520622382], [-2.22170202497739, 53.6179741111393], [-2.22133470888209, 53.6167596493999], [-2.22214252759527, 53.6163146728311], [-2.22375543377132, 53.6161872385163], [-2.22333332033373, 53.6153244743172], [-2.22498670178171, 53.6148750407657], [-2.22456133294267, 53.6141241547953], [-2.22598866067723, 53.6132350785312], [-2.22585754750061, 53.6115116425167], [-2.22240857151885, 53.6090490211448], [-2.22237160493373, 53.6067637815366], [-2.22439117395732, 53.6048525359531], [-2.22649563478891, 53.6043137644519], [-2.22749885978818, 53.60350426452], [-2.22896453250591, 53.6033907090504], [-2.23016751169695, 53.6026201577177], [-2.23089791660599, 53.5994847212333], [-2.23191240190334, 53.5984862138483], [-2.23277463650317, 53.5988832449265], [-2.23514338637653, 53.6009611914112], [-2.236271635437, 53.6005356619371], [-2.23797810545155, 53.5990657918276], [-2.24556684826387, 53.5991308887832], [-2.24505853367843, 53.6011093260863], [-2.24645159577366, 53.6018606310227], [-2.24816523169441, 53.6021347413496], [-2.24911187457078, 53.6027664430687], [-2.24896752867544, 53.6033905323792], [-2.25046499564265, 53.6049154211603], [-2.2510030753814, 53.6072126549232], [-2.25572540911711, 53.606122201788], [-2.25940509330531, 53.60607114001], [-2.26180675123121, 53.60659444293], [-2.2639768016471, 53.6077932158803], [-2.26441112235366, 53.6076421046879], [-2.2666181775841, 53.6091535452641], [-2.27176557607027, 53.6144780078308], [-2.26905056743358, 53.6161448879814], [-2.26685459581322, 53.6155962154195], [-2.26726358491551, 53.6147773636866], [-2.26647307877762, 53.6144998599487], [-2.26055282043562, 53.6162131351737], [-2.26058549496532, 53.616681085876], [-2.25799492372337, 53.6164535441259], [-2.25927376635787, 53.6193169802294], [-2.25841209664862, 53.6198381907837], [-2.2571535131324, 53.6199568522745], [-2.25679062940177, 53.6204421031094], [-2.25994583209287, 53.6206258418616], [-2.2596206673722, 53.621681329276], [-2.26053295671852, 53.622005083427], [-2.26012438343703, 53.6222622298987], [-2.26048574381513, 53.6242647636095], [-2.26292689123313, 53.6249611432406], [-2.26247670997229, 53.6264254301022], [-2.26374028278607, 53.6298172676907], [-2.26554713590797, 53.6394160449008], [-2.26766184362806, 53.6409546961639], [-2.26724334206676, 53.641266623593], [-2.26713730762704, 53.6426726031151], [-2.26960221809828, 53.6440428757202], [-2.26903838697342, 53.6455253768712], [-2.26992520624279, 53.6460572697937], [-2.26702898421528, 53.6483053898459], [-2.26636366067626, 53.6491678383658], [-2.26662565283614, 53.6496415541598], [-2.26577519153475, 53.650418665625], [-2.26284242384768, 53.6517904288594], [-2.26135756420874, 53.6541681429454], [-2.26064071000875, 53.6542182421708], [-2.25996805500971, 53.654958432681], [-2.25732420450412, 53.655209881184], [-2.25352906667747, 53.656445929168], [-2.25227550979086, 53.6578919675253], [-2.24752200844392, 53.6611660790788], [-2.24586450632537, 53.6634417593814], [-2.23663199037422, 53.6669240880574], [-2.23657496385011, 53.6670071601405], [-2.2330799123683, 53.6688466884083], [-2.22582386832174, 53.6707678509549], [-2.22481255075549, 53.6698871166109], [-2.22363781137272, 53.669854274772], [-2.22248572247585, 53.6692191759803], [-2.22012931383036, 53.668874524133]]]}, "properties": {"WD24CD": "E05014044"}}, {"type": "Feature", "geometry": {"type": "Polygon", "coordinates": [[[-2.1921344452529, 53.601533376084], [-2.19281235958526, 53.6010703278397], [-2.19168465327893, 53.6003206690859], [-2.19273708079827, 53.5994786317267], [-2.19019930943657, 53.5986593417495], [-2.19036114158642, 53.5983543784323], [-2.18925122489016, 53.596821833926], [-2.19136174283706, 53.5960850550926], [-2.19026441561547, 53.5953245514993], [-2.19106466725356, 53.5948801877536], [-2.19082205300556, 53.5933453667677], [-2.19370065588061, 53.5934431673363], [-2.19442759951109, 53.5921872206323], [-2.19404751646229, 53.5916638819834], [-2.19564830267773, 53.5905367959831], [-2.19479916694869, 53.5895342101703], [-2.19726599737974, 53.5885396624367], [-2.19802323307038, 53.5869277478701], [-2.20443977881137, 53.5880363171536], [-2.20753991542499, 53.5891787626645], [-2.2094529019072, 53.5894117150276], [-2.21796743508519, 53.5877287194193], [-2.22877941065269, 53.5871448723172], [-2.22795744362364, 53.5889428849549], [-2.22904551153444, 53.5891031246899], [-2.22871281290512, 53.5932698200178], [-2.22990853812758, 53.5932270767495], [-2.23031651691483, 53.5948727062708], [-2.23110612774605, 53.5956382791241], [-2.23224888149744, 53.5960548481448], [-2.23198226079866, 53.5965145913882], [-2.23395920487577, 53.596949361455], [-2.23340767694343, 53.5974879661419], [-2.23337705839863, 53.5985099704983], [-2.23277463650317, 53.5988832449265], [-2.23191240190334, 53.5984862138483], [-2.23089791660599, 53.5994847212333], [-2.23016751169695, 53.6026201577177], [-2.22896453250591, 53.6033907090504], [-2.22749885978818, 53.60350426452], [-2.22534278458806, 53.6026259344666], [-2.22525076028712, 53.601381857903], [-2.2215269198322, 53.6006816556403], [-2.21543643696137, 53.6032572096611], [-2.21396868416711, 53.6022022369207], [-2.21162876211321, 53.6019113255121], [-2.21117809066832, 53.6002455131911], [-2.2106030079531, 53.5999868350788], [-2.20958803550728, 53.6002203478534], [-2.20849281390326, 53.6013067038969], [-2.2072877584524, 53.601530255281], [-2.20643599662794, 53.6013993157068], [-2.20447666555257, 53.6000237389758], [-2.2033871635389, 53.599930283766], [-2.20274838184434, 53.6015859935608], [-2.20331288919568, 53.60389273104], [-2.20000717018274, 53.6043755919862], [-2.19625063804314, 53.6034744206333], [-2.19514326918486, 53.6028929742166], [-2.19545400698131, 53.6024331164592], [-2.19313955529335, 53.6012656867359], [-2.19255658299775, 53.6016469036446], [-2.1921344452529, 53.601533376084]]]}, "properties": {"WD24CD": "E05014045"}}, {"type": "Feature", "geometry": {"type": "Polygon", "coordinates": [[[-2.15520837865461, 53.5653659924659], [-2.1572371942791, 53.5648419839787], [-2.15779069749475, 53.5642866506978], [-2.1595022352667, 53.5645486502168], [-2.16360563334869, 53.5632928186258], [-2.16590002953416, 53.5612547322564], [-2.16814827711938, 53.5601846164994], [-2.16871643616762, 53.5588319937283], [-2.17041734813112, 53.5587181582323], [-2.17113095722944, 53.5582326293016], [-2.17199289453171, 53.5582322910279], [-2.17225424244271, 53.5526781134303], [-2.17175682425932, 53.5513618987991], [-2.17953950110744, 53.5506955336371], [-2.18315689616627, 53.5509107427339], [-2.18709565939904, 53.5503407598637], [-2.1948798865721, 53.5483033910924], [-2.19703955318916, 53.5506673590059], [-2.19841943958452, 53.5510257966857], [-2.20114843803511, 53.5510591639705], [-2.20616818786264, 53.5539509485349], [-2.20897135321466, 53.5546922124585], [-2.20602513170437, 53.5580132676999], [-2.20545571823117, 53.5599858047598], [-2.20399464052399, 53.5602234583902], [-2.20296995166312, 53.5607700142557], [-2.1964492350262, 53.5586976946676], [-2.19524079396686, 53.5578758806758], [-2.19197703675448, 53.5593357838988], [-2.18680223209024, 53.5626989176097], [-2.18661165473725, 53.5639962200544], [-2.18316710123125, 53.5662737775745], [-2.18224453047379, 53.5659057835318], [-2.1789136973343, 53.5693816522136], [-2.17548184740156, 53.5714470172144], [-2.17058386518523, 53.5736686635025], [-2.16790536434446, 53.5740263288771], [-2.16117389181889, 53.5737882691977], [-2.15794932125922, 53.574197983122], [-2.1572954200522, 53.5747879867236], [-2.15511461574698, 53.5749661106071], [-2.15485021925266, 53.5755511453771], [-2.15247726158564, 53.5760323306907], [-2.15248604801182, 53.5745366985371], [-2.15185069630761, 53.5742390903069], [-2.15092967782001, 53.5671241528877], [-2.15520837865461, 53.5653659924659]]]}, "properties": {"WD24CD": "E05014046"}}, {"type": "Feature", "geometry": {"type": "Polygon", "coordinates": [[[-2.11696225213684, 53.6306612160679], [-2.12570596065536, 53.6240106730253], [-2.12524106659495, 53.6237459969791], [-2.12410282483616, 53.6238334455009], [-2.12321040269297, 53.6231557785274], [-2.12365386952897, 53.6222888406476], [-2.12277332555483, 53.6210556686031], [-2.12217459342523, 53.6205286489483], [-2.12004109903047, 53.6203942310251], [-2.12011973403127, 53.6193425693512], [-2.11703994492153, 53.6154321227659], [-2.11716425180615, 53.6144657741157], [-2.11849289539501, 53.6137264485868], [-2.11903901306637, 53.6140538981212], [-2.12029657224275, 53.6135238482811], [-2.11987569206832, 53.6132892295925], [-2.12097504064967, 53.6126965052986], [-2.1198892503689, 53.6121971095054], [-2.11840445136422, 53.6121438353211], [-2.11896907747985, 53.610175588658], [-2.12971497286466, 53.6122722778692], [-2.12735432462963, 53.6141335586631], [-2.12717858889639, 53.6163228647669], [-2.13017662585086, 53.6161690924897], [-2.13219250502718, 53.6183582019719], [-2.13344234684281, 53.6181929178026], [-2.13392516680333, 53.6186609310738], [-2.13717824780522, 53.6200081710683], [-2.13714147538552, 53.6209984654641], [-2.13676626279227, 53.6208674357548], [-2.13582446510545, 53.6221742902333], [-2.13963590643091, 53.6228777221569], [-2.13811308407056, 53.6240751520209], [-2.13749425331815, 53.6262375228421], [-2.14057858662434, 53.6289155362607], [-2.14143695372198, 53.6285517155686], [-2.14226950907116, 53.6270668931654], [-2.14525069918338, 53.6281566290998], [-2.14474228221978, 53.6289965557694], [-2.14323746601425, 53.6299357470856], [-2.14174308571626, 53.6302251831744], [-2.14130803473915, 53.6329538584716], [-2.14185542675864, 53.6335315653068], [-2.14148666469304, 53.6342853842495], [-2.14200274088569, 53.6350617449534], [-2.14267474711848, 53.6349977835064], [-2.14290614991243, 53.635269180772], [-2.14235579985956, 53.6364676376222], [-2.14523703992308, 53.6390705098297], [-2.14454706884473, 53.639642986515], [-2.14386809509154, 53.6393722756027], [-2.1431279446501, 53.6396545861207], [-2.13601151548537, 53.6371174622648], [-2.1347204837091, 53.6372807238242], [-2.13411168435129, 53.6365731716257], [-2.13320006704206, 53.6365912923373], [-2.13128887121389, 53.6392088749184], [-2.13003159287782, 53.6400443727316], [-2.12780356584702, 53.640523095522], [-2.12810314749606, 53.6410225480785], [-2.12664113693754, 53.6417467185692], [-2.1247920536492, 53.6384509874912], [-2.12274652984931, 53.6371605422671], [-2.12811312136637, 53.6355797976221], [-2.12747887835099, 53.6343088118681], [-2.12693803926731, 53.6337517629084], [-2.12615996882765, 53.6341595036215], [-2.12385962397293, 53.6325737167133], [-2.1239107160978, 53.6322070958652], [-2.12197033724692, 53.6326382911048], [-2.11962660219103, 53.6314158607946], [-2.1181873862961, 53.6320662254664], [-2.11696225213684, 53.6306612160679]]]}, "properties": {"WD24CD": "E05014047"}}, {"type": "Feature", "geometry": {"type": "Polygon", "coordinates": [[[-2.20897135321466, 53.5546922124585], [-2.20616818786264, 53.5539509485349], [-2.20114843803511, 53.5510591639705], [-2.19841943958452, 53.5510257966857], [-2.19703955318916, 53.5506673590059], [-2.1948798865721, 53.5483033910924], [-2.19830931015063, 53.5472170774047], [-2.19933659361867, 53.5472054759258], [-2.20006268430904, 53.5434905228558], [-2.19374361030884, 53.5432741478502], [-2.19355025477704, 53.5406695033363], [-2.18591393033307, 53.5406245465351], [-2.1871546746969, 53.5340390294753], [-2.18959133297586, 53.5339073366484], [-2.19147495476724, 53.53224112355], [-2.19354895650882, 53.5325398007219], [-2.19387727255942, 53.5316400647277], [-2.20058280906789, 53.5317602396315], [-2.20450883050938, 53.5324977941921], [-2.20581219153262, 53.5330852104285], [-2.20677117701922, 53.5342134370176], [-2.2069283478987, 53.5358005146597], [-2.20564976078252, 53.5368983655022], [-2.20712419696514, 53.5381947240382], [-2.20754497793762, 53.5384807318435], [-2.20853619770053, 53.5384429739598], [-2.21092125479002, 53.5407677400928], [-2.21306496119157, 53.5421579999999], [-2.21381864235547, 53.5420012013458], [-2.2149534133679, 53.5423101634859], [-2.21769440856912, 53.5424148300755], [-2.21780991948108, 53.5434635267963], [-2.21872522512353, 53.543906829921], [-2.21945972427641, 53.5438398879186], [-2.2197059412839, 53.543285733213], [-2.22078323929174, 53.5426761321247], [-2.22775955369663, 53.5415808850199], [-2.22886229687278, 53.5406916059166], [-2.23351310672692, 53.5401648459418], [-2.23413091587923, 53.5391946916353], [-2.23722983442873, 53.5388605071248], [-2.23631950473396, 53.540679790725], [-2.23436367872028, 53.5417280688199], [-2.23416458731999, 53.5433643190443], [-2.23563868324408, 53.5473962979654], [-2.23626291851298, 53.5510856937768], [-2.23741092776649, 53.5536612492766], [-2.24172058399295, 53.5571517518999], [-2.23654236187895, 53.5592284530399], [-2.23523025397393, 53.558763728885], [-2.2339938384876, 53.559437579498], [-2.23279080803273, 53.5587492979402], [-2.2309887754032, 53.5601808270054], [-2.22887332967411, 53.5592886996072], [-2.22859141929386, 53.5597556052696], [-2.22643279222651, 53.5592171668738], [-2.22618566856829, 53.5585350084613], [-2.23045058646812, 53.5566315705067], [-2.23052023104905, 53.554866650364], [-2.22980407853002, 53.5529395202387], [-2.22548329094552, 53.550508775829], [-2.22321841566812, 53.5520392520149], [-2.22246424933248, 53.551847373861], [-2.21676139805527, 53.5535333264206], [-2.21296244724127, 53.5547679085238], [-2.21137514964051, 53.5556945495049], [-2.20897135321466, 53.5546922124585]]]}, "properties": {"WD24CD": "E05014048"}}, {"type": "Feature", "geometry": {"type": "Polygon", "coordinates": [[[-2.16253073225803, 53.6249961688124], [-2.16365627163878, 53.624855846168], [-2.16292995872173, 53.6221671340637], [-2.16328999841353, 53.6214367391644], [-2.16122395451482, 53.6211140806223], [-2.15938152141287, 53.6190900028986], [-2.16124179667219, 53.617966481926], [-2.16293444679519, 53.6147095743218], [-2.16626929875561, 53.6144128507448], [-2.16649903144455, 53.6153873179737], [-2.16908976237636, 53.6159087695377], [-2.1694074682844, 53.615634986374], [-2.17020525595749, 53.6161484287399], [-2.17212692037581, 53.6154590607326], [-2.17284885973602, 53.6159740329785], [-2.1746036959016, 53.6152367794589], [-2.17661600973174, 53.6152144045213], [-2.17669231979328, 53.6157865735535], [-2.17758543300686, 53.6157965734885], [-2.17781086374782, 53.6161669133846], [-2.17828595545129, 53.6159118373098], [-2.179692094979, 53.6159513446528], [-2.17989389219223, 53.6152041170292], [-2.18207461502891, 53.6132213278611], [-2.18518602207545, 53.613027339164], [-2.18634299014474, 53.6147184765288], [-2.18809763406555, 53.6144121912843], [-2.18900090969602, 53.6152146740456], [-2.18793312406485, 53.6155568348484], [-2.18848831719753, 53.6165010742452], [-2.19240516621093, 53.6161069826885], [-2.19300469994951, 53.6169723027116], [-2.19221950528398, 53.6175952870084], [-2.19169739714605, 53.6178679312106], [-2.18892010090159, 53.6180350455126], [-2.18814401673048, 53.6184475732515], [-2.18840589654248, 53.6195432769565], [-2.18793785371632, 53.6205277779162], [-2.19164288963191, 53.6202805549454], [-2.19230572358952, 53.6220651171454], [-2.19228007360941, 53.6229292659196], [-2.19368492071934, 53.6226676851989], [-2.19397497756018, 53.6242761402323], [-2.19711201652408, 53.6242197865293], [-2.1958423629895, 53.6249454016543], [-2.19449146152185, 53.6247947616987], [-2.19325411488097, 53.6253199160031], [-2.19067293287676, 53.6272628065191], [-2.18950039298169, 53.6271376982072], [-2.18633085671344, 53.6283251057372], [-2.18616953874348, 53.6292077454003], [-2.18714932639575, 53.6291738686713], [-2.18724948063413, 53.6302757093196], [-2.18878092920937, 53.6312430276332], [-2.18712960600619, 53.6316478419262], [-2.18984165795907, 53.6343384679986], [-2.18770601859831, 53.6357050859696], [-2.18748170202935, 53.6362716893298], [-2.18625457568947, 53.636293535855], [-2.18576529834005, 53.6352359156291], [-2.18359296727814, 53.6351061890544], [-2.18226426207506, 53.6335020539986], [-2.1806260602082, 53.6327018536757], [-2.17921630071396, 53.6311904393866], [-2.17885145419476, 53.6289528522948], [-2.17979034985021, 53.6268177214149], [-2.17929638496573, 53.6262243359296], [-2.17486415485116, 53.6255316072528], [-2.17414224087569, 53.6255447957981], [-2.17372512455581, 53.6261399702202], [-2.17298178817093, 53.6260938609002], [-2.17242301413449, 53.62588704209], [-2.17244948174722, 53.625335580159], [-2.17309260407576, 53.6252819793593], [-2.17241858688342, 53.6248053203356], [-2.17061158605338, 53.6249377947825], [-2.16975023364349, 53.6254653704805], [-2.169376527946, 53.6251781896545], [-2.16869264136197, 53.6254359494426], [-2.16806969750342, 53.6250515023127], [-2.16295115972088, 53.6256850692688], [-2.16253073225803, 53.6249961688124]]]}, "properties": {"WD24CD": "E05014049"}}, {"type": "Feature", "geometry": {"type": "Polygon", "coordinates": [[[-2.11410455089095, 53.6711191129124], [-2.11397749522511, 53.6697805536246], [-2.11323383818477, 53.6690424795183], [-2.11308907220553, 53.6681204412551], [-2.11413216161656, 53.6676556171248], [-2.11471827379315, 53.6677854334135], [-2.11595749138896, 53.666598693511], [-2.11719696551902, 53.6660608699688], [-2.11683571188837, 53.6656576888805], [-2.11408829575267, 53.6654437127624], [-2.11326772932017, 53.6647991607329], [-2.11348471436776, 53.6638803723981], [-2.11675979239185, 53.6628759585858], [-2.11469068499138, 53.6583471442961], [-2.11386727210533, 53.6571165674295], [-2.11207427385766, 53.6582795487538], [-2.11129504801454, 53.657729292069], [-2.11064048574866, 53.6579348597153], [-2.10967519402342, 53.6562657163136], [-2.10703282842557, 53.6554637435169], [-2.10637961426516, 53.6550193696483], [-2.10688073167959, 53.6545794419865], [-2.10639267745169, 53.6542239650237], [-2.10602388697108, 53.6544066990344], [-2.10436766098283, 53.6533889431343], [-2.10257694306321, 53.6530390793386], [-2.10198689698438, 53.6524274973157], [-2.10329949442542, 53.6515558703277], [-2.10363085968191, 53.6505803625558], [-2.10483331481394, 53.649826886962], [-2.10408752764607, 53.6496623016748], [-2.1035912729064, 53.6490371655811], [-2.10271349811597, 53.6489004092711], [-2.10295840635365, 53.6491383812969], [-2.10239880305205, 53.6495042291562], [-2.10028846763196, 53.6491819502704], [-2.1036494204624, 53.6442933240538], [-2.10708557477969, 53.6420463086173], [-2.10408709026634, 53.6419795272243], [-2.10173020253767, 53.6424305492645], [-2.10358944470643, 53.6393913807167], [-2.10471760728582, 53.6388744405135], [-2.10659034712858, 53.638848809101], [-2.10695828235539, 53.6382730370812], [-2.10649707621959, 53.6373595412594], [-2.11132624556599, 53.6348037786353], [-2.11696225213684, 53.6306612160679], [-2.1181873862961, 53.6320662254664], [-2.11962660219103, 53.6314158607946], [-2.12197033724692, 53.6326382911048], [-2.1239107160978, 53.6322070958652], [-2.12385962397293, 53.6325737167133], [-2.12615996882765, 53.6341595036215], [-2.12693803926731, 53.6337517629084], [-2.12747887835099, 53.6343088118681], [-2.12811312136637, 53.6355797976221], [-2.12274652984931, 53.6371605422671], [-2.1247920536492, 53.6384509874912], [-2.12664113693754, 53.6417467185692], [-2.12810314749606, 53.6410225480785], [-2.12780356584702, 53.640523095522], [-2.13003159287782, 53.6400443727316], [-2.13128887121389, 53.6392088749184], [-2.13320006704206, 53.6365912923373], [-2.13411168435129, 53.6365731716257], [-2.1347204837091, 53.6372807238242], [-2.13601151548537, 53.6371174622648], [-2.1431279446501, 53.6396545861207], [-2.14386809509154, 53.6393722756027], [-2.14454706884473, 53.639642986515], [-2.14466620083582, 53.6404944795584], [-2.14551906613669, 53.6410144650945], [-2.14535632885292, 53.6414529208787], [-2.14579150649865, 53.6418058917241], [-2.14654754781818, 53.6418682437929], [-2.14955944826137, 53.6411763899098], [-2.15224312877949, 53.6417161530097], [-2.1542317174656, 53.6413569595323], [-2.15577600122471, 53.6414555404386], [-2.15660160259226, 53.6416914166235], [-2.15698462123983, 53.6424039627779], [-2.15849932935349, 53.6430089402911], [-2.15964010312482, 53.6429224881759], [-2.16113585213551, 53.6422484490327], [-2.16059894286228, 53.6482959917866], [-2.16390976926179, 53.6524026328012], [-2.16393873402509, 53.6547655955437], [-2.15502897308759, 53.6642481525943], [-2.15345231942142, 53.6688835328527], [-2.14860180158301, 53.6744989875334], [-2.14795162229924, 53.6785686794519], [-2.14813795842426, 53.6820099713168], [-2.14632807589576, 53.6822315285494], [-2.14464093975268, 53.6794796240259], [-2.14353550696343, 53.6784976749911], [-2.14225755110277, 53.6780058080643], [-2.14109215033851, 53.678973392119], [-2.13971523159195, 53.6828092725314], [-2.13791857313605, 53.683883583092], [-2.13598555440776, 53.6844772106955], [-2.13412727234523, 53.6857340281759], [-2.13285426014517, 53.6843971598165], [-2.12986288989141, 53.6831034883601], [-2.1276779506171, 53.6815572031784], [-2.12687871512866, 53.6796004883001], [-2.1267175476263, 53.6768808594309], [-2.12622470199557, 53.6756176698527], [-2.12496847178123, 53.6751560590349], [-2.12538675248139, 53.6748383455378], [-2.1180850077117, 53.6712452232624], [-2.11410455089095, 53.6711191129124]]]}, "properties": {"WD24CD": "E05014050"}}, {"type": "Feature", "geometry": {"type": "Polygon", "coordinates": [[[-2.23277463650317, 53.5988832449265], [-2.23337705839863, 53.5985099704983], [-2.23340767694343, 53.5974879661419], [-2.23395920487577, 53.596949361455], [-2.23198226079866, 53.5965145913882], [-2.23224888149744, 53.5960548481448], [-2.23110612774605, 53.5956382791241], [-2.23031651691483, 53.5948727062708], [-2.22990853812758, 53.5932270767495], [-2.22871281290512, 53.5932698200178], [-2.22904551153444, 53.5891031246899], [-2.22795744362364, 53.5889428849549], [-2.22877941065269, 53.5871448723172], [-2.23066333018217, 53.5868790136149], [-2.23531009535029, 53.5828377945008], [-2.24030504288124, 53.5802819323141], [-2.24567787767957, 53.5789282976453], [-2.25067861238344, 53.5784346659036], [-2.25449005366509, 53.5808624580879], [-2.25458124693215, 53.5824657615748], [-2.25512018493829, 53.5829328574669], [-2.259239989758, 53.5852699805241], [-2.26106297272018, 53.5847473602432], [-2.265495596116, 53.5856031907931], [-2.2676106872786, 53.5844479496222], [-2.26798954925132, 53.5836804425869], [-2.26779348148136, 53.5822939402906], [-2.26848474331881, 53.5807923159466], [-2.26909356369595, 53.5803369852363], [-2.2710517666567, 53.5799748247412], [-2.27218245804947, 53.5794230400289], [-2.2735984678181, 53.5793038805885], [-2.2776364376763, 53.5801169977452], [-2.27763242649527, 53.5808926518253], [-2.27874069768652, 53.5815237351142], [-2.2789528659606, 53.5820850235435], [-2.28039234134399, 53.5820951218837], [-2.28071984533563, 53.5827298186041], [-2.28143890308408, 53.5827433974997], [-2.28244355203071, 53.5841242762575], [-2.28243820320745, 53.586722856917], [-2.28185355438963, 53.5869470864123], [-2.28011516464589, 53.5858519689744], [-2.27858227423339, 53.585462799707], [-2.27798912938037, 53.5859872422955], [-2.27805683933133, 53.5873281966543], [-2.27879411325553, 53.5884894887136], [-2.2786399243522, 53.5892502317235], [-2.27663997876974, 53.591515494176], [-2.27546475856766, 53.5915433777901], [-2.27198611113627, 53.5902391049948], [-2.27013310690706, 53.5891610880402], [-2.26931806025264, 53.5899943780847], [-2.26997719400581, 53.5919621857144], [-2.26629179406529, 53.5913880161781], [-2.2655152049146, 53.5916162725045], [-2.26496082884585, 53.5923625951598], [-2.26398283245825, 53.5925176051059], [-2.25922172537649, 53.5921819858635], [-2.25838203973799, 53.5937154151923], [-2.25825561301673, 53.5950252624974], [-2.25555021984965, 53.5971271693091], [-2.25286421675539, 53.5979723272323], [-2.25047313064946, 53.5991332833106], [-2.24761736125868, 53.5994035048811], [-2.24556684826387, 53.5991308887832], [-2.23797810545155, 53.5990657918276], [-2.236271635437, 53.6005356619371], [-2.23514338637653, 53.6009611914112], [-2.23277463650317, 53.5988832449265]]]}, "properties": {"WD24CD": "E05014051"}}, {"type": "Feature", "geometry": {"type": "Polygon", "coordinates": [[[-2.20296995166312, 53.5607700142557], [-2.20399464052399, 53.5602234583902], [-2.20545571823117, 53.5599858047598], [-2.20602513170437, 53.5580132676999], [-2.20897135321466, 53.5546922124585], [-2.21137514964051, 53.5556945495049], [-2.21296244724127, 53.5547679085238], [-2.21676139805527, 53.5535333264206], [-2.22246424933248, 53.551847373861], [-2.22321841566812, 53.5520392520149], [-2.22548329094552, 53.550508775829], [-2.22980407853002, 53.5529395202387], [-2.23052023104905, 53.554866650364], [-2.23045058646812, 53.5566315705067], [-2.22618566856829, 53.5585350084613], [-2.22643279222651, 53.5592171668738], [-2.22859141929386, 53.5597556052696], [-2.22887332967411, 53.5592886996072], [-2.2309887754032, 53.5601808270054], [-2.23279080803273, 53.5587492979402], [-2.2339938384876, 53.559437579498], [-2.23523025397393, 53.558763728885], [-2.23654236187895, 53.5592284530399], [-2.2378124821732, 53.5601257745593], [-2.23839557543483, 53.5601830214222], [-2.23905638086181, 53.5609106240305], [-2.24086950462971, 53.5611829375505], [-2.24086110295154, 53.5615667346767], [-2.24153588312412, 53.5613046981768], [-2.24168846094124, 53.5615839356578], [-2.24262428966101, 53.5615451988043], [-2.24268242708484, 53.5615588068712], [-2.23718817128685, 53.5650983612031], [-2.2313511896887, 53.5678620286481], [-2.2258593924927, 53.5698220683294], [-2.21252091565597, 53.5738652137949], [-2.21212252901051, 53.5733275866241], [-2.20915099365723, 53.5734038149432], [-2.20633451961629, 53.5730572816652], [-2.20472158003773, 53.5661453465056], [-2.20470741862877, 53.5641696778059], [-2.20296995166312, 53.5607700142557]]]}, "properties": {"WD24CD": "E05014052"}}, {"type": "Feature", "geometry": {"type": "Polygon", "coordinates": [[[-2.26055539229929, 53.5498051094902], [-2.26559814376314, 53.5479496574945], [-2.27785113287237, 53.5442051523191], [-2.28247327576283, 53.5423612082306], [-2.28552427462365, 53.5407202968903], [-2.28907324454041, 53.5389596304951], [-2.29110292675225, 53.544730423045], [-2.29341934352814, 53.5477734938029], [-2.29109077564167, 53.5482366593462], [-2.29323968092686, 53.5501754812272], [-2.29602812329401, 53.5514615696701], [-2.29197450984998, 53.5522935563947], [-2.29166578756649, 53.5519563599334], [-2.29007148472944, 53.5523323607736], [-2.2902593309827, 53.552648291522], [-2.28974082652006, 53.5527493878765], [-2.28996035657141, 53.5530760242446], [-2.28953731437649, 53.5534518504614], [-2.28643045197222, 53.5536076405202], [-2.28648459615237, 53.5533513269172], [-2.28509367043213, 53.5530086294507], [-2.28536135978425, 53.5526385837712], [-2.28498230176404, 53.5525082871377], [-2.28239780530783, 53.5554949332318], [-2.27795717421423, 53.5573866272089], [-2.27408136534403, 53.5600696680957], [-2.27322100321783, 53.5603395089456], [-2.27143292198796, 53.5581180109043], [-2.26984094760398, 53.5572059605425], [-2.26906887363236, 53.5570134909264], [-2.26738727975379, 53.5578474073097], [-2.26439505208639, 53.5534725449877], [-2.26055539229929, 53.5498051094902]]]}, "properties": {"WD24CD": "E05014152"}}, {"type": "Feature", "geometry": {"type": "Polygon", "coordinates": [[[-2.24556684826387, 53.5991308887832], [-2.24761736125868, 53.5994035048811], [-2.25047313064946, 53.5991332833106], [-2.25286421675539, 53.5979723272323], [-2.25555021984965, 53.5971271693091], [-2.25825561301673, 53.5950252624974], [-2.25838203973799, 53.5937154151923], [-2.25922172537649, 53.5921819858635], [-2.26398283245825, 53.5925176051059], [-2.26496082884585, 53.5923625951598], [-2.2655152049146, 53.5916162725045], [-2.26629179406529, 53.5913880161781], [-2.26997719400581, 53.5919621857144], [-2.26931806025264, 53.5899943780847], [-2.27013310690706, 53.5891610880402], [-2.27198611113627, 53.5902391049948], [-2.27546475856766, 53.5915433777901], [-2.27663997876974, 53.591515494176], [-2.2786399243522, 53.5892502317235], [-2.27879411325553, 53.5884894887136], [-2.27805683933133, 53.5873281966543], [-2.29560654651736, 53.5884831137393], [-2.29962670113642, 53.5892349267123], [-2.30140301302464, 53.5900207948011], [-2.30171931506493, 53.5912169021932], [-2.30391377410425, 53.592508875172], [-2.30399495193624, 53.5941657890084], [-2.30441346123609, 53.5946045335492], [-2.30146453163728, 53.5950030027086], [-2.2975094369081, 53.5948556734888], [-2.29096723382649, 53.5968563991586], [-2.2806781859439, 53.5974257552225], [-2.27517711210034, 53.597965226337], [-2.27159225289484, 53.5986444343669], [-2.27716581616326, 53.6086555326916], [-2.27519925479224, 53.6085002738098], [-2.27424830325556, 53.608069038687], [-2.27316923464947, 53.6088094035768], [-2.27168236942172, 53.6090706613], [-2.26915408225054, 53.6081995957101], [-2.26839993666397, 53.6089546870385], [-2.2666181775841, 53.6091535452641], [-2.26441112235366, 53.6076421046879], [-2.2639768016471, 53.6077932158803], [-2.26180675123121, 53.60659444293], [-2.25940509330531, 53.60607114001], [-2.25572540911711, 53.606122201788], [-2.2510030753814, 53.6072126549232], [-2.25046499564265, 53.6049154211603], [-2.24896752867544, 53.6033905323792], [-2.24911187457078, 53.6027664430687], [-2.24816523169441, 53.6021347413496], [-2.24645159577366, 53.6018606310227], [-2.24505853367843, 53.6011093260863], [-2.24556684826387, 53.5991308887832]]]}, "properties": {"WD24CD": "E05014153"}}, {"type": "Feature", "geometry": {"type": "Polygon", "coordinates": [[[-2.31980949954043, 53.595919778918], [-2.31858081368958, 53.5960658703161], [-2.31846112884987, 53.5957176522027], [-2.31658576542888, 53.5957009712368], [-2.31402266020106, 53.594813384981], [-2.31304039556358, 53.5954077984829], [-2.30948528469146, 53.5949959567301], [-2.30852727413918, 53.5945332599833], [-2.30742928346625, 53.5947486957432], [-2.30742865006903, 53.5929960106338], [-2.30883672588024, 53.5902859426102], [-2.31249451517037, 53.5868032438232], [-2.31240037040339, 53.5860406453404], [-2.31164720737475, 53.5853421119914], [-2.31238065756855, 53.5829564244094], [-2.31214077559501, 53.5817750829535], [-2.31368342291695, 53.580012653885], [-2.31387226910328, 53.5792032068737], [-2.31437283643794, 53.5792036583648], [-2.31431917141878, 53.5798999590586], [-2.31575787196514, 53.5793955593724], [-2.31716288067365, 53.5798519906027], [-2.31588089413345, 53.581114660304], [-2.31568926118802, 53.5821550908396], [-2.31610419831142, 53.5827656179445], [-2.31776561388715, 53.5832839394168], [-2.31794148028012, 53.5838816748983], [-2.31855474929545, 53.5841304051533], [-2.31935996481481, 53.5834824935179], [-2.31921877520172, 53.5825176559176], [-2.32019584672234, 53.5820407896593], [-2.32159508743297, 53.5820427225988], [-2.32284147467516, 53.5826380421851], [-2.32352771620943, 53.5826303084404], [-2.32668953639011, 53.5810177572663], [-2.32825153642981, 53.5818471169866], [-2.33087361391513, 53.580467938481], [-2.33281583865506, 53.5816256385397], [-2.33632650635161, 53.5817952998339], [-2.33689107362784, 53.582116299927], [-2.33399669746226, 53.5829959280398], [-2.33753593495989, 53.5856836414437], [-2.34120283930797, 53.5898129590115], [-2.34180037664203, 53.588995916342], [-2.34250849047491, 53.5892243773995], [-2.34691559393577, 53.5887124727643], [-2.3471983494537, 53.5899632584194], [-2.34210733080973, 53.5902386180775], [-2.34318155811204, 53.5913622219507], [-2.34370139573787, 53.5911930988851], [-2.34404988424743, 53.5920700177677], [-2.34374367163607, 53.5923259695275], [-2.34494474739291, 53.5936047126536], [-2.34638017833582, 53.5938055425833], [-2.34646822134672, 53.5947769288884], [-2.3480035306438, 53.595544547333], [-2.35053811144786, 53.5960091010195], [-2.35017493201034, 53.5964865026406], [-2.35095661602739, 53.5970981300405], [-2.35241834681789, 53.5975370222106], [-2.35465954378678, 53.5975731541707], [-2.35476944089134, 53.5992398284021], [-2.35096090743382, 53.5992260589722], [-2.35105252702089, 53.5981383720377], [-2.34970731665592, 53.5978013990432], [-2.34927107985981, 53.5979515366903], [-2.34862202068918, 53.5975036971197], [-2.34472897641026, 53.5964558635688], [-2.34212656043067, 53.5976207035679], [-2.33919702029417, 53.5984451627725], [-2.33748781312749, 53.5984077513135], [-2.33394095850005, 53.5973867405805], [-2.32725335136484, 53.5972119380148], [-2.32541327349928, 53.5966615429164], [-2.32399074132126, 53.5967669449231], [-2.3231861577798, 53.5954882785855], [-2.31980949954043, 53.595919778918]]]}, "properties": {"WD24CD": "E05014154"}}, {"type": "Feature", "geometry": {"type": "Polygon", "coordinates": [[[-2.30054805541147, 53.6100033745758], [-2.29971824472815, 53.6091461437486], [-2.30103638568842, 53.608330334125], [-2.30160344637139, 53.6075163171033], [-2.29975563618779, 53.6048163206004], [-2.29991773776878, 53.6025274920127], [-2.30114281129985, 53.6013909384538], [-2.3036311680833, 53.6002728233232], [-2.30386650109905, 53.5972619781121], [-2.3061027544324, 53.5962253279192], [-2.30742928346625, 53.5947486957432], [-2.30852727413918, 53.5945332599833], [-2.30948528469146, 53.5949959567301], [-2.31304039556358, 53.5954077984829], [-2.31402266020106, 53.594813384981], [-2.31658576542888, 53.5957009712368], [-2.31846112884987, 53.5957176522027], [-2.31858081368958, 53.5960658703161], [-2.31980949954043, 53.595919778918], [-2.32025370756542, 53.5973462185753], [-2.3221612648026, 53.5970127967058], [-2.32248023749762, 53.5984095959808], [-2.32068510380999, 53.5990058708466], [-2.32316302835626, 53.6003770911941], [-2.32576885386861, 53.600844655219], [-2.324762385043, 53.6024203636138], [-2.32511252151704, 53.6031528364066], [-2.32478818860646, 53.6042090144628], [-2.3242218203318, 53.6048067718837], [-2.32334168767623, 53.6048394306966], [-2.32398572911203, 53.6058897462666], [-2.32321682572623, 53.6059358694735], [-2.32203912016022, 53.6068291506016], [-2.32330451581793, 53.6073030163124], [-2.3214263375409, 53.6076826469243], [-2.3219378779599, 53.6079774707334], [-2.32345214649969, 53.6077594340429], [-2.32392667634546, 53.6089093425449], [-2.32502819368932, 53.6094568251805], [-2.32707472682989, 53.6096085244784], [-2.32817146835513, 53.6103576621384], [-2.32885052286676, 53.6118347117506], [-2.32882208085213, 53.6131158387769], [-2.33010582174124, 53.6138952644722], [-2.33029509196353, 53.6144716900319], [-2.32934621927169, 53.6157832579406], [-2.32823901554323, 53.6156004543003], [-2.32851279726684, 53.6146487307829], [-2.32628405808012, 53.6144714671068], [-2.32647280862486, 53.6132044630199], [-2.32362216945611, 53.6131951297641], [-2.32349255090686, 53.6146300676868], [-2.32249492881899, 53.6148358405041], [-2.32242196214165, 53.6155812315666], [-2.32089503934481, 53.6165515820412], [-2.32254401295599, 53.6180830091631], [-2.32009477664644, 53.6202604564305], [-2.31672298750047, 53.6196070613882], [-2.31638473112953, 53.619052474668], [-2.31455345428203, 53.619194798928], [-2.31334272573437, 53.6187316903038], [-2.31228393449635, 53.6190678652284], [-2.31059144282351, 53.6184196145034], [-2.30925065645367, 53.6192571504645], [-2.30800944564671, 53.6163544338351], [-2.30604236849789, 53.6137834312684], [-2.30227146571303, 53.6102695938145], [-2.30054805541147, 53.6100033745758]]]}, "properties": {"WD24CD": "E05014155"}}, {"type": "Feature", "geometry": {"type": "Polygon", "coordinates": [[[-2.23654236187895, 53.5592284530399], [-2.24172058399295, 53.5571517518999], [-2.23741092776649, 53.5536612492766], [-2.23626291851298, 53.5510856937768], [-2.23563868324408, 53.5473962979654], [-2.23416458731999, 53.5433643190443], [-2.23436367872028, 53.5417280688199], [-2.23631950473396, 53.540679790725], [-2.23722983442873, 53.5388605071248], [-2.23844853005743, 53.5387915861758], [-2.2393581654855, 53.5400804970018], [-2.24802079979285, 53.5441597369583], [-2.25173729405739, 53.5446085360149], [-2.25302386910416, 53.5439865189098], [-2.25875920490093, 53.5431545558291], [-2.26752461930851, 53.5380442373373], [-2.26846028211979, 53.5371019537608], [-2.26864438449613, 53.5359231375037], [-2.26837970099798, 53.535342162805], [-2.26776487078475, 53.5352366052289], [-2.26829736514191, 53.5349720389793], [-2.26739827165136, 53.5338001370979], [-2.26602258263073, 53.5302330424687], [-2.26986580827066, 53.5308311916631], [-2.27435983330003, 53.5309927795179], [-2.27905784033932, 53.5319526409634], [-2.28143970690021, 53.5330428243049], [-2.28314817363734, 53.5342603390484], [-2.28494734149223, 53.5368401944923], [-2.28552427462365, 53.5407202968903], [-2.28247327576283, 53.5423612082306], [-2.27785113287237, 53.5442051523191], [-2.26559814376314, 53.5479496574945], [-2.26055539229929, 53.5498051094902], [-2.25571607381388, 53.5519876553705], [-2.2506856960466, 53.5548547835254], [-2.24262428966101, 53.5615451988043], [-2.24168846094124, 53.5615839356578], [-2.24153588312412, 53.5613046981768], [-2.24086110295154, 53.5615667346767], [-2.24086950462971, 53.5611829375505], [-2.23905638086181, 53.5609106240305], [-2.23839557543483, 53.5601830214222], [-2.2378124821732, 53.5601257745593], [-2.23654236187895, 53.5592284530399]]]}, "properties": {"WD24CD": "E05014156"}}, {"type": "Feature", "geometry": {"type": "Polygon", "coordinates": [[[-2.27176557607027, 53.6144780078308], [-2.2666181775841, 53.6091535452641], [-2.26839993666397, 53.6089546870385], [-2.26915408225054, 53.6081995957101], [-2.27168236942172, 53.6090706613], [-2.27316923464947, 53.6088094035768], [-2.27424830325556, 53.608069038687], [-2.27519925479224, 53.6085002738098], [-2.27716581616326, 53.6086555326916], [-2.27159225289484, 53.5986444343669], [-2.27517711210034, 53.597965226337], [-2.2806781859439, 53.5974257552225], [-2.29096723382649, 53.5968563991586], [-2.2975094369081, 53.5948556734888], [-2.30146453163728, 53.5950030027086], [-2.30441346123609, 53.5946045335492], [-2.30742928346625, 53.5947486957432], [-2.3061027544324, 53.5962253279192], [-2.30386650109905, 53.5972619781121], [-2.3036311680833, 53.6002728233232], [-2.30114281129985, 53.6013909384538], [-2.29991773776878, 53.6025274920127], [-2.29975563618779, 53.6048163206004], [-2.30160344637139, 53.6075163171033], [-2.30103638568842, 53.608330334125], [-2.29971824472815, 53.6091461437486], [-2.30054805541147, 53.6100033745758], [-2.29992985084488, 53.6110637255449], [-2.29708501150111, 53.6125458470791], [-2.29687476485745, 53.6140375640828], [-2.29463457590851, 53.6146911600398], [-2.29455415989212, 53.6157249953048], [-2.29423082130709, 53.6157563425741], [-2.29353763512707, 53.6145419067817], [-2.29273466709608, 53.6155919784905], [-2.29126195708607, 53.616404475838], [-2.28629214390769, 53.6173828152298], [-2.28544458143605, 53.6186183200478], [-2.28285317435642, 53.6202632672166], [-2.28072705267627, 53.6209256977281], [-2.27824724936331, 53.6203170062921], [-2.27769213483228, 53.6186947304109], [-2.27601676791764, 53.6182367328027], [-2.2758075596689, 53.6188500130853], [-2.27255052543859, 53.6185123335402], [-2.27176557607027, 53.6144780078308]]]}, "properties": {"WD24CD": "E05014157"}}, {"type": "Feature", "geometry": {"type": "Polygon", "coordinates": [[[-2.28994634825133, 53.6352349880512], [-2.28878626089191, 53.6336563965717], [-2.28885987508526, 53.6328978902206], [-2.28697942604355, 53.631924252434], [-2.28590844430344, 53.6307762828589], [-2.28486673971987, 53.6281082964321], [-2.28351189881627, 53.6269943173825], [-2.28449591238678, 53.6253749980713], [-2.28245763328376, 53.6231057971869], [-2.28242293012607, 53.6217620563689], [-2.28316458440238, 53.6207760917618], [-2.28285317435642, 53.6202632672166], [-2.28544458143605, 53.6186183200478], [-2.28629214390769, 53.6173828152298], [-2.29126195708607, 53.616404475838], [-2.29273466709608, 53.6155919784905], [-2.29353763512707, 53.6145419067817], [-2.29423082130709, 53.6157563425741], [-2.29455415989212, 53.6157249953048], [-2.29463457590851, 53.6146911600398], [-2.29687476485745, 53.6140375640828], [-2.29708501150111, 53.6125458470791], [-2.29992985084488, 53.6110637255449], [-2.30054805541147, 53.6100033745758], [-2.30227146571303, 53.6102695938145], [-2.30604236849789, 53.6137834312684], [-2.30800944564671, 53.6163544338351], [-2.30925065645367, 53.6192571504645], [-2.31059144282351, 53.6184196145034], [-2.31228393449635, 53.6190678652284], [-2.31334272573437, 53.6187316903038], [-2.31455345428203, 53.619194798928], [-2.31638473112953, 53.619052474668], [-2.31672298750047, 53.6196070613882], [-2.32009477664644, 53.6202604564305], [-2.32254401295599, 53.6180830091631], [-2.33000379866266, 53.621502784122], [-2.33104694228105, 53.620726852878], [-2.33376120957151, 53.6205971041507], [-2.33364896402364, 53.6196916832933], [-2.33409549288113, 53.6191417485198], [-2.33612926315351, 53.6192376325714], [-2.33817127418459, 53.6185335427996], [-2.34207918609328, 53.6205969965464], [-2.34370129220346, 53.6202193530758], [-2.34455168629138, 53.6203166517919], [-2.34506407957143, 53.6208778923819], [-2.34838179763458, 53.621570323779], [-2.3489022950398, 53.6220818582852], [-2.35119566463625, 53.6220770572837], [-2.35241087222603, 53.6214646714245], [-2.35426926217572, 53.621617089471], [-2.35583796205195, 53.621948544676], [-2.35546088940236, 53.6222981896817], [-2.35623032328329, 53.6224684258797], [-2.35716467106577, 53.6235370985402], [-2.35787046830257, 53.623696731788], [-2.35781241898426, 53.6246883031182], [-2.35977370920063, 53.6247300413269], [-2.35946757282966, 53.6249979288458], [-2.3605304041887, 53.6256939975758], [-2.36214708740256, 53.6248532587937], [-2.36531635920789, 53.6259320573757], [-2.36611443619786, 53.6255395454851], [-2.36518813305018, 53.6263135339697], [-2.36609696043145, 53.6266739569152], [-2.36707634205008, 53.6257541404319], [-2.36679024187759, 53.6264156483946], [-2.36725047454565, 53.626296433076], [-2.36837156315804, 53.6272502327297], [-2.36987276172559, 53.6272132483525], [-2.37024801897472, 53.6275977545906], [-2.37086502928186, 53.6275994354708], [-2.37079138101677, 53.6271340244568], [-2.37128347426099, 53.6270372481033], [-2.37187603572613, 53.6277185012671], [-2.37348665419234, 53.6274991388477], [-2.37554089086588, 53.6286877272862], [-2.3792932888165, 53.6292960033468], [-2.37912645804028, 53.6308524479524], [-2.37667501578786, 53.6311359221538], [-2.37628739664141, 53.6318103656984], [-2.37092771508817, 53.6320421161335], [-2.37101219067158, 53.631380945189], [-2.37044240532623, 53.6315893529705], [-2.36977258069408, 53.6325840932068], [-2.37027085555972, 53.6331698454808], [-2.3685591952577, 53.6351385280117], [-2.36828486678604, 53.6364939008035], [-2.36866082702589, 53.6369510997719], [-2.36478493534386, 53.6377022878162], [-2.3638054541114, 53.6362773788695], [-2.35996391522402, 53.6364432907579], [-2.35823604363346, 53.6374986650296], [-2.35454449590173, 53.6367162119536], [-2.35434047950506, 53.6375190430257], [-2.35215561206185, 53.6400812042599], [-2.3520138558295, 53.6408625623719], [-2.35054655353277, 53.6404986239562], [-2.34873036960167, 53.6393135871388], [-2.34860376547278, 53.6379378063523], [-2.34804495728664, 53.6373331669007], [-2.34368103081882, 53.6363412574498], [-2.33496601090127, 53.6331801069728], [-2.33437017141575, 53.6335637573321], [-2.33318105954998, 53.6335059716174], [-2.3305663169105, 53.6331204566476], [-2.32829565360922, 53.6322404440402], [-2.32561694455, 53.6323338743299], [-2.32492199200432, 53.6319758678503], [-2.32173928195614, 53.6317363468229], [-2.31958338448872, 53.633807317294], [-2.3160513192489, 53.6341346275432], [-2.31308109974632, 53.6336046611073], [-2.31388617407857, 53.6333387994776], [-2.31335295497931, 53.6332134978922], [-2.31365944954928, 53.6329475254851], [-2.31209659942057, 53.6328581606189], [-2.31139672490181, 53.6324851896978], [-2.31155359481909, 53.6312057516657], [-2.31001924551163, 53.6310667734487], [-2.30768733570979, 53.631253496269], [-2.30643411690645, 53.6321546565894], [-2.30528098675699, 53.6318204591969], [-2.30519940985626, 53.6320391109561], [-2.30011883006137, 53.6314820866299], [-2.30074526018651, 53.6330031456574], [-2.29920378768852, 53.6320946895079], [-2.29808227132482, 53.6327994536104], [-2.29693446840385, 53.6325947371503], [-2.29164684531956, 53.6350956941418], [-2.28994634825133, 53.6352349880512]]]}, "properties": {"WD24CD": "E05014158"}}, {"type": "Feature", "geometry": {"type": "Polygon", "coordinates": [[[-2.29602812329401, 53.5514615696701], [-2.29323968092686, 53.5501754812272], [-2.29109077564167, 53.5482366593462], [-2.29341934352814, 53.5477734938029], [-2.29110292675225, 53.544730423045], [-2.28907324454041, 53.5389596304951], [-2.29355070568087, 53.5377317219003], [-2.30112606096262, 53.5370198537449], [-2.30559184665137, 53.5361322534959], [-2.30945011851225, 53.534724652802], [-2.31366166893886, 53.5323525773665], [-2.31791205853413, 53.5306003226097], [-2.32678920621387, 53.5284975149776], [-2.32836038309956, 53.5295834334737], [-2.33520653781518, 53.5313468206485], [-2.33819354516769, 53.5336141394934], [-2.33709551471354, 53.5351936922401], [-2.33699025719107, 53.5358078534139], [-2.33773917064743, 53.5370226788635], [-2.33721671088572, 53.5371706147584], [-2.337310098538, 53.5375280481986], [-2.33788389910302, 53.5379731648149], [-2.33866928474311, 53.5380661820505], [-2.34136017643655, 53.5413399966792], [-2.34178446417839, 53.5432415252788], [-2.34147978194383, 53.5458821346348], [-2.34385334876756, 53.5452677508333], [-2.34421846689153, 53.5456387892791], [-2.34344898669037, 53.5460239572019], [-2.33566065802919, 53.5476297030221], [-2.33546205371338, 53.5471430711541], [-2.33195507609602, 53.5473955520404], [-2.33139311737184, 53.5475220075984], [-2.33147902558931, 53.5478938533971], [-2.32639674827836, 53.548183776034], [-2.32623389812079, 53.5478166313052], [-2.32541612849651, 53.5478530041979], [-2.3252124924164, 53.5468770434532], [-2.3249002359828, 53.546929752808], [-2.32458542466428, 53.5471735504279], [-2.32498403633813, 53.5478874527106], [-2.3245096257174, 53.547919300176], [-2.32457972871257, 53.5483042401387], [-2.32195024750338, 53.5480962701297], [-2.32175395329641, 53.5483474031367], [-2.32186817758798, 53.5497747919668], [-2.32252088689982, 53.549964924594], [-2.32265383065177, 53.5503669298475], [-2.31797999091746, 53.5511805327308], [-2.31690132825874, 53.5511143229741], [-2.31698877045213, 53.5508956441892], [-2.31437812826562, 53.5497295998552], [-2.31234872897693, 53.5498050320974], [-2.31309431561198, 53.5504214470544], [-2.31249542348313, 53.5506594395973], [-2.31338668545983, 53.5517743897556], [-2.31069326079358, 53.5521565962904], [-2.31103221847474, 53.5525980283949], [-2.31003632409852, 53.553152291132], [-2.31041643230378, 53.5534355569541], [-2.31122989068676, 53.5534025168768], [-2.31181813195575, 53.5540752778138], [-2.31220042495156, 53.5540086460903], [-2.31246053011734, 53.5550827071068], [-2.31201262351809, 53.5555504258149], [-2.31496163844618, 53.5567337850178], [-2.31711355782994, 53.5580066315011], [-2.3162733719708, 53.5584663356563], [-2.31513165337286, 53.5582499238642], [-2.3143116362346, 53.5593469277092], [-2.31364213504118, 53.5579434834975], [-2.31200561809864, 53.5573346010133], [-2.30723469858661, 53.5573258995247], [-2.30592612774188, 53.557971042753], [-2.30483208049536, 53.5593372474005], [-2.30197252060671, 53.5602563421361], [-2.30081884699699, 53.5618378059721], [-2.2986387982959, 53.5630144460774], [-2.29646963216824, 53.5632913266676], [-2.29488230822703, 53.5639322193515], [-2.29375065274499, 53.5646560129875], [-2.29232657748295, 53.5665427208836], [-2.2908162714344, 53.5640792144001], [-2.29715466887009, 53.5535858178013], [-2.29602812329401, 53.5514615696701]]]}, "properties": {"WD24CD": "E05014159"}}, {"type": "Feature", "geometry": {"type": "Polygon", "coordinates": [[[-2.31387226910328, 53.5792032068737], [-2.31335052986841, 53.5779924959588], [-2.31080721613884, 53.5775654779437], [-2.30536617211862, 53.5774622215122], [-2.30368123230337, 53.576867768073], [-2.30277731674837, 53.5759612637507], [-2.30260829762521, 53.5747070385773], [-2.30394799071493, 53.5732467882756], [-2.30354517645854, 53.5726707538325], [-2.30244369701074, 53.5721566985426], [-2.29960003203766, 53.5720326971207], [-2.29718577966988, 53.5714441740786], [-2.29603309469869, 53.5708389746495], [-2.29558815089017, 53.5700410714276], [-2.29584968334757, 53.5694274161659], [-2.29788052844137, 53.5685558588649], [-2.30180040797331, 53.569190439857], [-2.30386711912412, 53.5691213841193], [-2.30452354074276, 53.5688518421785], [-2.30141218786858, 53.5651403948327], [-2.30081884699699, 53.5618378059721], [-2.30197252060671, 53.5602563421361], [-2.30483208049536, 53.5593372474005], [-2.30592612774188, 53.557971042753], [-2.30723469858661, 53.5573258995247], [-2.31200561809864, 53.5573346010133], [-2.31364213504118, 53.5579434834975], [-2.3143116362346, 53.5593469277092], [-2.31513165337286, 53.5582499238642], [-2.3162733719708, 53.5584663356563], [-2.31711355782994, 53.5580066315011], [-2.31496163844618, 53.5567337850178], [-2.32425578802361, 53.5572758138874], [-2.32798658531581, 53.5583263003668], [-2.32921332989306, 53.5594068696002], [-2.3276275876449, 53.5612592351313], [-2.32845219962473, 53.5626564004048], [-2.33043394184326, 53.5635470687262], [-2.33269612617584, 53.5634254782871], [-2.33383861390354, 53.565114881207], [-2.33508349449582, 53.5665444554414], [-2.33938899721992, 53.5755044655228], [-2.33693164468832, 53.5771224860255], [-2.33806729138679, 53.5780617269901], [-2.3389371726797, 53.5775846811043], [-2.34035165557301, 53.5779646869516], [-2.33804309233847, 53.5811812328181], [-2.33806762378206, 53.5818484965792], [-2.33689107362784, 53.582116299927], [-2.33632650635161, 53.5817952998339], [-2.33281583865506, 53.5816256385397], [-2.33087361391513, 53.580467938481], [-2.32825153642981, 53.5818471169866], [-2.32668953639011, 53.5810177572663], [-2.32352771620943, 53.5826303084404], [-2.32284147467516, 53.5826380421851], [-2.32159508743297, 53.5820427225988], [-2.32019584672234, 53.5820407896593], [-2.31921877520172, 53.5825176559176], [-2.31935996481481, 53.5834824935179], [-2.31855474929545, 53.5841304051533], [-2.31794148028012, 53.5838816748983], [-2.31776561388715, 53.5832839394168], [-2.31610419831142, 53.5827656179445], [-2.31568926118802, 53.5821550908396], [-2.31588089413345, 53.581114660304], [-2.31716288067365, 53.5798519906027], [-2.31575787196514, 53.5793955593724], [-2.31431917141878, 53.5798999590586], [-2.31437283643794, 53.5792036583648], [-2.31387226910328, 53.5792032068737]]]}, "properties": {"WD24CD": "E05014160"}}, {"type": "Feature", "geometry": {"type": "Polygon", "coordinates": [[[-2.35465954378678, 53.5975731541707], [-2.35241834681789, 53.5975370222106], [-2.35095661602739, 53.5970981300405], [-2.35017493201034, 53.5964865026406], [-2.35053811144786, 53.5960091010195], [-2.3480035306438, 53.595544547333], [-2.34646822134672, 53.5947769288884], [-2.34638017833582, 53.5938055425833], [-2.34494474739291, 53.5936047126536], [-2.34374367163607, 53.5923259695275], [-2.34404988424743, 53.5920700177677], [-2.34370139573787, 53.5911930988851], [-2.34318155811204, 53.5913622219507], [-2.34210733080973, 53.5902386180775], [-2.3471983494537, 53.5899632584194], [-2.34691559393577, 53.5887124727643], [-2.34250849047491, 53.5892243773995], [-2.34180037664203, 53.588995916342], [-2.34120283930797, 53.5898129590115], [-2.33753593495989, 53.5856836414437], [-2.33399669746226, 53.5829959280398], [-2.33689107362784, 53.582116299927], [-2.33806762378206, 53.5818484965792], [-2.33804309233847, 53.5811812328181], [-2.34035165557301, 53.5779646869516], [-2.3389371726797, 53.5775846811043], [-2.33806729138679, 53.5780617269901], [-2.33693164468832, 53.5771224860255], [-2.33938899721992, 53.5755044655228], [-2.33508349449582, 53.5665444554414], [-2.33383861390354, 53.565114881207], [-2.33570992106597, 53.5650666537547], [-2.3364435414355, 53.5669337420365], [-2.33900676887707, 53.566583571222], [-2.339112895295, 53.5658804131515], [-2.34198961748276, 53.5655594423191], [-2.34485123737887, 53.5661669332918], [-2.3457369371319, 53.5653554026665], [-2.35117509737453, 53.56441109541], [-2.35325210459882, 53.5643510712963], [-2.35731481199533, 53.5632541690423], [-2.36099005310258, 53.5682757219222], [-2.36634917680742, 53.5685083731838], [-2.36818066605224, 53.5693593878342], [-2.36954464774986, 53.5704572189248], [-2.37095741875049, 53.5707341113046], [-2.37364642182354, 53.570353647475], [-2.37398245262946, 53.5714690062501], [-2.37385804407111, 53.5720869045781], [-2.372614222003, 53.5728367897079], [-2.37250654321833, 53.5738168561648], [-2.37323541284887, 53.5739278988924], [-2.37351463006104, 53.5764779369119], [-2.37481124023596, 53.5779407355258], [-2.37449440987736, 53.5801898067566], [-2.37524781328382, 53.580498447387], [-2.37663735366783, 53.5820275171625], [-2.37600792773134, 53.5824177742255], [-2.37530325435934, 53.5859119725737], [-2.37600104136713, 53.5865794060678], [-2.37614453447039, 53.5877726327839], [-2.37662413101648, 53.5878501983281], [-2.37649384529618, 53.5888303332237], [-2.37505082988621, 53.58964206368], [-2.37460953822531, 53.5904748162593], [-2.37610135634112, 53.591240488301], [-2.37589090422744, 53.5915278879147], [-2.37705749556499, 53.5929173749211], [-2.37688375671011, 53.5932914175472], [-2.37292613169598, 53.5940278583473], [-2.3689699786936, 53.5955132666784], [-2.36839157186418, 53.596057074314], [-2.36546745049581, 53.5972336493138], [-2.36345072410437, 53.5976226708086], [-2.35465954378678, 53.5975731541707]]]}, "properties": {"WD24CD": "E05014161"}}, {"type": "Feature", "geometry": {"type": "Polygon", "coordinates": [[[-2.33383861390354, 53.565114881207], [-2.33269612617584, 53.5634254782871], [-2.33043394184326, 53.5635470687262], [-2.32845219962473, 53.5626564004048], [-2.3276275876449, 53.5612592351313], [-2.32921332989306, 53.5594068696002], [-2.32798658531581, 53.5583263003668], [-2.32425578802361, 53.5572758138874], [-2.31496163844618, 53.5567337850178], [-2.31201262351809, 53.5555504258149], [-2.31246053011734, 53.5550827071068], [-2.31220042495156, 53.5540086460903], [-2.31181813195575, 53.5540752778138], [-2.31122989068676, 53.5534025168768], [-2.31041643230378, 53.5534355569541], [-2.31003632409852, 53.553152291132], [-2.31103221847474, 53.5525980283949], [-2.31069326079358, 53.5521565962904], [-2.31338668545983, 53.5517743897556], [-2.31249542348313, 53.5506594395973], [-2.31309431561198, 53.5504214470544], [-2.31234872897693, 53.5498050320974], [-2.31437812826562, 53.5497295998552], [-2.31698877045213, 53.5508956441892], [-2.31690132825874, 53.5511143229741], [-2.31797999091746, 53.5511805327308], [-2.32265383065177, 53.5503669298475], [-2.32252088689982, 53.549964924594], [-2.32186817758798, 53.5497747919668], [-2.32175395329641, 53.5483474031367], [-2.32195024750338, 53.5480962701297], [-2.32457972871257, 53.5483042401387], [-2.3245096257174, 53.547919300176], [-2.32498403633813, 53.5478874527106], [-2.32458542466428, 53.5471735504279], [-2.3249002359828, 53.546929752808], [-2.3252124924164, 53.5468770434532], [-2.32541612849651, 53.5478530041979], [-2.32623389812079, 53.5478166313052], [-2.32639674827836, 53.548183776034], [-2.33147902558931, 53.5478938533971], [-2.33139311737184, 53.5475220075984], [-2.33195507609602, 53.5473955520404], [-2.33546205371338, 53.5471430711541], [-2.33566065802919, 53.5476297030221], [-2.34344898669037, 53.5460239572019], [-2.34421846689153, 53.5456387892791], [-2.34754523947163, 53.5473540360524], [-2.35127813019793, 53.5477700545753], [-2.35585970646878, 53.5493249194952], [-2.36242875866279, 53.5504565851307], [-2.36232774070399, 53.5513449388594], [-2.36722083073136, 53.5516661539246], [-2.37358896596843, 53.5539141068701], [-2.37177063840441, 53.5543170319111], [-2.36820415002531, 53.55330164903], [-2.36671471395002, 53.5533466651529], [-2.36392549411526, 53.5554728300001], [-2.36218597004773, 53.5561153765633], [-2.36147571065365, 53.5554946461587], [-2.36097450270125, 53.553368640194], [-2.35971074128116, 53.5527918016788], [-2.3582956163498, 53.5532329347879], [-2.3570691853095, 53.5543852386651], [-2.35665682280383, 53.5561311187314], [-2.35591584131727, 53.5566978069911], [-2.35728582225928, 53.5578612168099], [-2.35601454119217, 53.5603448816975], [-2.35731481199533, 53.5632541690423], [-2.35325210459882, 53.5643510712963], [-2.35117509737453, 53.56441109541], [-2.3457369371319, 53.5653554026665], [-2.34485123737887, 53.5661669332918], [-2.34198961748276, 53.5655594423191], [-2.339112895295, 53.5658804131515], [-2.33900676887707, 53.566583571222], [-2.3364435414355, 53.5669337420365], [-2.33570992106597, 53.5650666537547], [-2.33383861390354, 53.565114881207]]]}, "properties": {"WD24CD": "E05014162"}}, {"type": "Feature", "geometry": {"type": "Polygon", "coordinates": [[[-2.32530257530169, 53.6554129547988], [-2.3204326366558, 53.656006616311], [-2.32009201479427, 53.6556044100683], [-2.3184748191458, 53.6552190840933], [-2.316664441188, 53.6549146930186], [-2.31672617730026, 53.6552776490694], [-2.31558261392264, 53.6550552462198], [-2.31564651620345, 53.6557490488347], [-2.3134249834562, 53.6577260781956], [-2.31355322804476, 53.6586420600984], [-2.31197774572283, 53.6591366521226], [-2.31176599230151, 53.65982407252], [-2.3106656110599, 53.6599713687256], [-2.30994750025211, 53.6604940874138], [-2.30839614448915, 53.6607234208055], [-2.30697233889293, 53.6614096306442], [-2.30702621830638, 53.6619504847399], [-2.306030235226, 53.6630424760652], [-2.30389289292564, 53.6638928822705], [-2.30403816891816, 53.6644581328106], [-2.300210961778, 53.6670448388103], [-2.29900613061694, 53.6667094526584], [-2.29579611536549, 53.6643911452336], [-2.29589217844305, 53.6626349947597], [-2.2937918859435, 53.6579298897173], [-2.29429315579149, 53.6572316352563], [-2.29386253745761, 53.6561268046434], [-2.29550431486216, 53.6556217676313], [-2.29641564482857, 53.6549784859071], [-2.29557369327673, 53.654921157748], [-2.29556811232501, 53.6530462644773], [-2.29716119602961, 53.6526072965501], [-2.29770144578406, 53.6517682668781], [-2.29733765488961, 53.6501902399639], [-2.29758007826741, 53.6483342336318], [-2.29576696020332, 53.6414504554327], [-2.29512442387833, 53.640090691527], [-2.29237603719786, 53.638041121706], [-2.29125095665583, 53.6362947634208], [-2.28994634825133, 53.6352349880512], [-2.29164684531956, 53.6350956941418], [-2.29693446840385, 53.6325947371503], [-2.29808227132482, 53.6327994536104], [-2.29920378768852, 53.6320946895079], [-2.30074526018651, 53.6330031456574], [-2.30011883006137, 53.6314820866299], [-2.30519940985626, 53.6320391109561], [-2.30528098675699, 53.6318204591969], [-2.30643411690645, 53.6321546565894], [-2.30768733570979, 53.631253496269], [-2.31001924551163, 53.6310667734487], [-2.31155359481909, 53.6312057516657], [-2.31139672490181, 53.6324851896978], [-2.31209659942057, 53.6328581606189], [-2.31365944954928, 53.6329475254851], [-2.31335295497931, 53.6332134978922], [-2.31388617407857, 53.6333387994776], [-2.31308109974632, 53.6336046611073], [-2.3160513192489, 53.6341346275432], [-2.31958338448872, 53.633807317294], [-2.32173928195614, 53.6317363468229], [-2.32492199200432, 53.6319758678503], [-2.32561694455, 53.6323338743299], [-2.32829565360922, 53.6322404440402], [-2.3305663169105, 53.6331204566476], [-2.33318105954998, 53.6335059716174], [-2.33437017141575, 53.6335637573321], [-2.33496601090127, 53.6331801069728], [-2.34368103081882, 53.6363412574498], [-2.34804495728664, 53.6373331669007], [-2.34860376547278, 53.6379378063523], [-2.34873036960167, 53.6393135871388], [-2.35054655353277, 53.6404986239562], [-2.3520138558295, 53.6408625623719], [-2.35215561206185, 53.6400812042599], [-2.35434047950506, 53.6375190430257], [-2.35454449590173, 53.6367162119536], [-2.35823604363346, 53.6374986650296], [-2.35996391522402, 53.6364432907579], [-2.3638054541114, 53.6362773788695], [-2.36478493534386, 53.6377022878162], [-2.36866082702589, 53.6369510997719], [-2.36904093861028, 53.6371039376828], [-2.36855459458696, 53.6379766676293], [-2.37006104026512, 53.6380179437637], [-2.3724375226974, 53.6423432496856], [-2.37051891186368, 53.6446515384507], [-2.36916874783442, 53.645072857139], [-2.36700915951826, 53.6450115535173], [-2.36666536096028, 53.6467415761928], [-2.36703495921455, 53.6476689227769], [-2.3661230584155, 53.6506361983955], [-2.36548314827373, 53.6520021960352], [-2.36286914963099, 53.6549768659845], [-2.36264954975664, 53.6559199377865], [-2.3688492702931, 53.6631049781756], [-2.37123619444388, 53.667080653593], [-2.36160694791808, 53.665070759429], [-2.3555698327065, 53.6645072928127], [-2.35540003884025, 53.6594537970936], [-2.35333854602095, 53.6584829010405], [-2.33340226346198, 53.6551865672731], [-2.32659105812242, 53.6555843589265], [-2.32530257530169, 53.6554129547988]]]}, "properties": {"WD24CD": "E05014163"}}, {"type": "Feature", "geometry": {"type": "Polygon", "coordinates": [[[-2.30441346123609, 53.5946045335492], [-2.30399495193624, 53.5941657890084], [-2.30391377410425, 53.592508875172], [-2.30171931506493, 53.5912169021932], [-2.30140301302464, 53.5900207948011], [-2.29962670113642, 53.5892349267123], [-2.29560654651736, 53.5884831137393], [-2.27805683933133, 53.5873281966543], [-2.27798912938037, 53.5859872422955], [-2.27858227423339, 53.585462799707], [-2.28011516464589, 53.5858519689744], [-2.28185355438963, 53.5869470864123], [-2.28243820320745, 53.586722856917], [-2.28244355203071, 53.5841242762575], [-2.28143890308408, 53.5827433974997], [-2.28210002902558, 53.5813126602238], [-2.28211844971456, 53.5800012456036], [-2.28391926573545, 53.5793863157475], [-2.28574759612904, 53.5793047914611], [-2.28714905307117, 53.5784059179693], [-2.28699806893577, 53.5779185429879], [-2.28595781148138, 53.5775215508609], [-2.2853216517157, 53.5765771660773], [-2.2837904303636, 53.5754834013435], [-2.28623938633873, 53.5724835031699], [-2.28729723127725, 53.5723740243225], [-2.28849134056448, 53.5727486255853], [-2.28999737457019, 53.5745794874104], [-2.29150418721489, 53.5747967402714], [-2.29241618841715, 53.5745324950073], [-2.29310953286802, 53.5739885269125], [-2.29294762222579, 53.5736359558333], [-2.29480656387794, 53.5741474732097], [-2.29492378254192, 53.574607472531], [-2.29579540039156, 53.5746410831509], [-2.29610794320669, 53.5754531850244], [-2.30050846933811, 53.5751031766944], [-2.30122093233003, 53.5762218809097], [-2.30277731674837, 53.5759612637507], [-2.30368123230337, 53.576867768073], [-2.30536617211862, 53.5774622215122], [-2.31080721613884, 53.5775654779437], [-2.31335052986841, 53.5779924959588], [-2.31387226910328, 53.5792032068737], [-2.31368342291695, 53.580012653885], [-2.31214077559501, 53.5817750829535], [-2.31238065756855, 53.5829564244094], [-2.31164720737475, 53.5853421119914], [-2.31240037040339, 53.5860406453404], [-2.31249451517037, 53.5868032438232], [-2.30883672588024, 53.5902859426102], [-2.30742865006903, 53.5929960106338], [-2.30742928346625, 53.5947486957432], [-2.30441346123609, 53.5946045335492]]]}, "properties": {"WD24CD": "E05014164"}}, {"type": "Feature", "geometry": {"type": "Polygon", "coordinates": [[[-2.26602258263073, 53.5302330424687], [-2.26584844847875, 53.5270029289998], [-2.26411429994798, 53.5246904863892], [-2.26247965187197, 53.5249996900377], [-2.25675627051014, 53.5271675459315], [-2.24664494747926, 53.52923635322], [-2.24856679386294, 53.5251156638058], [-2.24880475414338, 53.5248059633902], [-2.25178506959614, 53.5257605843345], [-2.25145481465931, 53.5240157677993], [-2.25347744095936, 53.5242532234575], [-2.2528666100124, 53.5224946277396], [-2.25349683317116, 53.5224456701474], [-2.25341915171212, 53.5218094527656], [-2.25441380018913, 53.5216670749434], [-2.25422224786203, 53.5206670823571], [-2.256491153678, 53.5202586902763], [-2.25623599994771, 53.5199545246771], [-2.25665513354359, 53.5196974404987], [-2.25696583528548, 53.5179457842999], [-2.25856495275855, 53.5180251063517], [-2.25901527168095, 53.5184196027286], [-2.2707164276302, 53.5173161372134], [-2.27157410681021, 53.5174948330964], [-2.27446754334286, 53.5164187280991], [-2.27934289997168, 53.5158880222802], [-2.27985602733672, 53.516388425894], [-2.27816055699073, 53.5170385918511], [-2.27647653212748, 53.5196831972667], [-2.27846541398675, 53.5214484814928], [-2.27630393681262, 53.5235252026673], [-2.28127503278213, 53.5286641058876], [-2.27885591020627, 53.5290076705624], [-2.27898267855176, 53.5293620630427], [-2.2773216708263, 53.5295882902462], [-2.27381409593948, 53.5287116157248], [-2.27435983330003, 53.5309927795179], [-2.26986580827066, 53.5308311916631], [-2.26602258263073, 53.5302330424687]]]}, "properties": {"WD24CD": "E05014165"}}, {"type": "Feature", "geometry": {"type": "Polygon", "coordinates": [[[-2.27435983330003, 53.5309927795179], [-2.27381409593948, 53.5287116157248], [-2.2773216708263, 53.5295882902462], [-2.27898267855176, 53.5293620630427], [-2.27885591020627, 53.5290076705624], [-2.28127503278213, 53.5286641058876], [-2.27630393681262, 53.5235252026673], [-2.27846541398675, 53.5214484814928], [-2.27647653212748, 53.5196831972667], [-2.27816055699073, 53.5170385918511], [-2.27985602733672, 53.516388425894], [-2.27934289997168, 53.5158880222802], [-2.28054167221758, 53.5158591921363], [-2.28253135941439, 53.5152424525916], [-2.28509907793777, 53.5135736053432], [-2.28952111273196, 53.512766644102], [-2.29079629439424, 53.5120211674558], [-2.29174185296135, 53.5140151601734], [-2.29435441555725, 53.5154110270667], [-2.29598114828292, 53.5157629623504], [-2.29769658493889, 53.515655304432], [-2.30225967656347, 53.5170874729619], [-2.30259746088201, 53.5177265833636], [-2.30207051289373, 53.5203974734934], [-2.30286370479433, 53.5218748779604], [-2.31047252571556, 53.5271872431388], [-2.31226715979781, 53.5275313125324], [-2.31945860261919, 53.527005479587], [-2.32312912128585, 53.5270531360946], [-2.3245170315486, 53.5272678216916], [-2.32678920621387, 53.5284975149776], [-2.31791205853413, 53.5306003226097], [-2.31366166893886, 53.5323525773665], [-2.30945011851225, 53.534724652802], [-2.30559184665137, 53.5361322534959], [-2.30112606096262, 53.5370198537449], [-2.29355070568087, 53.5377317219003], [-2.28907324454041, 53.5389596304951], [-2.28552427462365, 53.5407202968903], [-2.28494734149223, 53.5368401944923], [-2.28314817363734, 53.5342603390484], [-2.28143970690021, 53.5330428243049], [-2.27905784033932, 53.5319526409634], [-2.27435983330003, 53.5309927795179]]]}, "properties": {"WD24CD": "E05014166"}}, {"type": "Feature", "geometry": {"type": "Polygon", "coordinates": [[[-2.32254401295599, 53.6180830091631], [-2.32089503934481, 53.6165515820412], [-2.32242196214165, 53.6155812315666], [-2.32249492881899, 53.6148358405041], [-2.32349255090686, 53.6146300676868], [-2.32362216945611, 53.6131951297641], [-2.32647280862486, 53.6132044630199], [-2.32628405808012, 53.6144714671068], [-2.32851279726684, 53.6146487307829], [-2.32823901554323, 53.6156004543003], [-2.32934621927169, 53.6157832579406], [-2.33029509196353, 53.6144716900319], [-2.33010582174124, 53.6138952644722], [-2.32882208085213, 53.6131158387769], [-2.32885052286676, 53.6118347117506], [-2.32817146835513, 53.6103576621384], [-2.32707472682989, 53.6096085244784], [-2.32502819368932, 53.6094568251805], [-2.32392667634546, 53.6089093425449], [-2.32345214649969, 53.6077594340429], [-2.3219378779599, 53.6079774707334], [-2.3214263375409, 53.6076826469243], [-2.32330451581793, 53.6073030163124], [-2.32203912016022, 53.6068291506016], [-2.32321682572623, 53.6059358694735], [-2.32398572911203, 53.6058897462666], [-2.32334168767623, 53.6048394306966], [-2.3242218203318, 53.6048067718837], [-2.32478818860646, 53.6042090144628], [-2.32511252151704, 53.6031528364066], [-2.324762385043, 53.6024203636138], [-2.32576885386861, 53.600844655219], [-2.32316302835626, 53.6003770911941], [-2.32068510380999, 53.5990058708466], [-2.32248023749762, 53.5984095959808], [-2.3221612648026, 53.5970127967058], [-2.32025370756542, 53.5973462185753], [-2.31980949954043, 53.595919778918], [-2.3231861577798, 53.5954882785855], [-2.32399074132126, 53.5967669449231], [-2.32541327349928, 53.5966615429164], [-2.32725335136484, 53.5972119380148], [-2.33394095850005, 53.5973867405805], [-2.33748781312749, 53.5984077513135], [-2.33919702029417, 53.5984451627725], [-2.34212656043067, 53.5976207035679], [-2.34472897641026, 53.5964558635688], [-2.34862202068918, 53.5975036971197], [-2.34927107985981, 53.5979515366903], [-2.34970731665592, 53.5978013990432], [-2.35105252702089, 53.5981383720377], [-2.35096090743382, 53.5992260589722], [-2.35476944089134, 53.5992398284021], [-2.35465954378678, 53.5975731541707], [-2.36345072410437, 53.5976226708086], [-2.36546745049581, 53.5972336493138], [-2.36839157186418, 53.596057074314], [-2.36945500440027, 53.5974172998407], [-2.36848844268177, 53.597982974848], [-2.36864593733305, 53.5983716646324], [-2.36680416905786, 53.60013458737], [-2.36632088475216, 53.6019184875451], [-2.36461375297643, 53.6030094517349], [-2.36514132074995, 53.6042680103255], [-2.36444992128353, 53.6047034119236], [-2.36367594081694, 53.6060719654031], [-2.36403780757908, 53.6066811803535], [-2.36364071573204, 53.6077870101869], [-2.36454329648024, 53.6090471256153], [-2.36299441860479, 53.6103066076584], [-2.36856898138956, 53.6155495553671], [-2.36941890454384, 53.6152539067854], [-2.37419330971527, 53.616187322331], [-2.37502197750845, 53.6170673951841], [-2.37630457743265, 53.6174938719769], [-2.37492476159353, 53.6180375334887], [-2.37535322710926, 53.6184523186782], [-2.37601793783471, 53.6182264840548], [-2.37764533294638, 53.6205205385828], [-2.37943642698578, 53.6202982202539], [-2.37967530336892, 53.6208170183575], [-2.37681381007062, 53.6211936798554], [-2.37729642552462, 53.6219157794908], [-2.37635911508124, 53.6220795793307], [-2.37680949906607, 53.6220664792572], [-2.37802074117827, 53.6232760899926], [-2.38345547886356, 53.6255453829044], [-2.38117943627283, 53.6273386643764], [-2.37904328673792, 53.6270407507512], [-2.3792932888165, 53.6292960033468], [-2.37554089086588, 53.6286877272862], [-2.37348665419234, 53.6274991388477], [-2.37187603572613, 53.6277185012671], [-2.37128347426099, 53.6270372481033], [-2.37079138101677, 53.6271340244568], [-2.37086502928186, 53.6275994354708], [-2.37024801897472, 53.6275977545906], [-2.36987276172559, 53.6272132483525], [-2.36837156315804, 53.6272502327297], [-2.36725047454565, 53.626296433076], [-2.36679024187759, 53.6264156483946], [-2.36707634205008, 53.6257541404319], [-2.36609696043145, 53.6266739569152], [-2.36518813305018, 53.6263135339697], [-2.36611443619786, 53.6255395454851], [-2.36531635920789, 53.6259320573757], [-2.36214708740256, 53.6248532587937], [-2.3605304041887, 53.6256939975758], [-2.35946757282966, 53.6249979288458], [-2.35977370920063, 53.6247300413269], [-2.35781241898426, 53.6246883031182], [-2.35787046830257, 53.623696731788], [-2.35716467106577, 53.6235370985402], [-2.35623032328329, 53.6224684258797], [-2.35546088940236, 53.6222981896817], [-2.35583796205195, 53.621948544676], [-2.35426926217572, 53.621617089471], [-2.35241087222603, 53.6214646714245], [-2.35119566463625, 53.6220770572837], [-2.3489022950398, 53.6220818582852], [-2.34838179763458, 53.621570323779], [-2.34506407957143, 53.6208778923819], [-2.34455168629138, 53.6203166517919], [-2.34370129220346, 53.6202193530758], [-2.34207918609328, 53.6205969965464], [-2.33817127418459, 53.6185335427996], [-2.33612926315351, 53.6192376325714], [-2.33409549288113, 53.6191417485198], [-2.33364896402364, 53.6196916832933], [-2.33376120957151, 53.6205971041507], [-2.33104694228105, 53.620726852878], [-2.33000379866266, 53.621502784122], [-2.32254401295599, 53.6180830091631]]]}, "properties": {"WD24CD": "E05014167"}}, {"type": "Feature", "geometry": {"type": "Polygon", "coordinates": [[[-2.25067861238344, 53.5784346659036], [-2.25032185214815, 53.5765990953542], [-2.24669098458976, 53.5736836784707], [-2.24330452949509, 53.5717042331655], [-2.24402499377091, 53.5701594700749], [-2.24512642731232, 53.5702641480317], [-2.24552443050967, 53.5686032213982], [-2.24329121590402, 53.5677970032106], [-2.245861163483, 53.565482689179], [-2.24716426383458, 53.5634270373709], [-2.24809446994987, 53.563186900261], [-2.24717193450864, 53.5618801305117], [-2.24649079024427, 53.5615777283872], [-2.24423352087735, 53.5620462025511], [-2.24268242708484, 53.5615588068712], [-2.24262428966101, 53.5615451988043], [-2.2506856960466, 53.5548547835254], [-2.25571607381388, 53.5519876553705], [-2.26055539229929, 53.5498051094902], [-2.26439505208639, 53.5534725449877], [-2.26738727975379, 53.5578474073097], [-2.26906887363236, 53.5570134909264], [-2.26984094760398, 53.5572059605425], [-2.27143292198796, 53.5581180109043], [-2.27322100321783, 53.5603395089456], [-2.27408136534403, 53.5600696680957], [-2.27795717421423, 53.5573866272089], [-2.28239780530783, 53.5554949332318], [-2.28498230176404, 53.5525082871377], [-2.28536135978425, 53.5526385837712], [-2.28509367043213, 53.5530086294507], [-2.28648459615237, 53.5533513269172], [-2.28643045197222, 53.5536076405202], [-2.28953731437649, 53.5534518504614], [-2.28996035657141, 53.5530760242446], [-2.28974082652006, 53.5527493878765], [-2.2902593309827, 53.552648291522], [-2.29007148472944, 53.5523323607736], [-2.29166578756649, 53.5519563599334], [-2.29197450984998, 53.5522935563947], [-2.29602812329401, 53.5514615696701], [-2.29715466887009, 53.5535858178013], [-2.2908162714344, 53.5640792144001], [-2.29232657748295, 53.5665427208836], [-2.29375065274499, 53.5646560129875], [-2.29488230822703, 53.5639322193515], [-2.29646963216824, 53.5632913266676], [-2.2986387982959, 53.5630144460774], [-2.30081884699699, 53.5618378059721], [-2.30141218786858, 53.5651403948327], [-2.30452354074276, 53.5688518421785], [-2.30386711912412, 53.5691213841193], [-2.30180040797331, 53.569190439857], [-2.29788052844137, 53.5685558588649], [-2.29584968334757, 53.5694274161659], [-2.29558815089017, 53.5700410714276], [-2.29603309469869, 53.5708389746495], [-2.29718577966988, 53.5714441740786], [-2.29960003203766, 53.5720326971207], [-2.30244369701074, 53.5721566985426], [-2.30354517645854, 53.5726707538325], [-2.30394799071493, 53.5732467882756], [-2.30260829762521, 53.5747070385773], [-2.30277731674837, 53.5759612637507], [-2.30122093233003, 53.5762218809097], [-2.30050846933811, 53.5751031766944], [-2.29610794320669, 53.5754531850244], [-2.29579540039156, 53.5746410831509], [-2.29492378254192, 53.574607472531], [-2.29480656387794, 53.5741474732097], [-2.29294762222579, 53.5736359558333], [-2.29310953286802, 53.5739885269125], [-2.29241618841715, 53.5745324950073], [-2.29150418721489, 53.5747967402714], [-2.28999737457019, 53.5745794874104], [-2.28849134056448, 53.5727486255853], [-2.28729723127725, 53.5723740243225], [-2.28623938633873, 53.5724835031699], [-2.2837904303636, 53.5754834013435], [-2.2853216517157, 53.5765771660773], [-2.28595781148138, 53.5775215508609], [-2.28699806893577, 53.5779185429879], [-2.28714905307117, 53.5784059179693], [-2.28574759612904, 53.5793047914611], [-2.28391926573545, 53.5793863157475], [-2.28211844971456, 53.5800012456036], [-2.28210002902558, 53.5813126602238], [-2.28143890308408, 53.5827433974997], [-2.28071984533563, 53.5827298186041], [-2.28039234134399, 53.5820951218837], [-2.2789528659606, 53.5820850235435], [-2.27874069768652, 53.5815237351142], [-2.27763242649527, 53.5808926518253], [-2.2776364376763, 53.5801169977452], [-2.2735984678181, 53.5793038805885], [-2.27218245804947, 53.5794230400289], [-2.2710517666567, 53.5799748247412], [-2.26909356369595, 53.5803369852363], [-2.26848474331881, 53.5807923159466], [-2.26779348148136, 53.5822939402906], [-2.26798954925132, 53.5836804425869], [-2.2676106872786, 53.5844479496222], [-2.265495596116, 53.5856031907931], [-2.26106297272018, 53.5847473602432], [-2.259239989758, 53.5852699805241], [-2.25512018493829, 53.5829328574669], [-2.25458124693215, 53.5824657615748], [-2.25449005366509, 53.5808624580879], [-2.25067861238344, 53.5784346659036]]]}, "properties": {"WD24CD": "E05014168"}}, {"type": "Feature", "geometry": {"type": "Polygon", "coordinates": [[[-2.06186634293345, 53.5223111035781], [-2.06157264964859, 53.5215670495093], [-2.06256184647782, 53.5204006896273], [-2.06100684356088, 53.5188777121954], [-2.06073617232683, 53.5165128098494], [-2.06232556427942, 53.5160779591397], [-2.06241359554413, 53.5132307905085], [-2.05971342737412, 53.5134890492075], [-2.05816452255436, 53.5131423628738], [-2.05593488830897, 53.5137807382505], [-2.05653777203231, 53.5131527863117], [-2.0547056900279, 53.5111645708526], [-2.05657014643446, 53.50938302146], [-2.05632402105312, 53.5057069129454], [-2.05804921038022, 53.5036611330653], [-2.05893290782479, 53.5016652734492], [-2.06192956646225, 53.4992484785115], [-2.06568770006876, 53.4982505107944], [-2.06595125818704, 53.49757666594], [-2.0663943744608, 53.4979310343751], [-2.06799535042905, 53.4971902929361], [-2.06775579543084, 53.4967268248167], [-2.06817517070796, 53.4971111261053], [-2.06875491424787, 53.4968459571691], [-2.06851935739301, 53.4987462524376], [-2.06919018453011, 53.4989264137368], [-2.06935789208394, 53.4996224813945], [-2.07367869287968, 53.5008563185424], [-2.07879731561412, 53.5005028158934], [-2.08215009556553, 53.4990595536348], [-2.08287253247539, 53.4992234979508], [-2.08370424830541, 53.4982162183196], [-2.08475239422249, 53.4981454739094], [-2.08531288939808, 53.4968639739842], [-2.0856535252276, 53.4969662873235], [-2.08639881240847, 53.4963011246994], [-2.08704513811816, 53.4965046910955], [-2.08729659320366, 53.4962351876895], [-2.08889437569587, 53.4967926014533], [-2.09105246045678, 53.4975318017874], [-2.09292294161301, 53.4977649253301], [-2.09516186642027, 53.4971783801848], [-2.09716513362124, 53.5022081368704], [-2.09727860888558, 53.5063678417335], [-2.09661408087405, 53.5085471683977], [-2.09603480942169, 53.5091327921313], [-2.09562669531384, 53.5086486056278], [-2.09470184947467, 53.5084165217699], [-2.09131681312448, 53.5084092795919], [-2.08945673996728, 53.5087171961134], [-2.08696915741659, 53.5103602988758], [-2.08434301137656, 53.5114399528883], [-2.08301227530518, 53.5126453602387], [-2.08297457613896, 53.5134021740851], [-2.08156848717868, 53.5138741961947], [-2.08069044052995, 53.5136896043479], [-2.07936543172162, 53.5139853337386], [-2.07747578483536, 53.5147631534237], [-2.07720520724381, 53.5202741778797], [-2.07516532694513, 53.5206610912651], [-2.07483144868142, 53.5212419728956], [-2.07114231590851, 53.5213017905409], [-2.0706965835213, 53.5217362595347], [-2.06472979248158, 53.5228165192791], [-2.06421010918662, 53.5212600046276], [-2.06344239960332, 53.5212316734954], [-2.06186634293345, 53.5223111035781]]]}, "properties": {"WD24CD": "E05014519"}}, {"type": "Feature", "geometry": {"type": "Polygon", "coordinates": [[[-2.06875491424787, 53.4968459571691], [-2.06813578912425, 53.4944128530835], [-2.06826334262444, 53.4920748317448], [-2.06956123808758, 53.4903303721136], [-2.07395856049632, 53.4862856237495], [-2.07294516840389, 53.4859500810099], [-2.07490303964604, 53.480753498748], [-2.07583463499746, 53.4827016059094], [-2.08013890679665, 53.4823149431786], [-2.08477414245241, 53.4828590509292], [-2.08677969232322, 53.4819825237812], [-2.08845801139701, 53.4818517234856], [-2.08914776407739, 53.4824363728758], [-2.08954411061597, 53.4846093951964], [-2.08832716120356, 53.4871702656566], [-2.08779233589221, 53.4872829821499], [-2.08743989132166, 53.4881290741935], [-2.08670092569805, 53.4884191857947], [-2.08770014646804, 53.4893784365749], [-2.08784830594141, 53.4900832197222], [-2.09052120304035, 53.4906577245001], [-2.0893646199966, 53.4935182587158], [-2.0903346570846, 53.4934295776404], [-2.09224496792324, 53.4945632925836], [-2.08889437569587, 53.4967926014533], [-2.08729659320366, 53.4962351876895], [-2.08704513811816, 53.4965046910955], [-2.08639881240847, 53.4963011246994], [-2.0856535252276, 53.4969662873235], [-2.08531288939808, 53.4968639739842], [-2.08475239422249, 53.4981454739094], [-2.08370424830541, 53.4982162183196], [-2.08287253247539, 53.4992234979508], [-2.08215009556553, 53.4990595536348], [-2.07879731561412, 53.5005028158934], [-2.07367869287968, 53.5008563185424], [-2.06935789208394, 53.4996224813945], [-2.06919018453011, 53.4989264137368], [-2.06851935739301, 53.4987462524376], [-2.06875491424787, 53.4968459571691]]]}, "properties": {"WD24CD": "E05014520"}}, {"type": "Feature", "geometry": {"type": "Polygon", "coordinates": [[[-2.07720520724381, 53.5202741778797], [-2.07747578483536, 53.5147631534237], [-2.07936543172162, 53.5139853337386], [-2.08069044052995, 53.5136896043479], [-2.08156848717868, 53.5138741961947], [-2.08297457613896, 53.5134021740851], [-2.08301227530518, 53.5126453602387], [-2.08434301137656, 53.5114399528883], [-2.08696915741659, 53.5103602988758], [-2.08945673996728, 53.5087171961134], [-2.09131681312448, 53.5084092795919], [-2.09470184947467, 53.5084165217699], [-2.09562669531384, 53.5086486056278], [-2.09603480942169, 53.5091327921313], [-2.09661408087405, 53.5085471683977], [-2.09727860888558, 53.5063678417335], [-2.09716513362124, 53.5022081368704], [-2.09516186642027, 53.4971783801848], [-2.09292294161301, 53.4977649253301], [-2.09105246045678, 53.4975318017874], [-2.08889437569587, 53.4967926014533], [-2.09224496792324, 53.4945632925836], [-2.09265350999639, 53.494289901751], [-2.09455386153481, 53.4941905657575], [-2.09449154192753, 53.4954006547428], [-2.095050061164, 53.4954412209758], [-2.09687370482132, 53.4939290405748], [-2.0970492879706, 53.4932854387022], [-2.09821717254637, 53.4925780877705], [-2.09993719113259, 53.4923309894172], [-2.09961809933733, 53.4917639580289], [-2.11238960646048, 53.4921663909283], [-2.11835086923888, 53.4917075329991], [-2.12602006270201, 53.4990224678505], [-2.12444665282843, 53.4996587965054], [-2.12331738142678, 53.5006666563306], [-2.12151466830229, 53.5007817360345], [-2.12069293302921, 53.5012616974245], [-2.11968483281177, 53.5057272287728], [-2.11822548038484, 53.5057493569225], [-2.1163287496038, 53.5063067275447], [-2.11078859639092, 53.508331659195], [-2.10331149360778, 53.5096713333059], [-2.10235574502973, 53.5109962133964], [-2.09996288410869, 53.5117262743656], [-2.09946094829498, 53.5124717962841], [-2.09964976458831, 53.513254569011], [-2.09902870206136, 53.5140046823021], [-2.09826226215079, 53.5138858070019], [-2.09732481550096, 53.5147863243669], [-2.09517374834228, 53.515854051091], [-2.09493936932938, 53.5169238171522], [-2.09544009546489, 53.5176434472511], [-2.09342471039034, 53.5181204883987], [-2.0936479496155, 53.518818688631], [-2.09293919225459, 53.519527595887], [-2.09325828992356, 53.5206166928378], [-2.0921225397267, 53.5206148856423], [-2.07836722337319, 53.5206311310642], [-2.07720520724381, 53.5202741778797]]]}, "properties": {"WD24CD": "E05014521"}}, {"type": "Feature", "geometry": {"type": "Polygon", "coordinates": [[[-2.105157970239, 53.4684052294005], [-2.10299333416377, 53.4673649806444], [-2.10616799434098, 53.4656076382281], [-2.10567572426168, 53.465128939372], [-2.10866246152013, 53.4644790943063], [-2.11454540309336, 53.4638031193138], [-2.11433050456271, 53.4630738866821], [-2.11647477608585, 53.4629953435517], [-2.1167035687402, 53.4634248470601], [-2.11945330551133, 53.4634904396127], [-2.12103586638843, 53.4638605155188], [-2.12031789209066, 53.465081885719], [-2.12216554735323, 53.4654717077677], [-2.12102320528526, 53.4674496550363], [-2.12235220959828, 53.4678004348319], [-2.12550571211819, 53.4636241602365], [-2.13020570222567, 53.4648854210115], [-2.13890507444176, 53.4632122134408], [-2.13806351404244, 53.4617017353423], [-2.14155752463324, 53.4610384032472], [-2.14256529862428, 53.4604210409731], [-2.14316892652828, 53.4605492976637], [-2.14367074764639, 53.4595258100959], [-2.14517167657782, 53.4586862632635], [-2.14582217328658, 53.4588719750797], [-2.14603085653862, 53.4586816135634], [-2.14921341745309, 53.4603249453159], [-2.14901722324274, 53.4605820805009], [-2.15017320316756, 53.4607900827258], [-2.15197474396612, 53.4625359839312], [-2.15232082885989, 53.4624618563562], [-2.15278314680239, 53.4632468936971], [-2.14997270001477, 53.463710641453], [-2.14914486182556, 53.4651552587969], [-2.14785012174745, 53.4657860663563], [-2.14792534183438, 53.4666263275551], [-2.14686336966403, 53.4674977455204], [-2.14784793919704, 53.4690434344941], [-2.14989421638873, 53.4709131562253], [-2.15012812685276, 53.4723258830647], [-2.15066130581101, 53.4728664729329], [-2.15094769632943, 53.4740119274457], [-2.14834823943397, 53.4747019196021], [-2.14834116790639, 53.4758161224763], [-2.14622287440495, 53.4759367958359], [-2.14505498766334, 53.4755377959146], [-2.14457242237912, 53.4769964834744], [-2.14381964698487, 53.4769189158877], [-2.14382445196469, 53.4773468182739], [-2.14149170018745, 53.4787892288405], [-2.13969364601586, 53.4804793494541], [-2.12820614204, 53.4858203416951], [-2.12617480636009, 53.4850598918447], [-2.12388268139692, 53.4835863680899], [-2.12233766764367, 53.4832009751509], [-2.11868061828823, 53.4861955664995], [-2.11587419901835, 53.487138529933], [-2.11546910405942, 53.4833602060573], [-2.11718176578601, 53.4803599593609], [-2.11961165029834, 53.478530176866], [-2.12839623227793, 53.4741589018466], [-2.11465886688994, 53.474542394803], [-2.11722136762439, 53.4739242721644], [-2.11884453011346, 53.4725105293427], [-2.11850355764054, 53.4723283680289], [-2.11781686334746, 53.4729834922641], [-2.11681879225411, 53.4732468637592], [-2.11603410306175, 53.4733250010873], [-2.11594271875596, 53.4729736526599], [-2.11526359974748, 53.473092926245], [-2.11428550364484, 53.4718291960561], [-2.11605487587385, 53.471558716346], [-2.11569719477378, 53.4702027352891], [-2.11378306711736, 53.4704346162844], [-2.1125938907029, 53.4701895309962], [-2.11309596841751, 53.4686663939969], [-2.11454004988241, 53.467326658121], [-2.10818722752454, 53.4676741304502], [-2.105157970239, 53.4684052294005]]]}, "properties": {"WD24CD": "E05014522"}}, {"type": "Feature", "geometry": {"type": "Polygon", "coordinates": [[[-2.10567572426168, 53.465128939372], [-2.10486637234345, 53.4649328581931], [-2.10244758706344, 53.4656261548045], [-2.10214781314912, 53.4650277641283], [-2.10282171443169, 53.4640339645312], [-2.10163283192743, 53.4635825891413], [-2.10087024677246, 53.4622549581489], [-2.1002157767004, 53.4623164511544], [-2.09886416829206, 53.4636282976202], [-2.09838176909527, 53.4635748221405], [-2.09811075997618, 53.4631853750645], [-2.09932994743178, 53.461735815051], [-2.09837365079392, 53.4607649955826], [-2.095796510218, 53.4607407954221], [-2.09506034804688, 53.4595932655787], [-2.09672034564269, 53.4583115444195], [-2.09555702176239, 53.458232302873], [-2.09432695860331, 53.4588707610334], [-2.09371346437105, 53.4586651032328], [-2.0954696718405, 53.4560986791526], [-2.09626153594367, 53.4546841088027], [-2.09532900618884, 53.4531936344007], [-2.09632235739653, 53.4513708892641], [-2.09772365366553, 53.4512396493347], [-2.09978262754356, 53.4516813773021], [-2.10409776367029, 53.4509014682217], [-2.10372858099582, 53.449703167607], [-2.10464487659952, 53.4490659640742], [-2.10500095389077, 53.4493232496616], [-2.10842813668953, 53.4484521483471], [-2.11058479373871, 53.4501829352014], [-2.11208080941027, 53.4496480815402], [-2.11296042558503, 53.4474338103012], [-2.1157661600214, 53.4477781002804], [-2.11525231475586, 53.4487214882453], [-2.11582315428313, 53.4504467767327], [-2.11548603079814, 53.4505135962774], [-2.11571287632008, 53.4508333668686], [-2.11471838764059, 53.451127350632], [-2.11760571245023, 53.4561724753366], [-2.11992653352636, 53.4562321753871], [-2.12042621567338, 53.4566721616205], [-2.1315775279801, 53.456566872841], [-2.12550571211819, 53.4636241602365], [-2.12235220959828, 53.4678004348319], [-2.12102320528526, 53.4674496550363], [-2.12216554735323, 53.4654717077677], [-2.12031789209066, 53.465081885719], [-2.12103586638843, 53.4638605155188], [-2.11945330551133, 53.4634904396127], [-2.1167035687402, 53.4634248470601], [-2.11647477608585, 53.4629953435517], [-2.11433050456271, 53.4630738866821], [-2.11454540309336, 53.4638031193138], [-2.10866246152013, 53.4644790943063], [-2.10567572426168, 53.465128939372]]]}, "properties": {"WD24CD": "E05014523"}}, {"type": "Feature", "geometry": {"type": "Polygon", "coordinates": [[[-2.09632235739653, 53.4513708892641], [-2.09597127708312, 53.4503051273599], [-2.09145410178953, 53.4502798919103], [-2.09031355781819, 53.4494721077952], [-2.08806673049854, 53.4494415838906], [-2.08780382033169, 53.4492078629545], [-2.08986768060762, 53.4477320433728], [-2.09127772086931, 53.4459988601864], [-2.08856860615061, 53.4435856463227], [-2.09227095702076, 53.4417060607945], [-2.09210030968785, 53.4400712053979], [-2.09280977077597, 53.4375386095943], [-2.09384831383312, 53.4364811675799], [-2.09657412249704, 53.4370569631439], [-2.09781335225287, 53.4369040528317], [-2.0981373473821, 53.4360894292941], [-2.09677704174549, 53.433582832764], [-2.09775802985791, 53.4333601106924], [-2.10066340621939, 53.4335524820448], [-2.1020327473658, 53.4326660504231], [-2.10286140754079, 53.432644219542], [-2.10742017834813, 53.4337502979799], [-2.1107434688224, 53.4363193463701], [-2.11131805599768, 53.4375974348348], [-2.11608483341291, 53.4407461023153], [-2.11707173814196, 53.4401900114235], [-2.11733314121601, 53.4393101364689], [-2.11523365847432, 53.4394022352557], [-2.11469908693861, 53.4390580363286], [-2.1148598452008, 53.43866418421], [-2.11747693370451, 53.4371745846399], [-2.11891365414387, 53.4370454387842], [-2.12026191537237, 53.4364022071339], [-2.12054026036905, 53.4369904082025], [-2.1193818462906, 53.4388889755499], [-2.12270605732249, 53.4410781032249], [-2.12326971171312, 53.4410607244086], [-2.12366416720659, 53.4412878074759], [-2.12302002668162, 53.4419518697912], [-2.1218637611858, 53.4421453571445], [-2.12171707148853, 53.4438101307322], [-2.11981877004606, 53.4447851146432], [-2.12061896626836, 53.445216167734], [-2.12010296220379, 53.445635431918], [-2.11916402398653, 53.4457492484938], [-2.11907984775434, 53.4466279731499], [-2.11992781212027, 53.4472801207211], [-2.11821775447553, 53.4476842014859], [-2.11886690783475, 53.4486891758007], [-2.11525231475586, 53.4487214882453], [-2.1157661600214, 53.4477781002804], [-2.11296042558503, 53.4474338103012], [-2.11208080941027, 53.4496480815402], [-2.11058479373871, 53.4501829352014], [-2.10842813668953, 53.4484521483471], [-2.10500095389077, 53.4493232496616], [-2.10464487659952, 53.4490659640742], [-2.10372858099582, 53.449703167607], [-2.10409776367029, 53.4509014682217], [-2.09978262754356, 53.4516813773021], [-2.09772365366553, 53.4512396493347], [-2.09632235739653, 53.4513708892641]]]}, "properties": {"WD24CD": "E05014524"}}, {"type": "Feature", "geometry": {"type": "Polygon", "coordinates": [[[-2.12550571211819, 53.4636241602365], [-2.1315775279801, 53.456566872841], [-2.12042621567338, 53.4566721616205], [-2.11992653352636, 53.4562321753871], [-2.11760571245023, 53.4561724753366], [-2.11471838764059, 53.451127350632], [-2.11571287632008, 53.4508333668686], [-2.11548603079814, 53.4505135962774], [-2.11582315428313, 53.4504467767327], [-2.11525231475586, 53.4487214882453], [-2.11886690783475, 53.4486891758007], [-2.11821775447553, 53.4476842014859], [-2.11992781212027, 53.4472801207211], [-2.11907984775434, 53.4466279731499], [-2.11916402398653, 53.4457492484938], [-2.12010296220379, 53.445635431918], [-2.12061896626836, 53.445216167734], [-2.11981877004606, 53.4447851146432], [-2.12171707148853, 53.4438101307322], [-2.1218637611858, 53.4421453571445], [-2.12302002668162, 53.4419518697912], [-2.12366416720659, 53.4412878074759], [-2.12326971171312, 53.4410607244086], [-2.12370632931734, 53.4407940234288], [-2.1238435439169, 53.4397828467184], [-2.12266650116645, 53.4382356700309], [-2.12292188136399, 53.4377621772977], [-2.12901753466522, 53.4394517218227], [-2.13072300776729, 53.4394348824577], [-2.13248574668056, 53.4384654669117], [-2.13352623203358, 53.4382801418272], [-2.13461047608697, 53.4373800645085], [-2.13529167386116, 53.4376351103074], [-2.13570635730448, 53.4393342963093], [-2.13642022492443, 53.4391535300597], [-2.13765342794022, 53.4377558223149], [-2.13956764487613, 53.4383309369081], [-2.1410334801894, 53.439191760159], [-2.14158161671131, 53.4389663686832], [-2.14169023568556, 53.4382511319331], [-2.14225682874218, 53.4397830255291], [-2.14174218691533, 53.4398447435751], [-2.14268659380945, 53.4422543878794], [-2.1437583271455, 53.4426647472278], [-2.14457312320952, 53.443655180972], [-2.14290351410126, 53.4445605520178], [-2.14342403349663, 53.4448628423939], [-2.1459481517877, 53.4455419898115], [-2.146980787501, 53.4454912978855], [-2.14882591029456, 53.4465793590454], [-2.14837720513057, 53.447412194957], [-2.14924978975958, 53.4485050491047], [-2.15244229218366, 53.4502986313543], [-2.15465247981008, 53.4510481544565], [-2.15845128388528, 53.4549368617857], [-2.15211856794602, 53.4577207483739], [-2.15027902732734, 53.4579415351457], [-2.14924058293346, 53.4594096873029], [-2.15077503735037, 53.4602140472723], [-2.14921341745309, 53.4603249453159], [-2.14603085653862, 53.4586816135634], [-2.14582217328658, 53.4588719750797], [-2.14517167657782, 53.4586862632635], [-2.14367074764639, 53.4595258100959], [-2.14316892652828, 53.4605492976637], [-2.14256529862428, 53.4604210409731], [-2.14155752463324, 53.4610384032472], [-2.13806351404244, 53.4617017353423], [-2.13890507444176, 53.4632122134408], [-2.13020570222567, 53.4648854210115], [-2.12550571211819, 53.4636241602365]]]}, "properties": {"WD24CD": "E05014525"}}, {"type": "Feature", "geometry": {"type": "Polygon", "coordinates": [[[-2.11835086923888, 53.4917075329991], [-2.11587419901835, 53.487138529933], [-2.11868061828823, 53.4861955664995], [-2.12233766764367, 53.4832009751509], [-2.12388268139692, 53.4835863680899], [-2.12617480636009, 53.4850598918447], [-2.12820614204, 53.4858203416951], [-2.13969364601586, 53.4804793494541], [-2.14149170018745, 53.4787892288405], [-2.14382445196469, 53.4773468182739], [-2.14381964698487, 53.4769189158877], [-2.14457242237912, 53.4769964834744], [-2.14505498766334, 53.4755377959146], [-2.14622287440495, 53.4759367958359], [-2.14834116790639, 53.4758161224763], [-2.14834823943397, 53.4747019196021], [-2.15094769632943, 53.4740119274457], [-2.15066130581101, 53.4728664729329], [-2.15543283719458, 53.474443849371], [-2.15592423117478, 53.4753186954074], [-2.15856076308408, 53.4752963364417], [-2.16156474454463, 53.4748500976174], [-2.16223160173498, 53.4762944748359], [-2.16501073981872, 53.4768973751389], [-2.1654384864559, 53.4772581023029], [-2.16596882706844, 53.4795566650557], [-2.16806377593825, 53.4800875723197], [-2.16768867851662, 53.4801114655497], [-2.16753738018323, 53.4810959895373], [-2.14751342850014, 53.4794515223136], [-2.14771933043237, 53.4821369531561], [-2.14583200454075, 53.4854142936652], [-2.14269494539239, 53.4880301417738], [-2.14105747093334, 53.4885629282772], [-2.13921368854726, 53.488516502852], [-2.13803370001956, 53.4888070756459], [-2.13725669636496, 53.4900038134302], [-2.14093884831422, 53.4911282635536], [-2.13813927793577, 53.4917994710181], [-2.13789896658616, 53.4916163488695], [-2.13612452440151, 53.491927599194], [-2.13520360021522, 53.4952705760986], [-2.13139039920267, 53.4982832241831], [-2.13042031840618, 53.4985252041439], [-2.12753646319076, 53.4984977832188], [-2.12602006270201, 53.4990224678505], [-2.11835086923888, 53.4917075329991]]]}, "properties": {"WD24CD": "E05014526"}}, {"type": "Feature", "geometry": {"type": "Polygon", "coordinates": [[[-2.15617163662326, 53.493892306476], [-2.15571199093764, 53.493513358054], [-2.15467483203109, 53.4934563045813], [-2.15408318769223, 53.4928458548349], [-2.151518000141, 53.4928626318624], [-2.15107885962732, 53.4931544221658], [-2.14841319576477, 53.4929087839894], [-2.14697842325579, 53.4937986387402], [-2.14542868299386, 53.4919731833325], [-2.14093884831422, 53.4911282635536], [-2.13725669636496, 53.4900038134302], [-2.13803370001956, 53.4888070756459], [-2.13921368854726, 53.488516502852], [-2.14105747093334, 53.4885629282772], [-2.14269494539239, 53.4880301417738], [-2.14583200454075, 53.4854142936652], [-2.14771933043237, 53.4821369531561], [-2.14751342850014, 53.4794515223136], [-2.16753738018323, 53.4810959895373], [-2.16848190353868, 53.4829327129633], [-2.16921785454821, 53.4857297758113], [-2.16888485028008, 53.4857590038893], [-2.16902645750362, 53.4861247065982], [-2.16953720912644, 53.4860798592472], [-2.16966351247207, 53.4867817449536], [-2.16892515576909, 53.4871809588244], [-2.16902702717328, 53.4885227624328], [-2.16622667371871, 53.4888682615398], [-2.16605960927847, 53.4897143329832], [-2.16663830652685, 53.4908577823847], [-2.1659689329096, 53.4915732732036], [-2.16396975291738, 53.4913971387481], [-2.16303024605401, 53.492849196783], [-2.16199821362013, 53.4933539952573], [-2.15913693498153, 53.4932265767214], [-2.15832426650037, 53.4935503435874], [-2.15770634829694, 53.4943835244134], [-2.15617163662326, 53.493892306476]]]}, "properties": {"WD24CD": "E05014527"}}, {"type": "Feature", "geometry": {"type": "Polygon", "coordinates": [[[-2.08954411061597, 53.4846093951964], [-2.08914776407739, 53.4824363728758], [-2.08845801139701, 53.4818517234856], [-2.08677969232322, 53.4819825237812], [-2.08477414245241, 53.4828590509292], [-2.08013890679665, 53.4823149431786], [-2.07583463499746, 53.4827016059094], [-2.07490303964604, 53.480753498748], [-2.0755561144819, 53.4792739841411], [-2.07496533948165, 53.4784092721167], [-2.07682621615824, 53.477556441186], [-2.0771364744724, 53.4777453598243], [-2.07843371876181, 53.4774237637604], [-2.07829227646846, 53.4766966241148], [-2.07874243096778, 53.4765300916403], [-2.07700725376637, 53.4755523373464], [-2.07676466783304, 53.4758031292138], [-2.07536542497384, 53.4753951648542], [-2.07592737614948, 53.4719270394716], [-2.07360765749021, 53.4717907595893], [-2.0775522941929, 53.4674447738903], [-2.07768382984859, 53.4664624535546], [-2.08144304534689, 53.4652209134518], [-2.08537705049728, 53.4649042847285], [-2.09051213092609, 53.4650389061643], [-2.09051626638228, 53.4655683575974], [-2.09231062550592, 53.46574760873], [-2.0955925828767, 53.4650044129963], [-2.09588713870966, 53.4653708963162], [-2.09631341010323, 53.4653364081747], [-2.09798202454385, 53.4645845462667], [-2.09838176909527, 53.4635748221405], [-2.09886416829206, 53.4636282976202], [-2.1002157767004, 53.4623164511544], [-2.10087024677246, 53.4622549581489], [-2.10163283192743, 53.4635825891413], [-2.10282171443169, 53.4640339645312], [-2.10214781314912, 53.4650277641283], [-2.10244758706344, 53.4656261548045], [-2.10486637234345, 53.4649328581931], [-2.10567572426168, 53.465128939372], [-2.10616799434098, 53.4656076382281], [-2.10299333416377, 53.4673649806444], [-2.105157970239, 53.4684052294005], [-2.1045102979527, 53.4692189023609], [-2.10467777262892, 53.4705360277321], [-2.10571584918747, 53.4709103920597], [-2.10816076539024, 53.4710390776361], [-2.10854953842701, 53.4727420160954], [-2.10809502670271, 53.4732953775947], [-2.10653772337798, 53.4737750571999], [-2.10616202641947, 53.4745392093503], [-2.1012640715379, 53.4792006570902], [-2.09988590592482, 53.4799681091008], [-2.10085545569502, 53.4816225662749], [-2.09759789065985, 53.4830458490773], [-2.09659333428317, 53.4830199951621], [-2.09548635961014, 53.4825088343019], [-2.09410492749439, 53.48288914891], [-2.09376240102652, 53.4833531787265], [-2.09397918544677, 53.4846635894602], [-2.09315047476462, 53.4854353988832], [-2.09059257972622, 53.48517399165], [-2.08954411061597, 53.4846093951964]]]}, "properties": {"WD24CD": "E05014528"}}, {"type": "Feature", "geometry": {"type": "Polygon", "coordinates": [[[-2.05128485314482, 53.4837439908112], [-2.04757299646424, 53.4806975358697], [-2.04821609074115, 53.4803781758692], [-2.04765038167597, 53.4797590977086], [-2.04807942382096, 53.4794595961195], [-2.04644171375389, 53.477396736406], [-2.04559527758383, 53.4771798500148], [-2.04526739528672, 53.4764412689266], [-2.04551090228796, 53.4746561765856], [-2.0446064598904, 53.4742105472021], [-2.04522782770981, 53.4742543197525], [-2.04536368795894, 53.4732498744645], [-2.04647324945985, 53.4735071582939], [-2.04718724391604, 53.472190030189], [-2.05023765704485, 53.4692233656474], [-2.05047810454902, 53.4686552553476], [-2.05008803393245, 53.4678907693803], [-2.05188293634895, 53.4667917227147], [-2.05478061987495, 53.4675499534965], [-2.05522880981709, 53.4669282639731], [-2.05716384565523, 53.4678603348682], [-2.058848904296, 53.4677857861413], [-2.06101761407324, 53.4665371191987], [-2.06159089669719, 53.467453583174], [-2.06488270754865, 53.4664847169448], [-2.06603669129898, 53.4667492287507], [-2.06876421644179, 53.4664330883554], [-2.07074101704774, 53.4667869817297], [-2.07164429233948, 53.4664943147895], [-2.07768382984859, 53.4664624535546], [-2.0775522941929, 53.4674447738903], [-2.07360765749021, 53.4717907595893], [-2.07592737614948, 53.4719270394716], [-2.07536542497384, 53.4753951648542], [-2.07676466783304, 53.4758031292138], [-2.07700725376637, 53.4755523373464], [-2.07874243096778, 53.4765300916403], [-2.07829227646846, 53.4766966241148], [-2.07843371876181, 53.4774237637604], [-2.0771364744724, 53.4777453598243], [-2.07682621615824, 53.477556441186], [-2.07496533948165, 53.4784092721167], [-2.0755561144819, 53.4792739841411], [-2.07490303964604, 53.480753498748], [-2.07365672370667, 53.4797682387783], [-2.07188198703134, 53.4798217382807], [-2.06950614696497, 53.4811918253565], [-2.06369615407263, 53.4836947962776], [-2.06327111460756, 53.4836230479212], [-2.06277860744461, 53.4827613781425], [-2.06200670449413, 53.4825289602832], [-2.06084718648064, 53.4831291083338], [-2.05864309325944, 53.4834699844154], [-2.05580857296263, 53.4835594246294], [-2.05442019292557, 53.4831448338113], [-2.05363736729597, 53.4838121316663], [-2.05128485314482, 53.4837439908112]]]}, "properties": {"WD24CD": "E05014529"}}, {"type": "Feature", "geometry": {"type": "Polygon", "coordinates": [[[-2.04869943971363, 53.4570825701707], [-2.04349439205409, 53.4559862081308], [-2.04402753088448, 53.45542669129], [-2.0463688838718, 53.4550226412402], [-2.04767210266314, 53.4530973282652], [-2.04715485058848, 53.4529207989809], [-2.04640518022988, 53.4512933165718], [-2.04678846084828, 53.449647698997], [-2.04609190095887, 53.4496608670581], [-2.04627348990121, 53.4491207981255], [-2.04570570844021, 53.4487356258998], [-2.04470589938836, 53.4490839376124], [-2.04391530309894, 53.4484053427656], [-2.04435573125508, 53.4477481220838], [-2.04337496715099, 53.4472419930186], [-2.04466718846889, 53.4469064880764], [-2.03232310193041, 53.442502342437], [-2.03366418226354, 53.4420597655264], [-2.04423518682627, 53.4402891023986], [-2.04971571534528, 53.4397143419555], [-2.05369383821746, 53.4404254446756], [-2.06237531072845, 53.4412354829078], [-2.06487094328636, 53.4409888296595], [-2.06644863364, 53.4400341999406], [-2.0684098504591, 53.4412227435429], [-2.06893691606008, 53.4432085576578], [-2.07097140645759, 53.4461930642009], [-2.07563416468557, 53.4473184365878], [-2.07989863497258, 53.4514117343673], [-2.082370216099, 53.4530510696521], [-2.08377026632661, 53.4535449652883], [-2.08281779650949, 53.4539838444162], [-2.08362258924061, 53.4563436396477], [-2.0814792805425, 53.4576384834592], [-2.07934455686225, 53.4574949332171], [-2.07846509783419, 53.4554871569974], [-2.07500636122276, 53.4564834951437], [-2.07320982469951, 53.4577704117701], [-2.07245337365202, 53.4578678763771], [-2.07123439135964, 53.4575067970366], [-2.07121097070068, 53.4587521606013], [-2.06916382339082, 53.4594771731446], [-2.06563445769855, 53.4604637208176], [-2.06535481671864, 53.4601766160291], [-2.06166142915421, 53.4611365392196], [-2.06175510072261, 53.4596864920758], [-2.06023019267781, 53.4568536405031], [-2.0545969963901, 53.4575740920654], [-2.04869943971363, 53.4570825701707]]]}, "properties": {"WD24CD": "E05014530"}}, {"type": "Feature", "geometry": {"type": "Polygon", "coordinates": [[[-2.04552469440085, 53.4583669574175], [-2.04828385724447, 53.4576977532634], [-2.04869943971363, 53.4570825701707], [-2.0545969963901, 53.4575740920654], [-2.06023019267781, 53.4568536405031], [-2.06175510072261, 53.4596864920758], [-2.06166142915421, 53.4611365392196], [-2.06535481671864, 53.4601766160291], [-2.06563445769855, 53.4604637208176], [-2.06916382339082, 53.4594771731446], [-2.07121097070068, 53.4587521606013], [-2.07123439135964, 53.4575067970366], [-2.07245337365202, 53.4578678763771], [-2.07320982469951, 53.4577704117701], [-2.07500636122276, 53.4564834951437], [-2.07846509783419, 53.4554871569974], [-2.07934455686225, 53.4574949332171], [-2.0814792805425, 53.4576384834592], [-2.08362258924061, 53.4563436396477], [-2.08281779650949, 53.4539838444162], [-2.08377026632661, 53.4535449652883], [-2.08670583055601, 53.4542590712303], [-2.09086391197346, 53.4557732779123], [-2.0954696718405, 53.4560986791526], [-2.09371346437105, 53.4586651032328], [-2.09432695860331, 53.4588707610334], [-2.09555702176239, 53.458232302873], [-2.09672034564269, 53.4583115444195], [-2.09506034804688, 53.4595932655787], [-2.095796510218, 53.4607407954221], [-2.09837365079392, 53.4607649955826], [-2.09932994743178, 53.461735815051], [-2.09811075997618, 53.4631853750645], [-2.09838176909527, 53.4635748221405], [-2.09798202454385, 53.4645845462667], [-2.09631341010323, 53.4653364081747], [-2.09588713870966, 53.4653708963162], [-2.0955925828767, 53.4650044129963], [-2.09231062550592, 53.46574760873], [-2.09051626638228, 53.4655683575974], [-2.09051213092609, 53.4650389061643], [-2.08537705049728, 53.4649042847285], [-2.08144304534689, 53.4652209134518], [-2.07768382984859, 53.4664624535546], [-2.07164429233948, 53.4664943147895], [-2.07074101704774, 53.4667869817297], [-2.06876421644179, 53.4664330883554], [-2.06603669129898, 53.4667492287507], [-2.06488270754865, 53.4664847169448], [-2.06159089669719, 53.467453583174], [-2.06101761407324, 53.4665371191987], [-2.058848904296, 53.4677857861413], [-2.05716384565523, 53.4678603348682], [-2.05522880981709, 53.4669282639731], [-2.05478061987495, 53.4675499534965], [-2.05188293634895, 53.4667917227147], [-2.05008803393245, 53.4678907693803], [-2.0480173103669, 53.466599680054], [-2.04692823687553, 53.4666163129355], [-2.04738406155848, 53.4661929453122], [-2.04717220513286, 53.4658575791132], [-2.04533319104889, 53.4646471078294], [-2.04429627479777, 53.4633432699315], [-2.04410346447822, 53.4625905512217], [-2.04562549885702, 53.4618421106946], [-2.04633687620029, 53.4608373552111], [-2.04552469440085, 53.4583669574175]]]}, "properties": {"WD24CD": "E05014531"}}, {"type": "Feature", "geometry": {"type": "Polygon", "coordinates": [[[-2.08377026632661, 53.4535449652883], [-2.082370216099, 53.4530510696521], [-2.07989863497258, 53.4514117343673], [-2.07563416468557, 53.4473184365878], [-2.07097140645759, 53.4461930642009], [-2.06893691606008, 53.4432085576578], [-2.0684098504591, 53.4412227435429], [-2.06644863364, 53.4400341999406], [-2.06487094328636, 53.4409888296595], [-2.06237531072845, 53.4412354829078], [-2.05369383821746, 53.4404254446756], [-2.04971571534528, 53.4397143419555], [-2.04423518682627, 53.4402891023986], [-2.03366418226354, 53.4420597655264], [-2.03156504024362, 53.4414024071846], [-2.03043875421502, 53.4391196651421], [-2.03052217230931, 53.4382369343396], [-2.02780052959505, 53.4349559286177], [-2.02786251823494, 53.4336496118869], [-2.02741263149523, 53.4333447595012], [-2.028007001944, 53.4331477631643], [-2.02732262238544, 53.4324005859086], [-2.02732229173678, 53.4318864079014], [-2.02576489711182, 53.4300927039863], [-2.0262554175393, 53.4298651605263], [-2.03052576934711, 53.4284538764169], [-2.0340446377403, 53.428752243219], [-2.03552459587822, 53.4275068893279], [-2.03906836529363, 53.4271821920124], [-2.03997758127639, 53.4273831760788], [-2.03960925524544, 53.4278687228728], [-2.04216253294272, 53.428740563127], [-2.04574807051929, 53.4293594483376], [-2.04745259509992, 53.430062650716], [-2.04916973183574, 53.4300340960901], [-2.05048611387359, 53.4308900852628], [-2.05355251932853, 53.4313166491011], [-2.05435963229944, 53.4311288433254], [-2.05451931768635, 53.4316775318899], [-2.05578969683555, 53.4317712914824], [-2.05836688414723, 53.4310123542663], [-2.05827147212189, 53.4305773033221], [-2.0598765099062, 53.4299778604099], [-2.06028220544812, 53.4305250769063], [-2.06172756510726, 53.4298825587674], [-2.06212964584608, 53.4289789958515], [-2.06517761224177, 53.430163858131], [-2.06729275704242, 53.4286993256928], [-2.06906193361282, 53.4282893638947], [-2.06942371693145, 53.4277372409886], [-2.07010622357119, 53.4281323995949], [-2.07115311518101, 53.4278315608547], [-2.07470455712407, 53.4259723641229], [-2.07644305985038, 53.4270067039882], [-2.07709137445943, 53.4268643100494], [-2.07762588271005, 53.4261780704476], [-2.07913517824146, 53.426108785099], [-2.08291396980346, 53.4268189447475], [-2.08299007158109, 53.4272926575894], [-2.08461503118679, 53.4278901533894], [-2.08607739434741, 53.4298323944556], [-2.08538571814629, 53.4301358041922], [-2.08515826244615, 53.43153632421], [-2.08542507507986, 53.4324511654122], [-2.08631826852183, 53.4327839895014], [-2.08560563311818, 53.4331764655121], [-2.08482080291528, 53.4328570366369], [-2.08445238300518, 53.4330567850092], [-2.0852616770748, 53.4335640910917], [-2.08403613394268, 53.4340971049249], [-2.08649986579454, 53.4347272354423], [-2.08720139212202, 53.4362052670172], [-2.08887286890283, 53.4372593438497], [-2.09121437948282, 53.4376225031088], [-2.09280977077597, 53.4375386095943], [-2.09210030968785, 53.4400712053979], [-2.09227095702076, 53.4417060607945], [-2.08856860615061, 53.4435856463227], [-2.09127772086931, 53.4459988601864], [-2.08986768060762, 53.4477320433728], [-2.08780382033169, 53.4492078629545], [-2.08806673049854, 53.4494415838906], [-2.09031355781819, 53.4494721077952], [-2.09145410178953, 53.4502798919103], [-2.09597127708312, 53.4503051273599], [-2.09632235739653, 53.4513708892641], [-2.09532900618884, 53.4531936344007], [-2.09626153594367, 53.4546841088027], [-2.0954696718405, 53.4560986791526], [-2.09086391197346, 53.4557732779123], [-2.08670583055601, 53.4542590712303], [-2.08377026632661, 53.4535449652883]]]}, "properties": {"WD24CD": "E05014532"}}, {"type": "Feature", "geometry": {"type": "Polygon", "coordinates": [[[-1.98153249272799, 53.4645050562824], [-1.98059469945358, 53.4632087671093], [-1.98091264793827, 53.4628699567052], [-1.98816121383736, 53.4605976895607], [-1.98809070226671, 53.4596493895845], [-1.98742978267746, 53.4589033064686], [-1.98765925835784, 53.456878150951], [-1.98556173246593, 53.4557588974317], [-1.98690112931495, 53.4543163392669], [-1.98944773564636, 53.454020850209], [-1.9931480358953, 53.4522952507739], [-1.99503362181841, 53.4505965314359], [-1.9947645363055, 53.4469138808613], [-1.99639079812556, 53.4457724447977], [-1.99821418115247, 53.4457724806796], [-1.99937651181192, 53.4458497682098], [-2.00253219640277, 53.4441184921982], [-2.00376363581046, 53.4429014814471], [-2.00660755073864, 53.4424114306129], [-2.00830558547645, 53.4414522450963], [-2.00641606584391, 53.4404447718424], [-2.00469191165048, 53.4380107367958], [-2.0054325215432, 53.4371432865193], [-2.00400385615674, 53.4362336965568], [-2.00421605197447, 53.4359217849539], [-2.00717235102941, 53.4357014795148], [-2.0083164897915, 53.4360941793348], [-2.01004330786326, 53.4372589831539], [-2.01229756579853, 53.4399166345361], [-2.01365546338078, 53.4398832337553], [-2.01472119744926, 53.4395712014896], [-2.01656480670015, 53.4380977060953], [-2.01731010670575, 53.4386135710774], [-2.0178489360681, 53.4383923462203], [-2.01951867586209, 53.4357872304962], [-2.02245005893852, 53.4343215507545], [-2.02275492828908, 53.4330981448921], [-2.02673432732108, 53.4326856663003], [-2.02732262238544, 53.4324005859086], [-2.028007001944, 53.4331477631643], [-2.02741263149523, 53.4333447595012], [-2.02786251823494, 53.4336496118869], [-2.02780052959505, 53.4349559286177], [-2.03052217230931, 53.4382369343396], [-2.03043875421502, 53.4391196651421], [-2.03156504024362, 53.4414024071846], [-2.03366418226354, 53.4420597655264], [-2.03232310193041, 53.442502342437], [-2.04466718846889, 53.4469064880764], [-2.04337496715099, 53.4472419930186], [-2.04435573125508, 53.4477481220838], [-2.04391530309894, 53.4484053427656], [-2.04470589938836, 53.4490839376124], [-2.04570570844021, 53.4487356258998], [-2.04627348990121, 53.4491207981255], [-2.04609190095887, 53.4496608670581], [-2.04678846084828, 53.449647698997], [-2.04640518022988, 53.4512933165718], [-2.04715485058848, 53.4529207989809], [-2.04767210266314, 53.4530973282652], [-2.0463688838718, 53.4550226412402], [-2.04402753088448, 53.45542669129], [-2.04349439205409, 53.4559862081308], [-2.04869943971363, 53.4570825701707], [-2.04828385724447, 53.4576977532634], [-2.04552469440085, 53.4583669574175], [-2.04489707455663, 53.4580496692537], [-2.04087658976386, 53.4596551734244], [-2.03529655016492, 53.4590183836525], [-2.03623195593397, 53.4573677883334], [-2.03473686646155, 53.4578215356843], [-2.03329634352107, 53.4570037390888], [-2.03258506790477, 53.4574443830165], [-2.03117880825391, 53.4569845575894], [-2.03030762031123, 53.457968157291], [-2.02888969909123, 53.4571166498065], [-2.02823228915475, 53.4582486648584], [-2.02658197680572, 53.4576499720251], [-2.02631396552066, 53.4580475635425], [-2.0238892302993, 53.4588890396351], [-2.02257481179134, 53.4600750945226], [-2.01907076426163, 53.458645209405], [-2.01803984106613, 53.4603109212472], [-2.01600083717178, 53.4602926777153], [-2.01607214396372, 53.4605894073575], [-2.01514440638374, 53.4607736187083], [-2.0151328678398, 53.4610585263196], [-2.01379996790292, 53.4602268334521], [-2.01010417397309, 53.4592584750399], [-2.01039149240159, 53.4600615348678], [-2.01312735789924, 53.4613450165279], [-2.01181743575103, 53.4628168081306], [-2.01195214921789, 53.4634345629129], [-2.01060918693131, 53.4634142508945], [-2.00965879005436, 53.4639069096123], [-2.00778669968454, 53.4634149503088], [-2.00646748953326, 53.465225224343], [-2.00647260955608, 53.4662776044551], [-2.003441314666, 53.4661340186526], [-1.99849012951064, 53.4702956138325], [-1.99782126503248, 53.4698911210317], [-1.99548744307634, 53.4710597768181], [-1.99483421939614, 53.4731853507244], [-1.99448617490273, 53.4733264569022], [-1.99338268414048, 53.4727007119361], [-1.99083647009438, 53.4730776239077], [-1.99081165089183, 53.4742896380081], [-1.98868200213618, 53.4746834175865], [-1.98737284917948, 53.4727735380128], [-1.98816257557305, 53.4720841223113], [-1.98853068333571, 53.470024930647], [-1.98761337876689, 53.4695889329845], [-1.98673112623592, 53.4675052647263], [-1.98420967013977, 53.4668236506991], [-1.98400811508248, 53.4661270292951], [-1.98153249272799, 53.4645050562824]]]}, "properties": {"WD24CD": "E05014533"}}, {"type": "Feature", "geometry": {"type": "Polygon", "coordinates": [[[-2.04865052206553, 53.5303084056224], [-2.04446662448749, 53.5298767227993], [-2.0398716324758, 53.5300069236415], [-2.03961591410524, 53.5292132918316], [-2.03846324193812, 53.5290474493934], [-2.03828289778429, 53.5298951482707], [-2.03605819403653, 53.53037222044], [-2.03497339105426, 53.530324936925], [-2.03448543193198, 53.5293983713699], [-2.03245255314553, 53.5302573763457], [-2.03054865649565, 53.5301697411036], [-2.02679923729576, 53.5294264608945], [-2.0247078450618, 53.5285325668195], [-2.02315550728773, 53.5283972037397], [-2.02031836339897, 53.5260013998122], [-2.01809282504542, 53.5248305604334], [-2.01752972929539, 53.5237251096333], [-2.01877610272599, 53.5214337814973], [-2.01681524935137, 53.5212021531342], [-2.00913325358349, 53.5191266150743], [-2.00303267676075, 53.5202118803235], [-1.99692731145345, 53.5220652933884], [-1.99147683861832, 53.5198448761413], [-1.98882427498957, 53.5183857969962], [-1.98695320916397, 53.5167038985583], [-1.98578596015258, 53.516448474747], [-1.99329984854818, 53.5120241315136], [-1.99647711203439, 53.5116278146416], [-1.99815083245118, 53.5111263521549], [-1.99979603653082, 53.5097745291707], [-2.00040816411208, 53.5081187861591], [-2.00130822863493, 53.5080212965183], [-2.00310224724467, 53.5088923470158], [-2.00451613452143, 53.508999756785], [-2.00707876932723, 53.5080674638407], [-2.00763673805236, 53.5070303958437], [-2.009193776077, 53.506483930146], [-2.01057346722232, 53.5065426200812], [-2.01147062511752, 53.5063723090813], [-2.013285838378, 53.5067284887568], [-2.0155920055746, 53.5075509965491], [-2.01638503756548, 53.5082011792519], [-2.02149372516361, 53.5092762092716], [-2.02356250842087, 53.5113757609968], [-2.02682297591092, 53.5118424207896], [-2.02770241380392, 53.5114758189046], [-2.02847372366074, 53.5118523807507], [-2.02740438192218, 53.5110359930579], [-2.02757230832253, 53.5106033208528], [-2.02845227174905, 53.5102954567439], [-2.02847693542687, 53.5097470349531], [-2.0322968615084, 53.509052858429], [-2.03490338286786, 53.5070317758733], [-2.03978070061469, 53.5070851134066], [-2.04161638194477, 53.5058973822776], [-2.04123353603975, 53.5037169325112], [-2.04008002887672, 53.5019112732352], [-2.04213515508161, 53.501212005336], [-2.04269451224619, 53.5018314929382], [-2.04568551620723, 53.5014177808866], [-2.04917603039459, 53.5017830593505], [-2.05317856730634, 53.4992914606983], [-2.0591749298781, 53.4989541878045], [-2.06192956646225, 53.4992484785115], [-2.05893290782479, 53.5016652734492], [-2.05804921038022, 53.5036611330653], [-2.05632402105312, 53.5057069129454], [-2.05657014643446, 53.50938302146], [-2.0547056900279, 53.5111645708526], [-2.05653777203231, 53.5131527863117], [-2.05593488830897, 53.5137807382505], [-2.05816452255436, 53.5131423628738], [-2.05971342737412, 53.5134890492075], [-2.06241359554413, 53.5132307905085], [-2.06232556427942, 53.5160779591397], [-2.06073617232683, 53.5165128098494], [-2.06100684356088, 53.5188777121954], [-2.06256184647782, 53.5204006896273], [-2.06157264964859, 53.5215670495093], [-2.06186634293345, 53.5223111035781], [-2.05839355359466, 53.5229637614703], [-2.05620534407177, 53.5221828085121], [-2.05414814082372, 53.5222691615681], [-2.05445330371133, 53.5238222273123], [-2.05311456050285, 53.5255792343193], [-2.05328351642531, 53.5268276521196], [-2.056259944737, 53.5292935699256], [-2.05730086509385, 53.5292669969598], [-2.05693618497193, 53.5306765189967], [-2.05491706940516, 53.5313929547242], [-2.05111560388733, 53.5304320571997], [-2.04865052206553, 53.5303084056224]]]}, "properties": {"WD24CD": "E05014534"}}, {"type": "Feature", "geometry": {"type": "Polygon", "coordinates": [[[-2.09224496792324, 53.4945632925836], [-2.0903346570846, 53.4934295776404], [-2.0893646199966, 53.4935182587158], [-2.09052120304035, 53.4906577245001], [-2.08784830594141, 53.4900832197222], [-2.08770014646804, 53.4893784365749], [-2.08670092569805, 53.4884191857947], [-2.08743989132166, 53.4881290741935], [-2.08779233589221, 53.4872829821499], [-2.08832716120356, 53.4871702656566], [-2.08954411061597, 53.4846093951964], [-2.09059257972622, 53.48517399165], [-2.09315047476462, 53.4854353988832], [-2.09397918544677, 53.4846635894602], [-2.09376240102652, 53.4833531787265], [-2.09410492749439, 53.48288914891], [-2.09548635961014, 53.4825088343019], [-2.09659333428317, 53.4830199951621], [-2.09759789065985, 53.4830458490773], [-2.10085545569502, 53.4816225662749], [-2.09988590592482, 53.4799681091008], [-2.1012640715379, 53.4792006570902], [-2.10616202641947, 53.4745392093503], [-2.10653772337798, 53.4737750571999], [-2.10809502670271, 53.4732953775947], [-2.10854953842701, 53.4727420160954], [-2.10816076539024, 53.4710390776361], [-2.10571584918747, 53.4709103920597], [-2.10467777262892, 53.4705360277321], [-2.1045102979527, 53.4692189023609], [-2.105157970239, 53.4684052294005], [-2.10818722752454, 53.4676741304502], [-2.11454004988241, 53.467326658121], [-2.11309596841751, 53.4686663939969], [-2.1125938907029, 53.4701895309962], [-2.11378306711736, 53.4704346162844], [-2.11569719477378, 53.4702027352891], [-2.11605487587385, 53.471558716346], [-2.11428550364484, 53.4718291960561], [-2.11526359974748, 53.473092926245], [-2.11594271875596, 53.4729736526599], [-2.11603410306175, 53.4733250010873], [-2.11681879225411, 53.4732468637592], [-2.11781686334746, 53.4729834922641], [-2.11850355764054, 53.4723283680289], [-2.11884453011346, 53.4725105293427], [-2.11722136762439, 53.4739242721644], [-2.11465886688994, 53.474542394803], [-2.12839623227793, 53.4741589018466], [-2.11961165029834, 53.478530176866], [-2.11718176578601, 53.4803599593609], [-2.11546910405942, 53.4833602060573], [-2.11587419901835, 53.487138529933], [-2.11835086923888, 53.4917075329991], [-2.11238960646048, 53.4921663909283], [-2.09961809933733, 53.4917639580289], [-2.09993719113259, 53.4923309894172], [-2.09821717254637, 53.4925780877705], [-2.0970492879706, 53.4932854387022], [-2.09687370482132, 53.4939290405748], [-2.095050061164, 53.4954412209758], [-2.09449154192753, 53.4954006547428], [-2.09455386153481, 53.4941905657575], [-2.09265350999639, 53.494289901751], [-2.09224496792324, 53.4945632925836]]]}, "properties": {"WD24CD": "E05014535"}}, {"type": "Feature", "geometry": {"type": "Polygon", "coordinates": [[[-2.01057346722232, 53.5065426200812], [-2.0103064814426, 53.5062118724406], [-2.01182589642544, 53.5044904715189], [-2.01522087572402, 53.5035498774944], [-2.01560127468983, 53.5031409124253], [-2.01195024165362, 53.5006182687267], [-2.01128408485552, 53.4996058694801], [-2.01557995534346, 53.5009844003176], [-2.01836306661513, 53.4996615575408], [-2.02084363732084, 53.4966127315844], [-2.02151941474711, 53.4974942298546], [-2.02526371071264, 53.4973453881289], [-2.0263597492611, 53.4975371276299], [-2.02622432364186, 53.4979489052729], [-2.02746810806764, 53.4981283853221], [-2.02786144785579, 53.4975295008897], [-2.02996844782165, 53.4972801436238], [-2.03047602879657, 53.4956148347772], [-2.03218397982827, 53.4962877531211], [-2.03487608291642, 53.4962414149413], [-2.03602325949518, 53.4956243410628], [-2.03679285545893, 53.4960122191652], [-2.03784449152111, 53.4951452917965], [-2.03818456631834, 53.4954036195891], [-2.03886106885186, 53.4950240934762], [-2.04208717965297, 53.4908072791147], [-2.04537999368506, 53.4875162624665], [-2.04723527631994, 53.4861024719894], [-2.0495916900111, 53.4855820032529], [-2.05128485314482, 53.4837439908112], [-2.05363736729597, 53.4838121316663], [-2.05442019292557, 53.4831448338113], [-2.05580857296263, 53.4835594246294], [-2.05864309325944, 53.4834699844154], [-2.06084718648064, 53.4831291083338], [-2.06200670449413, 53.4825289602832], [-2.06277860744461, 53.4827613781425], [-2.06327111460756, 53.4836230479212], [-2.06369615407263, 53.4836947962776], [-2.06950614696497, 53.4811918253565], [-2.07188198703134, 53.4798217382807], [-2.07365672370667, 53.4797682387783], [-2.07490303964604, 53.480753498748], [-2.07294516840389, 53.4859500810099], [-2.07395856049632, 53.4862856237495], [-2.06956123808758, 53.4903303721136], [-2.06826334262444, 53.4920748317448], [-2.06813578912425, 53.4944128530835], [-2.06875491424787, 53.4968459571691], [-2.06817517070796, 53.4971111261053], [-2.06775579543084, 53.4967268248167], [-2.06799535042905, 53.4971902929361], [-2.0663943744608, 53.4979310343751], [-2.06595125818704, 53.49757666594], [-2.06568770006876, 53.4982505107944], [-2.06192956646225, 53.4992484785115], [-2.0591749298781, 53.4989541878045], [-2.05317856730634, 53.4992914606983], [-2.04917603039459, 53.5017830593505], [-2.04568551620723, 53.5014177808866], [-2.04269451224619, 53.5018314929382], [-2.04213515508161, 53.501212005336], [-2.04008002887672, 53.5019112732352], [-2.04123353603975, 53.5037169325112], [-2.04161638194477, 53.5058973822776], [-2.03978070061469, 53.5070851134066], [-2.03490338286786, 53.5070317758733], [-2.0322968615084, 53.509052858429], [-2.02847693542687, 53.5097470349531], [-2.02845227174905, 53.5102954567439], [-2.02757230832253, 53.5106033208528], [-2.02740438192218, 53.5110359930579], [-2.02847372366074, 53.5118523807507], [-2.02770241380392, 53.5114758189046], [-2.02682297591092, 53.5118424207896], [-2.02356250842087, 53.5113757609968], [-2.02149372516361, 53.5092762092716], [-2.01638503756548, 53.5082011792519], [-2.0155920055746, 53.5075509965491], [-2.013285838378, 53.5067284887568], [-2.01147062511752, 53.5063723090813], [-2.01057346722232, 53.5065426200812]]]}, "properties": {"WD24CD": "E05014536"}}, {"type": "Feature", "geometry": {"type": "Polygon", "coordinates": [[[-1.96338598926022, 53.5098272597675], [-1.96693741984116, 53.5073510664845], [-1.96743844914185, 53.5066393416632], [-1.97131927206, 53.5045594777605], [-1.97271965323536, 53.5024861294823], [-1.97197494578333, 53.5002029038958], [-1.97249274303685, 53.4990470767364], [-1.97077673952699, 53.4952238751691], [-1.97122245348857, 53.493652794844], [-1.97219816826294, 53.4928315348604], [-1.9722623217546, 53.4916180896172], [-1.97377037694437, 53.4901011588669], [-1.97427777091406, 53.4883844180113], [-1.97664652738012, 53.4863194025905], [-1.98146492489565, 53.4852622537022], [-1.98466794706126, 53.4832322510612], [-1.9846440292208, 53.4826992020073], [-1.98570514841923, 53.4817420600619], [-1.98739900736179, 53.4815760079419], [-1.98909835183174, 53.476820353176], [-1.98932337971734, 53.4751142969789], [-1.98868200213618, 53.4746834175865], [-1.99081165089183, 53.4742896380081], [-1.99083647009438, 53.4730776239077], [-1.99338268414048, 53.4727007119361], [-1.99448617490273, 53.4733264569022], [-1.99483421939614, 53.4731853507244], [-1.99548744307634, 53.4710597768181], [-1.99782126503248, 53.4698911210317], [-1.99849012951064, 53.4702956138325], [-2.003441314666, 53.4661340186526], [-2.00647260955608, 53.4662776044551], [-2.00646748953326, 53.465225224343], [-2.00778669968454, 53.4634149503088], [-2.00965879005436, 53.4639069096123], [-2.01060918693131, 53.4634142508945], [-2.01195214921789, 53.4634345629129], [-2.01181743575103, 53.4628168081306], [-2.01312735789924, 53.4613450165279], [-2.01039149240159, 53.4600615348678], [-2.01010417397309, 53.4592584750399], [-2.01379996790292, 53.4602268334521], [-2.0151328678398, 53.4610585263196], [-2.01514440638374, 53.4607736187083], [-2.01607214396372, 53.4605894073575], [-2.01600083717178, 53.4602926777153], [-2.01803984106613, 53.4603109212472], [-2.01907076426163, 53.458645209405], [-2.02257481179134, 53.4600750945226], [-2.0238892302993, 53.4588890396351], [-2.02631396552066, 53.4580475635425], [-2.02658197680572, 53.4576499720251], [-2.02823228915475, 53.4582486648584], [-2.02888969909123, 53.4571166498065], [-2.03030762031123, 53.457968157291], [-2.03117880825391, 53.4569845575894], [-2.03258506790477, 53.4574443830165], [-2.03329634352107, 53.4570037390888], [-2.03473686646155, 53.4578215356843], [-2.03623195593397, 53.4573677883334], [-2.03529655016492, 53.4590183836525], [-2.04087658976386, 53.4596551734244], [-2.04489707455663, 53.4580496692537], [-2.04552469440085, 53.4583669574175], [-2.04633687620029, 53.4608373552111], [-2.04562549885702, 53.4618421106946], [-2.04410346447822, 53.4625905512217], [-2.04429627479777, 53.4633432699315], [-2.04533319104889, 53.4646471078294], [-2.04717220513286, 53.4658575791132], [-2.04738406155848, 53.4661929453122], [-2.04692823687553, 53.4666163129355], [-2.0480173103669, 53.466599680054], [-2.05008803393245, 53.4678907693803], [-2.05047810454902, 53.4686552553476], [-2.05023765704485, 53.4692233656474], [-2.04718724391604, 53.472190030189], [-2.04647324945985, 53.4735071582939], [-2.04536368795894, 53.4732498744645], [-2.04522782770981, 53.4742543197525], [-2.0446064598904, 53.4742105472021], [-2.04551090228796, 53.4746561765856], [-2.04526739528672, 53.4764412689266], [-2.04559527758383, 53.4771798500148], [-2.04644171375389, 53.477396736406], [-2.04807942382096, 53.4794595961195], [-2.04765038167597, 53.4797590977086], [-2.04821609074115, 53.4803781758692], [-2.04757299646424, 53.4806975358697], [-2.05128485314482, 53.4837439908112], [-2.0495916900111, 53.4855820032529], [-2.04723527631994, 53.4861024719894], [-2.04537999368506, 53.4875162624665], [-2.04208717965297, 53.4908072791147], [-2.03886106885186, 53.4950240934762], [-2.03818456631834, 53.4954036195891], [-2.03784449152111, 53.4951452917965], [-2.03679285545893, 53.4960122191652], [-2.03602325949518, 53.4956243410628], [-2.03487608291642, 53.4962414149413], [-2.03218397982827, 53.4962877531211], [-2.03047602879657, 53.4956148347772], [-2.02996844782165, 53.4972801436238], [-2.02786144785579, 53.4975295008897], [-2.02746810806764, 53.4981283853221], [-2.02622432364186, 53.4979489052729], [-2.0263597492611, 53.4975371276299], [-2.02526371071264, 53.4973453881289], [-2.02151941474711, 53.4974942298546], [-2.02084363732084, 53.4966127315844], [-2.01836306661513, 53.4996615575408], [-2.01557995534346, 53.5009844003176], [-2.01128408485552, 53.4996058694801], [-2.01195024165362, 53.5006182687267], [-2.01560127468983, 53.5031409124253], [-2.01522087572402, 53.5035498774944], [-2.01182589642544, 53.5044904715189], [-2.0103064814426, 53.5062118724406], [-2.01057346722232, 53.5065426200812], [-2.009193776077, 53.506483930146], [-2.00763673805236, 53.5070303958437], [-2.00707876932723, 53.5080674638407], [-2.00451613452143, 53.508999756785], [-2.00310224724467, 53.5088923470158], [-2.00130822863493, 53.5080212965183], [-2.00040816411208, 53.5081187861591], [-1.99979603653082, 53.5097745291707], [-1.99815083245118, 53.5111263521549], [-1.99647711203439, 53.5116278146416], [-1.99329984854818, 53.5120241315136], [-1.98578596015258, 53.516448474747], [-1.98194688370646, 53.5152650453259], [-1.97781976011779, 53.5144328773595], [-1.97305568406769, 53.5124418717276], [-1.96672997015267, 53.5103791686639], [-1.96338598926022, 53.5098272597675]]]}, "properties": {"WD24CD": "E05014537"}}, {"type": "Feature", "geometry": {"type": "Polygon", "coordinates": [[[-2.08461703703905, 53.5307682162838], [-2.08101294841455, 53.5318850681753], [-2.07974630997621, 53.5304469909992], [-2.07880588391241, 53.5307144970861], [-2.07844533034029, 53.5303890910951], [-2.07741211749537, 53.5313479106138], [-2.07479489373504, 53.5323026099137], [-2.0731163486843, 53.5323678384741], [-2.07205236167194, 53.5328374472518], [-2.06892254453737, 53.5328168796604], [-2.0670215275993, 53.5337384080205], [-2.06588862749268, 53.5333487829411], [-2.06554118943817, 53.5330655757578], [-2.06586065886754, 53.5328218081264], [-2.06515422119292, 53.532579701056], [-2.06505746622419, 53.5321513676463], [-2.06827999777176, 53.5304581608631], [-2.06868264288245, 53.5296114837381], [-2.06980795354186, 53.5293719896186], [-2.07432944176119, 53.5261621196823], [-2.07676218548117, 53.5252684411638], [-2.07644177308514, 53.524917743968], [-2.07421261714549, 53.5253397544922], [-2.07271424356793, 53.5241546768179], [-2.07141435920626, 53.523908299706], [-2.07066387880773, 53.5225907822522], [-2.0706965835213, 53.5217362595347], [-2.07114231590851, 53.5213017905409], [-2.07483144868142, 53.5212419728956], [-2.07516532694513, 53.5206610912651], [-2.07720520724381, 53.5202741778797], [-2.07836722337319, 53.5206311310642], [-2.0921225397267, 53.5206148856423], [-2.09263914796785, 53.5209749037487], [-2.09241183321861, 53.5219026841903], [-2.09470371260219, 53.5222055814779], [-2.0946773478749, 53.5232752698024], [-2.09619782453991, 53.5253278324029], [-2.10102991604762, 53.5281551248226], [-2.1019218352792, 53.5283143973514], [-2.10273550007726, 53.527892085833], [-2.10230784552731, 53.5276120091044], [-2.10334162727223, 53.5265658037503], [-2.10502444872634, 53.5262829867576], [-2.10486024048405, 53.5257591729682], [-2.11096754695532, 53.5250686524885], [-2.11177505970525, 53.5281643812482], [-2.11414698421486, 53.5319228690442], [-2.11521755506836, 53.5337967605868], [-2.11582011016236, 53.5373384245204], [-2.11653066310239, 53.5378716581176], [-2.11513068872644, 53.5379512008724], [-2.11490123412994, 53.5373753502381], [-2.10919462672452, 53.5360854500187], [-2.10315101681384, 53.535734932305], [-2.09715726344926, 53.5341993601676], [-2.09658179714283, 53.5350504913952], [-2.09500011711753, 53.5350320520184], [-2.09481812880507, 53.5343316834503], [-2.09518847719755, 53.534040617357], [-2.08760948113228, 53.530311572071], [-2.08551951635962, 53.5305486361169], [-2.08516881811646, 53.5309594483918], [-2.08461703703905, 53.5307682162838]]]}, "properties": {"WD24CD": "E05014646"}}, {"type": "Feature", "geometry": {"type": "Polygon", "coordinates": [[[-2.13265379094123, 53.5394511230617], [-2.13639957367458, 53.5384231364733], [-2.13904482487756, 53.537084428876], [-2.14085467930644, 53.535475239913], [-2.14192669939275, 53.5334317928857], [-2.1444206295205, 53.5339016240003], [-2.14527865290151, 53.5324588224686], [-2.14550607688346, 53.5327623526142], [-2.14950473092161, 53.5333928750046], [-2.14993198836656, 53.5326041089351], [-2.15255267202454, 53.5342427686494], [-2.14959533044406, 53.5412827027596], [-2.15511193500629, 53.5418622182573], [-2.15478293819489, 53.5430333501763], [-2.15445800092194, 53.5430450191963], [-2.15226833744933, 53.5431215989868], [-2.1513601299139, 53.5435663456613], [-2.15170107020383, 53.5441370999365], [-2.14912370920215, 53.5447516431714], [-2.14740835082739, 53.5442838505196], [-2.14595700206857, 53.5459502957411], [-2.14063832293246, 53.5546007965627], [-2.14082852816168, 53.5561785341383], [-2.1386869221235, 53.5562809903065], [-2.13236744520044, 53.5533940702292], [-2.13120299452533, 53.5521666472492], [-2.1309881472706, 53.5515089459564], [-2.13224006994053, 53.5512693444625], [-2.13581608279515, 53.5458562078586], [-2.13402702129004, 53.5454500706176], [-2.13370646347238, 53.5450899049983], [-2.13366061535186, 53.5438762547268], [-2.1343886756371, 53.5430015339618], [-2.13505500515936, 53.5400140668243], [-2.13258256891415, 53.5396449517441], [-2.13265379094123, 53.5394511230617]]]}, "properties": {"WD24CD": "E05014647"}}, {"type": "Feature", "geometry": {"type": "Polygon", "coordinates": [[[-2.13849399593134, 53.5568386486994], [-2.1386869221235, 53.5562809903065], [-2.14082852816168, 53.5561785341383], [-2.14063832293246, 53.5546007965627], [-2.14595700206857, 53.5459502957411], [-2.14740835082739, 53.5442838505196], [-2.14912370920215, 53.5447516431714], [-2.15170107020383, 53.5441370999365], [-2.1513601299139, 53.5435663456613], [-2.15226833744933, 53.5431215989868], [-2.15445800092194, 53.5430450191963], [-2.15504674677756, 53.5437644662539], [-2.1579952812075, 53.5454183745592], [-2.16290088924817, 53.542627598888], [-2.16474109435639, 53.5420545480049], [-2.16845556463342, 53.5415041823336], [-2.16888652622145, 53.5412741941415], [-2.16870584805439, 53.5401413008333], [-2.17124216251413, 53.5403819788348], [-2.17317777104509, 53.541554604116], [-2.17132780698435, 53.5438034342209], [-2.1707181306406, 53.5438043060066], [-2.17074223654634, 53.5445377764037], [-2.1694402426419, 53.546159305177], [-2.16994110808837, 53.5513834335857], [-2.17175682425932, 53.5513618987991], [-2.17225424244271, 53.5526781134303], [-2.17199289453171, 53.5582322910279], [-2.17113095722944, 53.5582326293016], [-2.17041734813112, 53.5587181582323], [-2.16871643616762, 53.5588319937283], [-2.16814827711938, 53.5601846164994], [-2.16590002953416, 53.5612547322564], [-2.16360563334869, 53.5632928186258], [-2.1595022352667, 53.5645486502168], [-2.15779069749475, 53.5642866506978], [-2.1572371942791, 53.5648419839787], [-2.15520837865461, 53.5653659924659], [-2.15347159434971, 53.5635750316812], [-2.15141339751803, 53.5622240379144], [-2.14879170605099, 53.561154069926], [-2.14211331563275, 53.5595236447993], [-2.13849399593134, 53.5568386486994]]]}, "properties": {"WD24CD": "E05014648"}}, {"type": "Feature", "geometry": {"type": "Polygon", "coordinates": [[[-2.15445800092194, 53.5430450191963], [-2.15478293819489, 53.5430333501763], [-2.15511193500629, 53.5418622182573], [-2.14959533044406, 53.5412827027596], [-2.15255267202454, 53.5342427686494], [-2.14993198836656, 53.5326041089351], [-2.14950473092161, 53.5333928750046], [-2.14550607688346, 53.5327623526142], [-2.14527865290151, 53.5324588224686], [-2.1444206295205, 53.5339016240003], [-2.14192669939275, 53.5334317928857], [-2.14250527010972, 53.5309368416995], [-2.14150701659344, 53.5315233114422], [-2.13476615798847, 53.5290477077565], [-2.13651070922457, 53.5264443448793], [-2.14170412272469, 53.522603716637], [-2.14366777456968, 53.5199480662697], [-2.14643442948779, 53.5210539383465], [-2.14851463868599, 53.5189768106465], [-2.15517731838116, 53.5151248952813], [-2.15624772485445, 53.5157880580975], [-2.15623639028829, 53.5158090096373], [-2.1547610370867, 53.5180331561031], [-2.15627968280019, 53.5188455530044], [-2.15918767614258, 53.5221269062779], [-2.16479091255044, 53.5201661224232], [-2.16914667004104, 53.5235854898272], [-2.17050109749828, 53.5239565593923], [-2.17021915978924, 53.5277455559387], [-2.17213664359033, 53.5278057013022], [-2.17211581400889, 53.5271154421562], [-2.18601421381712, 53.5290593976373], [-2.17981825540166, 53.5346596982404], [-2.17801446162465, 53.5373409808919], [-2.17554587828509, 53.5383863576794], [-2.17503859855474, 53.5397857388681], [-2.17349046558753, 53.5416233413297], [-2.17317777104509, 53.541554604116], [-2.17124216251413, 53.5403819788348], [-2.16870584805439, 53.5401413008333], [-2.16888652622145, 53.5412741941415], [-2.16845556463342, 53.5415041823336], [-2.16474109435639, 53.5420545480049], [-2.16290088924817, 53.542627598888], [-2.1579952812075, 53.5454183745592], [-2.15504674677756, 53.5437644662539], [-2.15445800092194, 53.5430450191963]]]}, "properties": {"WD24CD": "E05014649"}}, {"type": "Feature", "geometry": {"type": "Polygon", "coordinates": [[[-2.10845928570944, 53.5516265366543], [-2.10538017008086, 53.5459357559619], [-2.11036934786478, 53.5436697700823], [-2.11117482852393, 53.5440218164033], [-2.11283318451274, 53.5439981270731], [-2.11273772802517, 53.5420135099432], [-2.10887237014118, 53.5422769104794], [-2.10717537094951, 53.5395217276552], [-2.11087669581674, 53.5383148631198], [-2.11513068872644, 53.5379512008724], [-2.11653066310239, 53.5378716581176], [-2.11939826436367, 53.5381546464312], [-2.12193326546562, 53.5397582678818], [-2.12564571451116, 53.5382936614981], [-2.12617566353249, 53.5385098081184], [-2.12742282135464, 53.5382784722784], [-2.12972293004682, 53.5384719347725], [-2.1296065480528, 53.5391052826204], [-2.13265379094123, 53.5394511230617], [-2.13258256891415, 53.5396449517441], [-2.13505500515936, 53.5400140668243], [-2.1343886756371, 53.5430015339618], [-2.13366061535186, 53.5438762547268], [-2.13370646347238, 53.5450899049983], [-2.13402702129004, 53.5454500706176], [-2.13581608279515, 53.5458562078586], [-2.13224006994053, 53.5512693444625], [-2.1309881472706, 53.5515089459564], [-2.13120299452533, 53.5521666472492], [-2.13236744520044, 53.5533940702292], [-2.1386869221235, 53.5562809903065], [-2.13849399593134, 53.5568386486994], [-2.13629580932118, 53.5566824873863], [-2.13168941228444, 53.5570989247063], [-2.13163500486746, 53.5566878903896], [-2.12695007665336, 53.5566092509289], [-2.12514879988779, 53.5562095321888], [-2.12419037461207, 53.5543702053201], [-2.12243109210474, 53.5543445326926], [-2.12242211126222, 53.554735894788], [-2.12093183264701, 53.554776769402], [-2.1209218450914, 53.554569318551], [-2.11750237307393, 53.5537692340984], [-2.11487705944981, 53.5522132396152], [-2.11465972043642, 53.5517696959626], [-2.11510668794624, 53.5512882935714], [-2.11389434482451, 53.551042919983], [-2.11382966743945, 53.5504740696616], [-2.11266877726135, 53.5504725276369], [-2.11257956739687, 53.5508344122875], [-2.11170572442073, 53.5508843019296], [-2.11173504666259, 53.5512442579196], [-2.11133392377801, 53.5508045673585], [-2.11074425830821, 53.5508122235954], [-2.10845928570944, 53.5516265366543]]]}, "properties": {"WD24CD": "E05014650"}}, {"type": "Feature", "geometry": {"type": "Polygon", "coordinates": [[[-2.09802309558358, 53.5963546772957], [-2.09828902908411, 53.5960560833017], [-2.09771994769479, 53.5953127741213], [-2.09904760314582, 53.5943760929097], [-2.0964590648525, 53.5936518764701], [-2.09638063348116, 53.5927260621084], [-2.09699279725545, 53.5926580633853], [-2.09497675110637, 53.5909058143683], [-2.09536484414534, 53.5876584104199], [-2.09484247420357, 53.5865937214616], [-2.09365906448859, 53.5865146656862], [-2.09605994379244, 53.5863079049152], [-2.09509222577729, 53.5848921359107], [-2.09689855661475, 53.584460586201], [-2.09634967239468, 53.5835568146656], [-2.096704270001, 53.5824190593832], [-2.0953724072986, 53.5822349802702], [-2.0955136430496, 53.581369014176], [-2.0972034570505, 53.5814551881438], [-2.09795782200775, 53.5791462939918], [-2.10011216301753, 53.5794109945421], [-2.09780497789537, 53.5735157042048], [-2.09853598679844, 53.5710542786], [-2.09806643346213, 53.5694019900588], [-2.09879795861517, 53.5680944790581], [-2.09814507445969, 53.5675166268746], [-2.09849818846758, 53.56710781344], [-2.09938404034199, 53.5672347035367], [-2.09970390559063, 53.5667953325379], [-2.10158685850995, 53.5668602178427], [-2.10158140143503, 53.5671262911987], [-2.10403496135685, 53.5671025829649], [-2.10520107418798, 53.5667015910628], [-2.10565920712075, 53.5669519730377], [-2.10713554754001, 53.56680228462], [-2.11108968124955, 53.5678539096262], [-2.1091882813086, 53.5694367290603], [-2.10968005599128, 53.5705007641166], [-2.11043470688668, 53.5701815063009], [-2.11054912337962, 53.5705844800738], [-2.11177657323301, 53.5706396073561], [-2.11094803505775, 53.5725324302448], [-2.11142896419975, 53.5730883531508], [-2.11280648336127, 53.5731980487708], [-2.11229921022079, 53.5743836733102], [-2.11269016585756, 53.5745810044526], [-2.12169157957646, 53.5748866830647], [-2.12265633635067, 53.5747616897049], [-2.12322417970514, 53.5742703012732], [-2.12421077598056, 53.5750704961594], [-2.12259270187405, 53.5778885523075], [-2.12537695014948, 53.5841426725506], [-2.12584468713238, 53.5864979727422], [-2.12405466770723, 53.5890529126272], [-2.12291254324304, 53.5890554976668], [-2.12248632012968, 53.5895296651297], [-2.12317173278958, 53.5898579266634], [-2.11835421218243, 53.5926249303884], [-2.1127133428985, 53.5927724106647], [-2.11199639505842, 53.5961811702665], [-2.11176550178487, 53.5971164657024], [-2.11257107105145, 53.5988927176911], [-2.11063766856673, 53.5997088225203], [-2.1086156022444, 53.5990320918418], [-2.1073366193193, 53.5993774985608], [-2.10685390256808, 53.5985204298257], [-2.10560808327762, 53.5976397810196], [-2.10157768187548, 53.5973566633342], [-2.09986817785318, 53.5977598549331], [-2.0993936947698, 53.5970960303211], [-2.09802309558358, 53.5963546772957]]]}, "properties": {"WD24CD": "E05014651"}}, {"type": "Feature", "geometry": {"type": "Polygon", "coordinates": [[[-2.14366777456968, 53.5199480662697], [-2.14058207349348, 53.5182161873826], [-2.13807177908168, 53.5161140280337], [-2.13341344403597, 53.5089196494684], [-2.13073664837915, 53.5087833428529], [-2.12983896053951, 53.5095698652362], [-2.12869565393548, 53.5094758581886], [-2.12773635585265, 53.5088432142477], [-2.12484424427005, 53.5093396961591], [-2.12546080481781, 53.508261821518], [-2.1236584987039, 53.507222663062], [-2.1228134041382, 53.5073149637287], [-2.1217251350035, 53.5063749998702], [-2.11968483281177, 53.5057272287728], [-2.12069293302921, 53.5012616974245], [-2.12151466830229, 53.5007817360345], [-2.12331738142678, 53.5006666563306], [-2.12444665282843, 53.4996587965054], [-2.12602006270201, 53.4990224678505], [-2.12753646319076, 53.4984977832188], [-2.13042031840618, 53.4985252041439], [-2.13139039920267, 53.4982832241831], [-2.13520360021522, 53.4952705760986], [-2.13612452440151, 53.491927599194], [-2.13789896658616, 53.4916163488695], [-2.13813927793577, 53.4917994710181], [-2.14093884831422, 53.4911282635536], [-2.14542868299386, 53.4919731833325], [-2.14697842325579, 53.4937986387402], [-2.14841319576477, 53.4929087839894], [-2.15107885962732, 53.4931544221658], [-2.151518000141, 53.4928626318624], [-2.15408318769223, 53.4928458548349], [-2.15467483203109, 53.4934563045813], [-2.15571199093764, 53.493513358054], [-2.15617163662326, 53.493892306476], [-2.15558800968439, 53.4938200310336], [-2.15497746943605, 53.4944158622295], [-2.15416542452672, 53.4945234310679], [-2.15397197649017, 53.4950068094782], [-2.1530410222024, 53.4951653092182], [-2.15106178919041, 53.4966203699476], [-2.15110498090782, 53.4975776713918], [-2.14885705454919, 53.4981171165046], [-2.14791544546578, 53.4990957821834], [-2.14885798584571, 53.500884737362], [-2.14816857664555, 53.5027433225373], [-2.14913403464872, 53.5029137936352], [-2.14948528983646, 53.503424612842], [-2.15097862885216, 53.5039891747008], [-2.15460969724962, 53.5023063721282], [-2.15473016818763, 53.5024765456929], [-2.15483863297659, 53.5028687484132], [-2.15427174278368, 53.5032757613973], [-2.15571285055214, 53.5044657450295], [-2.15491243922094, 53.5052539051825], [-2.1553557973968, 53.5053637042383], [-2.15510684401971, 53.5061406272382], [-2.15678997358033, 53.5085740962787], [-2.15547883959389, 53.5092819373666], [-2.15664986698095, 53.5095488927571], [-2.15804324444468, 53.5108512066731], [-2.1577376154126, 53.5142271713599], [-2.15624772485445, 53.5157880580975], [-2.15517731838116, 53.5151248952813], [-2.14851463868599, 53.5189768106465], [-2.14643442948779, 53.5210539383465], [-2.14366777456968, 53.5199480662697]]]}, "properties": {"WD24CD": "E05014652"}}, {"type": "Feature", "geometry": {"type": "Polygon", "coordinates": [[[-2.15623639028829, 53.5158090096373], [-2.15624772485445, 53.5157880580975], [-2.1577376154126, 53.5142271713599], [-2.15804324444468, 53.5108512066731], [-2.15664986698095, 53.5095488927571], [-2.15547883959389, 53.5092819373666], [-2.15678997358033, 53.5085740962787], [-2.15510684401971, 53.5061406272382], [-2.1553557973968, 53.5053637042383], [-2.15491243922094, 53.5052539051825], [-2.15571285055214, 53.5044657450295], [-2.15427174278368, 53.5032757613973], [-2.15483863297659, 53.5028687484132], [-2.15473016818763, 53.5024765456929], [-2.15460969724962, 53.5023063721282], [-2.15097862885216, 53.5039891747008], [-2.14948528983646, 53.503424612842], [-2.14913403464872, 53.5029137936352], [-2.14816857664555, 53.5027433225373], [-2.14885798584571, 53.500884737362], [-2.14791544546578, 53.4990957821834], [-2.14885705454919, 53.4981171165046], [-2.15110498090782, 53.4975776713918], [-2.15106178919041, 53.4966203699476], [-2.1530410222024, 53.4951653092182], [-2.15397197649017, 53.4950068094782], [-2.15416542452672, 53.4945234310679], [-2.15497746943605, 53.4944158622295], [-2.15558800968439, 53.4938200310336], [-2.15617163662326, 53.493892306476], [-2.15770634829694, 53.4943835244134], [-2.15832426650037, 53.4935503435874], [-2.15913693498153, 53.4932265767214], [-2.16199821362013, 53.4933539952573], [-2.16303024605401, 53.492849196783], [-2.163933456582, 53.4929441040164], [-2.16358809939837, 53.4936879790481], [-2.16401866146849, 53.4947066505929], [-2.16323693791151, 53.4960326008872], [-2.16341156077199, 53.4967792645548], [-2.16283114451246, 53.4967450159233], [-2.16291494714437, 53.496981319019], [-2.16164430397613, 53.4974199444318], [-2.16186487522818, 53.4983255977327], [-2.16437640467361, 53.4995212229535], [-2.16593144700416, 53.4989834173095], [-2.1685368630535, 53.5009994108956], [-2.17260248334817, 53.5024398545993], [-2.17087007410286, 53.5031452271091], [-2.17551298786569, 53.5026503585636], [-2.17774784476287, 53.5049822819231], [-2.1765532530652, 53.5052248802385], [-2.17677903259964, 53.5055022976742], [-2.1778976109131, 53.5054521069692], [-2.17871040149036, 53.5058499503078], [-2.17826647869165, 53.5067681616181], [-2.17674388003193, 53.5070088365304], [-2.17562979025193, 53.5075888897629], [-2.17564610738321, 53.5080719924184], [-2.17425534556797, 53.5090330995295], [-2.17444274569438, 53.509690326462], [-2.17406715199669, 53.5094711100445], [-2.1735551300111, 53.5098129676344], [-2.17430659014685, 53.5101327552153], [-2.17387573751301, 53.510044400338], [-2.17357032319161, 53.5103958431435], [-2.17408069767118, 53.5105712702924], [-2.1732792217839, 53.5118568819058], [-2.17347621513082, 53.5122786001108], [-2.17307225191984, 53.5123182877719], [-2.17302648035738, 53.5120015133814], [-2.17262997995301, 53.5123935338012], [-2.17157510613038, 53.5125617939954], [-2.17142222759296, 53.5131673826341], [-2.16860547468643, 53.5135767831775], [-2.16708389539358, 53.5133771404295], [-2.16439903513138, 53.5135943557337], [-2.16301886511167, 53.5129077445908], [-2.16116621809406, 53.5128752147633], [-2.16041743578878, 53.5130532984073], [-2.1608302109043, 53.513344863628], [-2.16022823678594, 53.5136674605288], [-2.16039303425515, 53.5139809331971], [-2.15888576536094, 53.5145508518283], [-2.15816646167771, 53.5153959910386], [-2.15645737999933, 53.5162943939348], [-2.15623639028829, 53.5158090096373]]]}, "properties": {"WD24CD": "E05014653"}}, {"type": "Feature", "geometry": {"type": "Polygon", "coordinates": [[[-2.12336481382086, 53.5281116050026], [-2.12293547759284, 53.5282909543693], [-2.12204336833845, 53.52756824938], [-2.12173788921027, 53.5273016857372], [-2.12217330553154, 53.5271196388045], [-2.12015638809803, 53.5254588809618], [-2.11733423454762, 53.5253979471595], [-2.11329154990441, 53.5246964041991], [-2.11293505894721, 53.522866990934], [-2.11464826270228, 53.5226552504461], [-2.11475882368229, 53.523557032294], [-2.11738776508781, 53.523130400219], [-2.11721505527278, 53.519963610499], [-2.11434462114477, 53.5198801378579], [-2.11242088544709, 53.520739480605], [-2.11152621372286, 53.520623417182], [-2.10961755248579, 53.5179781642681], [-2.11072402113541, 53.5166370047932], [-2.11177494543588, 53.5165397883022], [-2.11267952072678, 53.5155650667788], [-2.11318516092485, 53.5145888126008], [-2.11241416403951, 53.5141633066121], [-2.11425190507566, 53.5123119446145], [-2.11568127408512, 53.5118580913326], [-2.11670220844681, 53.5106071754661], [-2.11754686508058, 53.5105105982569], [-2.11679076449826, 53.5100695763048], [-2.11708542644834, 53.5084774585594], [-2.1163672437047, 53.508457246446], [-2.11577952043832, 53.5076474904914], [-2.11665423185966, 53.5073875919832], [-2.1163287496038, 53.5063067275447], [-2.11822548038484, 53.5057493569225], [-2.11968483281177, 53.5057272287728], [-2.1217251350035, 53.5063749998702], [-2.1228134041382, 53.5073149637287], [-2.1236584987039, 53.507222663062], [-2.12546080481781, 53.508261821518], [-2.12484424427005, 53.5093396961591], [-2.12773635585265, 53.5088432142477], [-2.12869565393548, 53.5094758581886], [-2.12983896053951, 53.5095698652362], [-2.13073664837915, 53.5087833428529], [-2.13341344403597, 53.5089196494684], [-2.13807177908168, 53.5161140280337], [-2.14058207349348, 53.5182161873826], [-2.14366777456968, 53.5199480662697], [-2.14170412272469, 53.522603716637], [-2.13651070922457, 53.5264443448793], [-2.13476615798847, 53.5290477077565], [-2.13139504960207, 53.5282324637014], [-2.12770167356545, 53.5262130748314], [-2.12336481382086, 53.5281116050026]]]}, "properties": {"WD24CD": "E05014654"}}, {"type": "Feature", "geometry": {"type": "Polygon", "coordinates": [[[-2.11414698421486, 53.5319228690442], [-2.11177505970525, 53.5281643812482], [-2.11096754695532, 53.5250686524885], [-2.10486024048405, 53.5257591729682], [-2.10502444872634, 53.5262829867576], [-2.10334162727223, 53.5265658037503], [-2.10230784552731, 53.5276120091044], [-2.10273550007726, 53.527892085833], [-2.1019218352792, 53.5283143973514], [-2.10102991604762, 53.5281551248226], [-2.09619782453991, 53.5253278324029], [-2.0946773478749, 53.5232752698024], [-2.09470371260219, 53.5222055814779], [-2.09241183321861, 53.5219026841903], [-2.09263914796785, 53.5209749037487], [-2.0921225397267, 53.5206148856423], [-2.09325828992356, 53.5206166928378], [-2.09293919225459, 53.519527595887], [-2.0936479496155, 53.518818688631], [-2.09342471039034, 53.5181204883987], [-2.09544009546489, 53.5176434472511], [-2.09493936932938, 53.5169238171522], [-2.09517374834228, 53.515854051091], [-2.09732481550096, 53.5147863243669], [-2.09826226215079, 53.5138858070019], [-2.09902870206136, 53.5140046823021], [-2.09964976458831, 53.513254569011], [-2.09946094829498, 53.5124717962841], [-2.09996288410869, 53.5117262743656], [-2.10235574502973, 53.5109962133964], [-2.10331149360778, 53.5096713333059], [-2.11078859639092, 53.508331659195], [-2.1163287496038, 53.5063067275447], [-2.11665423185966, 53.5073875919832], [-2.11577952043832, 53.5076474904914], [-2.1163672437047, 53.508457246446], [-2.11708542644834, 53.5084774585594], [-2.11679076449826, 53.5100695763048], [-2.11754686508058, 53.5105105982569], [-2.11670220844681, 53.5106071754661], [-2.11568127408512, 53.5118580913326], [-2.11425190507566, 53.5123119446145], [-2.11241416403951, 53.5141633066121], [-2.11318516092485, 53.5145888126008], [-2.11267952072678, 53.5155650667788], [-2.11177494543588, 53.5165397883022], [-2.11072402113541, 53.5166370047932], [-2.10961755248579, 53.5179781642681], [-2.11152621372286, 53.520623417182], [-2.11242088544709, 53.520739480605], [-2.11434462114477, 53.5198801378579], [-2.11721505527278, 53.519963610499], [-2.11738776508781, 53.523130400219], [-2.11475882368229, 53.523557032294], [-2.11464826270228, 53.5226552504461], [-2.11293505894721, 53.522866990934], [-2.11329154990441, 53.5246964041991], [-2.11733423454762, 53.5253979471595], [-2.12015638809803, 53.5254588809618], [-2.12217330553154, 53.5271196388045], [-2.12173788921027, 53.5273016857372], [-2.12204336833845, 53.52756824938], [-2.12293547759284, 53.5282909543693], [-2.12336481382086, 53.5281116050026], [-2.12438550617311, 53.5289419932638], [-2.12249556574217, 53.5311236173184], [-2.11776439067793, 53.5334186389042], [-2.11414698421486, 53.5319228690442]]]}, "properties": {"WD24CD": "E05014655"}}, {"type": "Feature", "geometry": {"type": "Polygon", "coordinates": [[[-2.12421077598056, 53.5750704961594], [-2.1259606748377, 53.5702568238566], [-2.12089919939214, 53.5642619522493], [-2.12008595362127, 53.5626705099961], [-2.12008153217134, 53.5611210903395], [-2.12114523928518, 53.5606946360424], [-2.12377575618315, 53.5604477286308], [-2.1290449004054, 53.5576727267592], [-2.13168941228444, 53.5570989247063], [-2.13629580932118, 53.5566824873863], [-2.13849399593134, 53.5568386486994], [-2.14211331563275, 53.5595236447993], [-2.14879170605099, 53.561154069926], [-2.15141339751803, 53.5622240379144], [-2.15347159434971, 53.5635750316812], [-2.15520837865461, 53.5653659924659], [-2.15092967782001, 53.5671241528877], [-2.15185069630761, 53.5742390903069], [-2.15248604801182, 53.5745366985371], [-2.15247726158564, 53.5760323306907], [-2.15209508806797, 53.5762639028113], [-2.15243441038167, 53.5790156328773], [-2.15658638842001, 53.5822874619783], [-2.14675537668961, 53.5837470095125], [-2.13691298002972, 53.5832967375275], [-2.13671738242797, 53.5830839084162], [-2.12584468713238, 53.5864979727422], [-2.12537695014948, 53.5841426725506], [-2.12259270187405, 53.5778885523075], [-2.12421077598056, 53.5750704961594]]]}, "properties": {"WD24CD": "E05014656"}}, {"type": "Feature", "geometry": {"type": "Polygon", "coordinates": [[[-2.09970390559063, 53.5667953325379], [-2.0991959774609, 53.5665819005513], [-2.09630226398918, 53.5668781355233], [-2.0936206503718, 53.5661693470244], [-2.09418933907728, 53.564564490211], [-2.09279567229391, 53.563854647065], [-2.09409469748703, 53.5614267465319], [-2.09625043599592, 53.5587393412286], [-2.10055023234088, 53.5550873359994], [-2.10172894128587, 53.5529384132109], [-2.10415212555794, 53.5531235409786], [-2.10440772586803, 53.5544303593408], [-2.10593515873435, 53.5542847942095], [-2.10669375953982, 53.5528075112107], [-2.10866312518652, 53.552543161435], [-2.10845928570944, 53.5516265366543], [-2.11074425830821, 53.5508122235954], [-2.11133392377801, 53.5508045673585], [-2.11173504666259, 53.5512442579196], [-2.11170572442073, 53.5508843019296], [-2.11257956739687, 53.5508344122875], [-2.11266877726135, 53.5504725276369], [-2.11382966743945, 53.5504740696616], [-2.11389434482451, 53.551042919983], [-2.11510668794624, 53.5512882935714], [-2.11465972043642, 53.5517696959626], [-2.11487705944981, 53.5522132396152], [-2.11750237307393, 53.5537692340984], [-2.1209218450914, 53.554569318551], [-2.12093183264701, 53.554776769402], [-2.12242211126222, 53.554735894788], [-2.12243109210474, 53.5543445326926], [-2.12419037461207, 53.5543702053201], [-2.12514879988779, 53.5562095321888], [-2.12695007665336, 53.5566092509289], [-2.13163500486746, 53.5566878903896], [-2.13168941228444, 53.5570989247063], [-2.1290449004054, 53.5576727267592], [-2.12377575618315, 53.5604477286308], [-2.12114523928518, 53.5606946360424], [-2.12008153217134, 53.5611210903395], [-2.12008595362127, 53.5626705099961], [-2.12089919939214, 53.5642619522493], [-2.1259606748377, 53.5702568238566], [-2.12421077598056, 53.5750704961594], [-2.12322417970514, 53.5742703012732], [-2.12265633635067, 53.5747616897049], [-2.12169157957646, 53.5748866830647], [-2.11269016585756, 53.5745810044526], [-2.11229921022079, 53.5743836733102], [-2.11280648336127, 53.5731980487708], [-2.11142896419975, 53.5730883531508], [-2.11094803505775, 53.5725324302448], [-2.11177657323301, 53.5706396073561], [-2.11054912337962, 53.5705844800738], [-2.11043470688668, 53.5701815063009], [-2.10968005599128, 53.5705007641166], [-2.1091882813086, 53.5694367290603], [-2.11108968124955, 53.5678539096262], [-2.10713554754001, 53.56680228462], [-2.10565920712075, 53.5669519730377], [-2.10520107418798, 53.5667015910628], [-2.10403496135685, 53.5671025829649], [-2.10158140143503, 53.5671262911987], [-2.10158685850995, 53.5668602178427], [-2.09970390559063, 53.5667953325379]]]}, "properties": {"WD24CD": "E05014657"}}, {"type": "Feature", "geometry": {"type": "Polygon", "coordinates": [[[-2.00947078713106, 53.6167795102388], [-2.00853611035079, 53.6148112183426], [-2.0076744524981, 53.6143762807172], [-2.0075139783691, 53.612534631987], [-1.99960716296328, 53.6079427583254], [-1.99587438891635, 53.6051150143632], [-1.99476385214279, 53.6033875058141], [-1.99071452448347, 53.5994755862743], [-1.98164621160679, 53.5893378433976], [-1.97824393720057, 53.5867882658331], [-1.97116244649911, 53.5841558750433], [-1.96686372166137, 53.5800166692121], [-1.95658075113971, 53.5775712408348], [-1.95368878315255, 53.5760305708168], [-1.9537073320537, 53.5756862555313], [-1.95093396405684, 53.5736368088793], [-1.95032014322127, 53.5741650742136], [-1.94810941608059, 53.5728482007354], [-1.94640023378514, 53.5715055484044], [-1.94459483622557, 53.5686860662109], [-1.94272585126694, 53.5616412932109], [-1.92870192015064, 53.5555846321365], [-1.92752155724135, 53.554637474598], [-1.92566597193519, 53.5531893004416], [-1.94201404384291, 53.5509963950952], [-1.94394452222062, 53.5510045177857], [-1.94691713630412, 53.5515811471783], [-1.9509441850494, 53.5513554760317], [-1.95287426022723, 53.5517499201477], [-1.95841257308269, 53.5511165639804], [-1.96402728325842, 53.5510429495279], [-1.96587055325966, 53.5505518181618], [-1.96705037716691, 53.5510582201402], [-1.9688301974603, 53.5506722452963], [-1.97236940903931, 53.5507602997867], [-1.97890346811851, 53.5532064470976], [-1.98730009723371, 53.5536687401769], [-1.98543854763344, 53.5552144654784], [-1.98688904565798, 53.5553333418916], [-1.98696891747645, 53.5558635838367], [-1.98793494569018, 53.5559131121274], [-1.98950798330809, 53.5553102569638], [-1.99078501456921, 53.5553687776761], [-1.99208614848085, 53.5549688469082], [-1.99368624479936, 53.5551370725218], [-1.99467799094069, 53.55436329901], [-1.99950665318645, 53.5541872470884], [-2.00144918923726, 53.5532776551378], [-2.00222813400509, 53.5533333584095], [-2.00187950173321, 53.5545961796511], [-2.00552316912347, 53.5536820021574], [-2.00504921566554, 53.553416948034], [-2.00598192841006, 53.5530923571382], [-2.00628673830755, 53.5525423429709], [-2.00764995328726, 53.5537457872233], [-2.00822773363886, 53.5523687294135], [-2.00908828854309, 53.5528504745389], [-2.00991836104181, 53.5528162698455], [-2.0095877517658, 53.5525412486894], [-2.01013259201865, 53.5525465995917], [-2.01044497924918, 53.5521628053329], [-2.00994197575181, 53.5507984003189], [-2.01098420647811, 53.5482124762937], [-2.0125700780708, 53.5472299491312], [-2.01342577048238, 53.5471300338457], [-2.01398876199174, 53.5472909027026], [-2.01405532168151, 53.5479568992629], [-2.01650574762763, 53.5465733795924], [-2.0160060172296, 53.5459155264414], [-2.01974375917807, 53.5451608363516], [-2.02337970181355, 53.5435010182425], [-2.0257475581291, 53.5436362183798], [-2.02748865658105, 53.5431469316504], [-2.02995593834171, 53.5431400540069], [-2.03099233801861, 53.5426049732339], [-2.03131097138834, 53.5429185759136], [-2.03189176814202, 53.5427575820874], [-2.03689696156051, 53.5474542264807], [-2.03887976628956, 53.5471515761553], [-2.03819301592572, 53.5455383516054], [-2.04094991254402, 53.5452372005105], [-2.04138955405593, 53.5457754632746], [-2.04332370356713, 53.5423520366674], [-2.04323634578824, 53.5410074467139], [-2.04698263720143, 53.5424362080779], [-2.04956479102898, 53.5433886316532], [-2.05061060439324, 53.5434286156574], [-2.05119983219481, 53.5440117105393], [-2.0518908843449, 53.5439097736181], [-2.05203322938721, 53.5443151455667], [-2.05426147001627, 53.5450070950034], [-2.05483280932354, 53.5445034427843], [-2.05534923046574, 53.5447324218776], [-2.05501182029906, 53.5452367740035], [-2.05536818971526, 53.545336434613], [-2.05932390423092, 53.5433813242812], [-2.06107701792463, 53.543113442677], [-2.06333691376258, 53.5437036689869], [-2.06500090517215, 53.5433395403177], [-2.06631666615941, 53.5442088864074], [-2.06585353066784, 53.5443548104255], [-2.06478460940956, 53.5440435171779], [-2.06464828323875, 53.5446458194629], [-2.06606269283551, 53.5449181885978], [-2.06621715106727, 53.5452669281766], [-2.06538855320767, 53.5451675670834], [-2.06472344095819, 53.5454663580924], [-2.06489208213581, 53.5460315475924], [-2.06202095369597, 53.548867239336], [-2.06905481596859, 53.5502303620704], [-2.06995684344919, 53.5498891704569], [-2.06951101870828, 53.5495389039001], [-2.06984362260987, 53.5489903926148], [-2.07297591820846, 53.5484222714715], [-2.07165914729796, 53.550661176351], [-2.0694608016088, 53.5520772268434], [-2.0688479199688, 53.5529324034292], [-2.06878482911151, 53.5540047078453], [-2.06795969545581, 53.5553121658498], [-2.06865914308037, 53.5566123492385], [-2.06863403384023, 53.5578554483186], [-2.06789922291262, 53.5582628330593], [-2.06310823097631, 53.5612317402823], [-2.06322690999961, 53.561832992029], [-2.06246835425691, 53.562312506298], [-2.05480530728966, 53.5646990082504], [-2.04859126677633, 53.5699453795659], [-2.04993491085461, 53.5710045850475], [-2.05690646687803, 53.5730956423004], [-2.05826295384244, 53.5745034746742], [-2.05860417980361, 53.5765750199012], [-2.05992100640993, 53.5775675435327], [-2.05987620704214, 53.5789661707419], [-2.05869391367273, 53.5802412671437], [-2.05422459523036, 53.5823268447498], [-2.05271427877954, 53.5848136308584], [-2.05142729337465, 53.5859502242943], [-2.05164976480086, 53.5862799882961], [-2.05046414433419, 53.5889212357717], [-2.0521070530235, 53.5908385952586], [-2.05372909525712, 53.591629693909], [-2.05509570196047, 53.5946086736653], [-2.05595265082126, 53.5971617809402], [-2.05676246685625, 53.5971065952546], [-2.05688071457029, 53.597400456255], [-2.05551495065413, 53.5974990266881], [-2.0538962915771, 53.5983868876132], [-2.04853083427111, 53.5997723494078], [-2.04232715727382, 53.6004334478463], [-2.03582706317256, 53.6029323744633], [-2.0355281477956, 53.6033711309453], [-2.03659114651826, 53.6040089702741], [-2.03553980886706, 53.6046501172008], [-2.03482789879628, 53.604423795787], [-2.03134571140939, 53.6102246510135], [-2.03280104635144, 53.6118961120318], [-2.03264936525876, 53.6151264221061], [-2.03016450899579, 53.6176724517715], [-2.02998968977354, 53.6205199213455], [-2.02937226541487, 53.6217029228969], [-2.02681574056412, 53.6241671452053], [-2.02617214748513, 53.6224199538432], [-2.0264402513001, 53.6208047480361], [-2.02458619597981, 53.6173950200065], [-2.02303595762586, 53.6158394760088], [-2.01865223303914, 53.6159696689627], [-2.01477312154481, 53.6153490909831], [-2.00947078713106, 53.6167795102388]]]}, "properties": {"WD24CD": "E05014658"}}, {"type": "Feature", "geometry": {"type": "Polygon", "coordinates": [[[-1.92566597193519, 53.5531893004416], [-1.92444897790909, 53.5525539754001], [-1.9215788899342, 53.5529996729377], [-1.91937017935085, 53.5508788734867], [-1.9128846428011, 53.5516436140542], [-1.90962083195551, 53.5383909856456], [-1.91189086707738, 53.5380331864411], [-1.91425336723401, 53.5367082127961], [-1.91577560704052, 53.5329468955595], [-1.91738977801242, 53.5321966652762], [-1.92244468164089, 53.5308150611647], [-1.92260514228925, 53.5263345386012], [-1.92347704696667, 53.5229582967845], [-1.92678065561025, 53.5209487487883], [-1.92269351102045, 53.5183764171525], [-1.92186169803694, 53.5171768180748], [-1.91676643607638, 53.5144957591151], [-1.91749902459623, 53.5130778516199], [-1.92197284577495, 53.5099546839903], [-1.92439968585864, 53.5095733604449], [-1.9260763729186, 53.5086629744045], [-1.92877779162002, 53.5080893417], [-1.93550149635584, 53.5057867586623], [-1.93824763191328, 53.5064030305509], [-1.94242824087301, 53.5066100050871], [-1.94688916646038, 53.5045456799795], [-1.95133267475833, 53.504198837989], [-1.95567293700648, 53.5044558235714], [-1.95741944450198, 53.5053444501309], [-1.95947387873869, 53.5059069671123], [-1.96125924712331, 53.5072810578811], [-1.96338598926022, 53.5098272597675], [-1.96672997015267, 53.5103791686639], [-1.97305568406769, 53.5124418717276], [-1.97781976011779, 53.5144328773595], [-1.98194688370646, 53.5152650453259], [-1.98578596015258, 53.516448474747], [-1.98695320916397, 53.5167038985583], [-1.98882427498957, 53.5183857969962], [-1.99147683861832, 53.5198448761413], [-1.99692731145345, 53.5220652933884], [-2.00303267676075, 53.5202118803235], [-2.00913325358349, 53.5191266150743], [-2.01681524935137, 53.5212021531342], [-2.01877610272599, 53.5214337814973], [-2.01752972929539, 53.5237251096333], [-2.01809282504542, 53.5248305604334], [-2.02031836339897, 53.5260013998122], [-2.02315550728773, 53.5283972037397], [-2.0247078450618, 53.5285325668195], [-2.02679923729576, 53.5294264608945], [-2.03054865649565, 53.5301697411036], [-2.03245255314553, 53.5302573763457], [-2.03448543193198, 53.5293983713699], [-2.03497339105426, 53.530324936925], [-2.03605819403653, 53.53037222044], [-2.03828289778429, 53.5298951482707], [-2.03846324193812, 53.5290474493934], [-2.03961591410524, 53.5292132918316], [-2.0398716324758, 53.5300069236415], [-2.04446662448749, 53.5298767227993], [-2.04865052206553, 53.5303084056224], [-2.04832133908294, 53.5313416733804], [-2.04705939741139, 53.5322018493417], [-2.04806539595581, 53.5336948608256], [-2.04738078457844, 53.5336012183134], [-2.04617133148805, 53.5340969713082], [-2.04732016742491, 53.5374262339469], [-2.0481102967324, 53.538312605751], [-2.04814928714543, 53.5394334359019], [-2.04730743174241, 53.5402180178142], [-2.04771073273464, 53.5405868226952], [-2.04912571517476, 53.5408805963934], [-2.04745327180109, 53.5410974666931], [-2.04724295939469, 53.541267432708], [-2.04871462360792, 53.5418916896669], [-2.04852651577395, 53.5420776467194], [-2.04773392729534, 53.5417579936276], [-2.04698263720143, 53.5424362080779], [-2.04323634578824, 53.5410074467139], [-2.04332370356713, 53.5423520366674], [-2.04138955405593, 53.5457754632746], [-2.04094991254402, 53.5452372005105], [-2.03819301592572, 53.5455383516054], [-2.03887976628956, 53.5471515761553], [-2.03689696156051, 53.5474542264807], [-2.03189176814202, 53.5427575820874], [-2.03131097138834, 53.5429185759136], [-2.03099233801861, 53.5426049732339], [-2.02995593834171, 53.5431400540069], [-2.02748865658105, 53.5431469316504], [-2.0257475581291, 53.5436362183798], [-2.02337970181355, 53.5435010182425], [-2.01974375917807, 53.5451608363516], [-2.0160060172296, 53.5459155264414], [-2.01650574762763, 53.5465733795924], [-2.01405532168151, 53.5479568992629], [-2.01398876199174, 53.5472909027026], [-2.01342577048238, 53.5471300338457], [-2.0125700780708, 53.5472299491312], [-2.01098420647811, 53.5482124762937], [-2.00994197575181, 53.5507984003189], [-2.01044497924918, 53.5521628053329], [-2.01013259201865, 53.5525465995917], [-2.0095877517658, 53.5525412486894], [-2.00991836104181, 53.5528162698455], [-2.00908828854309, 53.5528504745389], [-2.00822773363886, 53.5523687294135], [-2.00764995328726, 53.5537457872233], [-2.00628673830755, 53.5525423429709], [-2.00598192841006, 53.5530923571382], [-2.00504921566554, 53.553416948034], [-2.00552316912347, 53.5536820021574], [-2.00187950173321, 53.5545961796511], [-2.00222813400509, 53.5533333584095], [-2.00144918923726, 53.5532776551378], [-1.99950665318645, 53.5541872470884], [-1.99467799094069, 53.55436329901], [-1.99368624479936, 53.5551370725218], [-1.99208614848085, 53.5549688469082], [-1.99078501456921, 53.5553687776761], [-1.98950798330809, 53.5553102569638], [-1.98793494569018, 53.5559131121274], [-1.98696891747645, 53.5558635838367], [-1.98688904565798, 53.5553333418916], [-1.98543854763344, 53.5552144654784], [-1.98730009723371, 53.5536687401769], [-1.97890346811851, 53.5532064470976], [-1.97236940903931, 53.5507602997867], [-1.9688301974603, 53.5506722452963], [-1.96705037716691, 53.5510582201402], [-1.96587055325966, 53.5505518181618], [-1.96402728325842, 53.5510429495279], [-1.95841257308269, 53.5511165639804], [-1.95287426022723, 53.5517499201477], [-1.9509441850494, 53.5513554760317], [-1.94691713630412, 53.5515811471783], [-1.94394452222062, 53.5510045177857], [-1.94201404384291, 53.5509963950952], [-1.92566597193519, 53.5531893004416]]]}, "properties": {"WD24CD": "E05014659"}}, {"type": "Feature", "geometry": {"type": "Polygon", "coordinates": [[[-2.04698263720143, 53.5424362080779], [-2.04773392729534, 53.5417579936276], [-2.04852651577395, 53.5420776467194], [-2.04871462360792, 53.5418916896669], [-2.04724295939469, 53.541267432708], [-2.04745327180109, 53.5410974666931], [-2.04912571517476, 53.5408805963934], [-2.04771073273464, 53.5405868226952], [-2.04730743174241, 53.5402180178142], [-2.04814928714543, 53.5394334359019], [-2.0481102967324, 53.538312605751], [-2.04732016742491, 53.5374262339469], [-2.04617133148805, 53.5340969713082], [-2.04738078457844, 53.5336012183134], [-2.04806539595581, 53.5336948608256], [-2.04705939741139, 53.5322018493417], [-2.04832133908294, 53.5313416733804], [-2.04865052206553, 53.5303084056224], [-2.05111560388733, 53.5304320571997], [-2.05491706940516, 53.5313929547242], [-2.05693618497193, 53.5306765189967], [-2.05730086509385, 53.5292669969598], [-2.056259944737, 53.5292935699256], [-2.05328351642531, 53.5268276521196], [-2.05311456050285, 53.5255792343193], [-2.05445330371133, 53.5238222273123], [-2.05414814082372, 53.5222691615681], [-2.05620534407177, 53.5221828085121], [-2.05839355359466, 53.5229637614703], [-2.06186634293345, 53.5223111035781], [-2.06344239960332, 53.5212316734954], [-2.06421010918662, 53.5212600046276], [-2.06472979248158, 53.5228165192791], [-2.0706965835213, 53.5217362595347], [-2.07066387880773, 53.5225907822522], [-2.07141435920626, 53.523908299706], [-2.07271424356793, 53.5241546768179], [-2.07421261714549, 53.5253397544922], [-2.07644177308514, 53.524917743968], [-2.07676218548117, 53.5252684411638], [-2.07432944176119, 53.5261621196823], [-2.06980795354186, 53.5293719896186], [-2.06868264288245, 53.5296114837381], [-2.06827999777176, 53.5304581608631], [-2.06505746622419, 53.5321513676463], [-2.06515422119292, 53.532579701056], [-2.06586065886754, 53.5328218081264], [-2.06554118943817, 53.5330655757578], [-2.06588862749268, 53.5333487829411], [-2.0670215275993, 53.5337384080205], [-2.06892254453737, 53.5328168796604], [-2.07205236167194, 53.5328374472518], [-2.0731163486843, 53.5323678384741], [-2.07479489373504, 53.5323026099137], [-2.07741211749537, 53.5313479106138], [-2.07844533034029, 53.5303890910951], [-2.07880588391241, 53.5307144970861], [-2.07974630997621, 53.5304469909992], [-2.08101294841455, 53.5318850681753], [-2.08461703703905, 53.5307682162838], [-2.08289856752156, 53.5318087076789], [-2.08086060417864, 53.5350897123435], [-2.08048623976129, 53.535117629158], [-2.08013041003389, 53.5374497478011], [-2.0773316820173, 53.5372253208878], [-2.07584894766243, 53.539183964384], [-2.07596294669504, 53.5396503860265], [-2.07653477061957, 53.5396158550486], [-2.07698878936562, 53.5402234203043], [-2.07667483830978, 53.5411482786936], [-2.07523183852386, 53.5422004113736], [-2.0744094309691, 53.5422063340522], [-2.07273072833717, 53.5431426359853], [-2.07216103035018, 53.5449097430781], [-2.07346477023764, 53.5478965629405], [-2.07297591820846, 53.5484222714715], [-2.06984362260987, 53.5489903926148], [-2.06951101870828, 53.5495389039001], [-2.06995684344919, 53.5498891704569], [-2.06905481596859, 53.5502303620704], [-2.06202095369597, 53.548867239336], [-2.06489208213581, 53.5460315475924], [-2.06472344095819, 53.5454663580924], [-2.06538855320767, 53.5451675670834], [-2.06621715106727, 53.5452669281766], [-2.06606269283551, 53.5449181885978], [-2.06464828323875, 53.5446458194629], [-2.06478460940956, 53.5440435171779], [-2.06585353066784, 53.5443548104255], [-2.06631666615941, 53.5442088864074], [-2.06500090517215, 53.5433395403177], [-2.06333691376258, 53.5437036689869], [-2.06107701792463, 53.543113442677], [-2.05932390423092, 53.5433813242812], [-2.05536818971526, 53.545336434613], [-2.05501182029906, 53.5452367740035], [-2.05534923046574, 53.5447324218776], [-2.05483280932354, 53.5445034427843], [-2.05426147001627, 53.5450070950034], [-2.05203322938721, 53.5443151455667], [-2.0518908843449, 53.5439097736181], [-2.05119983219481, 53.5440117105393], [-2.05061060439324, 53.5434286156574], [-2.04956479102898, 53.5433886316532], [-2.04698263720143, 53.5424362080779]]]}, "properties": {"WD24CD": "E05014660"}}, {"type": "Feature", "geometry": {"type": "Polygon", "coordinates": [[[-2.05509570196047, 53.5946086736653], [-2.05372909525712, 53.591629693909], [-2.0521070530235, 53.5908385952586], [-2.05046414433419, 53.5889212357717], [-2.05164976480086, 53.5862799882961], [-2.05142729337465, 53.5859502242943], [-2.05271427877954, 53.5848136308584], [-2.05422459523036, 53.5823268447498], [-2.05869391367273, 53.5802412671437], [-2.05987620704214, 53.5789661707419], [-2.05992100640993, 53.5775675435327], [-2.05860417980361, 53.5765750199012], [-2.05826295384244, 53.5745034746742], [-2.05690646687803, 53.5730956423004], [-2.05717087255411, 53.5720744873182], [-2.05644554012444, 53.5717261034927], [-2.05730172273304, 53.5706362861879], [-2.06063366957603, 53.570201442052], [-2.06203355743039, 53.5713054078728], [-2.06353871936554, 53.5711086400238], [-2.0636067178581, 53.5721754620405], [-2.06429319610256, 53.572715307619], [-2.06727285009874, 53.5738641822145], [-2.06987449443093, 53.5737412869329], [-2.07057284620801, 53.5732205172729], [-2.07348203727817, 53.5728519591065], [-2.07474655238318, 53.5723182316483], [-2.07942049116361, 53.5732643511688], [-2.08117952981812, 53.5739732103354], [-2.08202803947516, 53.5723161189136], [-2.08170161446377, 53.5714372752123], [-2.08462007880166, 53.5720033045444], [-2.08918448664293, 53.5717257845478], [-2.08927953697816, 53.5702902456729], [-2.09029029562196, 53.5677763514842], [-2.09308735195275, 53.5660053317638], [-2.0936206503718, 53.5661693470244], [-2.09630226398918, 53.5668781355233], [-2.0991959774609, 53.5665819005513], [-2.09970390559063, 53.5667953325379], [-2.09938404034199, 53.5672347035367], [-2.09849818846758, 53.56710781344], [-2.09814507445969, 53.5675166268746], [-2.09879795861517, 53.5680944790581], [-2.09806643346213, 53.5694019900588], [-2.09853598679844, 53.5710542786], [-2.09780497789537, 53.5735157042048], [-2.10011216301753, 53.5794109945421], [-2.09795782200775, 53.5791462939918], [-2.0972034570505, 53.5814551881438], [-2.0955136430496, 53.581369014176], [-2.0953724072986, 53.5822349802702], [-2.096704270001, 53.5824190593832], [-2.09634967239468, 53.5835568146656], [-2.09689855661475, 53.584460586201], [-2.09509222577729, 53.5848921359107], [-2.09605994379244, 53.5863079049152], [-2.09365906448859, 53.5865146656862], [-2.09484247420357, 53.5865937214616], [-2.09536484414534, 53.5876584104199], [-2.09497675110637, 53.5909058143683], [-2.09699279725545, 53.5926580633853], [-2.09638063348116, 53.5927260621084], [-2.0964590648525, 53.5936518764701], [-2.09904760314582, 53.5943760929097], [-2.09771994769479, 53.5953127741213], [-2.09828902908411, 53.5960560833017], [-2.09802309558358, 53.5963546772957], [-2.09766281840489, 53.5960863016837], [-2.09431523275392, 53.596358563339], [-2.09269842102225, 53.5969449749206], [-2.09246358682782, 53.5966611206476], [-2.09072012419686, 53.5973995489643], [-2.08966043984071, 53.5972178519599], [-2.0890846755846, 53.5964183824043], [-2.08822391207786, 53.5966805034134], [-2.08715674067067, 53.5957051806746], [-2.08547611289116, 53.5954610898113], [-2.08393741142603, 53.5944212845777], [-2.08106852396767, 53.5952897307172], [-2.06988158497913, 53.5949929310855], [-2.07003523759346, 53.5947276792204], [-2.06767943547484, 53.5935380797516], [-2.06731799742249, 53.5924085299908], [-2.05988208527965, 53.592487003412], [-2.05509570196047, 53.5946086736653]]]}, "properties": {"WD24CD": "E05014661"}}, {"type": "Feature", "geometry": {"type": "Polygon", "coordinates": [[[-2.05690646687803, 53.5730956423004], [-2.04993491085461, 53.5710045850475], [-2.04859126677633, 53.5699453795659], [-2.05480530728966, 53.5646990082504], [-2.06246835425691, 53.562312506298], [-2.06322690999961, 53.561832992029], [-2.06310823097631, 53.5612317402823], [-2.06789922291262, 53.5582628330593], [-2.06907359361808, 53.5585628996954], [-2.06954910250588, 53.5581896028994], [-2.07049985964292, 53.5582959926804], [-2.06944045323212, 53.5595676515583], [-2.07032860703787, 53.5600361240859], [-2.07257893657147, 53.5590394841975], [-2.073191192411, 53.5592740532832], [-2.07335568488789, 53.5590719849048], [-2.07442299430751, 53.5598418705857], [-2.07430434333265, 53.5601830490713], [-2.07766685401721, 53.5605884167116], [-2.08169214858143, 53.5572277420771], [-2.08953721113367, 53.5471838115849], [-2.09227114964825, 53.5461588395155], [-2.09752597249427, 53.5441546273872], [-2.09780912965367, 53.5452267570705], [-2.10133242721178, 53.5469638704973], [-2.10172894128587, 53.5529384132109], [-2.10055023234088, 53.5550873359994], [-2.09625043599592, 53.5587393412286], [-2.09409469748703, 53.5614267465319], [-2.09279567229391, 53.563854647065], [-2.09418933907728, 53.564564490211], [-2.0936206503718, 53.5661693470244], [-2.09308735195275, 53.5660053317638], [-2.09029029562196, 53.5677763514842], [-2.08927953697816, 53.5702902456729], [-2.08918448664293, 53.5717257845478], [-2.08462007880166, 53.5720033045444], [-2.08170161446377, 53.5714372752123], [-2.08202803947516, 53.5723161189136], [-2.08117952981812, 53.5739732103354], [-2.07942049116361, 53.5732643511688], [-2.07474655238318, 53.5723182316483], [-2.07348203727817, 53.5728519591065], [-2.07057284620801, 53.5732205172729], [-2.06987449443093, 53.5737412869329], [-2.06727285009874, 53.5738641822145], [-2.06429319610256, 53.572715307619], [-2.0636067178581, 53.5721754620405], [-2.06353871936554, 53.5711086400238], [-2.06203355743039, 53.5713054078728], [-2.06063366957603, 53.570201442052], [-2.05730172273304, 53.5706362861879], [-2.05644554012444, 53.5717261034927], [-2.05717087255411, 53.5720744873182], [-2.05690646687803, 53.5730956423004]]]}, "properties": {"WD24CD": "E05014662"}}, {"type": "Feature", "geometry": {"type": "Polygon", "coordinates": [[[-2.10172894128587, 53.5529384132109], [-2.10133242721178, 53.5469638704973], [-2.09780912965367, 53.5452267570705], [-2.09752597249427, 53.5441546273872], [-2.09227114964825, 53.5461588395155], [-2.09116787168887, 53.5447233243415], [-2.09065040985666, 53.5426267117752], [-2.09186029112018, 53.5417710407747], [-2.09125361573449, 53.541762528788], [-2.0870525661024, 53.5395131670189], [-2.0873386944329, 53.5392622507794], [-2.08610847588786, 53.53864157296], [-2.0839638044932, 53.5379824870736], [-2.08013041003389, 53.5374497478011], [-2.08048623976129, 53.535117629158], [-2.08086060417864, 53.5350897123435], [-2.08289856752156, 53.5318087076789], [-2.08461703703905, 53.5307682162838], [-2.08516881811646, 53.5309594483918], [-2.08551951635962, 53.5305486361169], [-2.08760948113228, 53.530311572071], [-2.09518847719755, 53.534040617357], [-2.09481812880507, 53.5343316834503], [-2.09500011711753, 53.5350320520184], [-2.09658179714283, 53.5350504913952], [-2.09715726344926, 53.5341993601676], [-2.10315101681384, 53.535734932305], [-2.10919462672452, 53.5360854500187], [-2.11490123412994, 53.5373753502381], [-2.11513068872644, 53.5379512008724], [-2.11087669581674, 53.5383148631198], [-2.10717537094951, 53.5395217276552], [-2.10887237014118, 53.5422769104794], [-2.11273772802517, 53.5420135099432], [-2.11283318451274, 53.5439981270731], [-2.11117482852393, 53.5440218164033], [-2.11036934786478, 53.5436697700823], [-2.10538017008086, 53.5459357559619], [-2.10845928570944, 53.5516265366543], [-2.10866312518652, 53.552543161435], [-2.10669375953982, 53.5528075112107], [-2.10593515873435, 53.5542847942095], [-2.10440772586803, 53.5544303593408], [-2.10415212555794, 53.5531235409786], [-2.10172894128587, 53.5529384132109]]]}, "properties": {"WD24CD": "E05014663"}}, {"type": "Feature", "geometry": {"type": "Polygon", "coordinates": [[[-2.06789922291262, 53.5582628330593], [-2.06863403384023, 53.5578554483186], [-2.06865914308037, 53.5566123492385], [-2.06795969545581, 53.5553121658498], [-2.06878482911151, 53.5540047078453], [-2.0688479199688, 53.5529324034292], [-2.0694608016088, 53.5520772268434], [-2.07165914729796, 53.550661176351], [-2.07297591820846, 53.5484222714715], [-2.07346477023764, 53.5478965629405], [-2.07216103035018, 53.5449097430781], [-2.07273072833717, 53.5431426359853], [-2.0744094309691, 53.5422063340522], [-2.07523183852386, 53.5422004113736], [-2.07667483830978, 53.5411482786936], [-2.07698878936562, 53.5402234203043], [-2.07653477061957, 53.5396158550486], [-2.07596294669504, 53.5396503860265], [-2.07584894766243, 53.539183964384], [-2.0773316820173, 53.5372253208878], [-2.08013041003389, 53.5374497478011], [-2.0839638044932, 53.5379824870736], [-2.08610847588786, 53.53864157296], [-2.0873386944329, 53.5392622507794], [-2.0870525661024, 53.5395131670189], [-2.09125361573449, 53.541762528788], [-2.09186029112018, 53.5417710407747], [-2.09065040985666, 53.5426267117752], [-2.09116787168887, 53.5447233243415], [-2.09227114964825, 53.5461588395155], [-2.08953721113367, 53.5471838115849], [-2.08169214858143, 53.5572277420771], [-2.07766685401721, 53.5605884167116], [-2.07430434333265, 53.5601830490713], [-2.07442299430751, 53.5598418705857], [-2.07335568488789, 53.5590719849048], [-2.073191192411, 53.5592740532832], [-2.07257893657147, 53.5590394841975], [-2.07032860703787, 53.5600361240859], [-2.06944045323212, 53.5595676515583], [-2.07049985964292, 53.5582959926804], [-2.06954910250588, 53.5581896028994], [-2.06907359361808, 53.5585628996954], [-2.06789922291262, 53.5582628330593]]]}, "properties": {"WD24CD": "E05014664"}}, {"type": "Feature", "geometry": {"type": "Polygon", "coordinates": [[[-2.11653066310239, 53.5378716581176], [-2.11582011016236, 53.5373384245204], [-2.11521755506836, 53.5337967605868], [-2.11414698421486, 53.5319228690442], [-2.11776439067793, 53.5334186389042], [-2.12249556574217, 53.5311236173184], [-2.12438550617311, 53.5289419932638], [-2.12336481382086, 53.5281116050026], [-2.12770167356545, 53.5262130748314], [-2.13139504960207, 53.5282324637014], [-2.13476615798847, 53.5290477077565], [-2.14150701659344, 53.5315233114422], [-2.14250527010972, 53.5309368416995], [-2.14192669939275, 53.5334317928857], [-2.14085467930644, 53.535475239913], [-2.13904482487756, 53.537084428876], [-2.13639957367458, 53.5384231364733], [-2.13265379094123, 53.5394511230617], [-2.1296065480528, 53.5391052826204], [-2.12972293004682, 53.5384719347725], [-2.12742282135464, 53.5382784722784], [-2.12617566353249, 53.5385098081184], [-2.12564571451116, 53.5382936614981], [-2.12193326546562, 53.5397582678818], [-2.11939826436367, 53.5381546464312], [-2.11653066310239, 53.5378716581176]]]}, "properties": {"WD24CD": "E05014665"}}, {"type": "Feature", "geometry": {"type": "Polygon", "coordinates": [[[-2.45065332561499, 53.627810559201], [-2.44716319912516, 53.627491670663], [-2.44278951054924, 53.6243778870368], [-2.44215573182436, 53.6246917718153], [-2.44201932931028, 53.6231244679362], [-2.44082297387421, 53.6202941483467], [-2.44005379877986, 53.6197367291892], [-2.44033233431433, 53.6183357058123], [-2.44001070586646, 53.6177934777209], [-2.43774592603892, 53.6173190222802], [-2.43756110921171, 53.6166591612885], [-2.43548703718692, 53.615858155647], [-2.43459556633018, 53.6148304621167], [-2.43261007159027, 53.6148549049292], [-2.42565742783982, 53.6138096595856], [-2.42406675682671, 53.6129486122947], [-2.42263629337829, 53.612818852887], [-2.4202390739895, 53.6120668897818], [-2.41880027827456, 53.6101758467291], [-2.41606892630125, 53.6093182692642], [-2.41636309814907, 53.6054439147084], [-2.4180923649613, 53.6039346346767], [-2.42107617698275, 53.6039708570339], [-2.42181741453841, 53.6031417440166], [-2.42122073541268, 53.6020051773413], [-2.41874378666051, 53.6020031790417], [-2.41847636440288, 53.6016480875084], [-2.41868317934134, 53.6007901655657], [-2.41979419939014, 53.601206474606], [-2.42137879486278, 53.6010728145596], [-2.42305952699359, 53.6014870835219], [-2.42421876713114, 53.6009041241099], [-2.42429632866715, 53.6004261171404], [-2.4233496679549, 53.5998263544461], [-2.42104340630444, 53.5995626028005], [-2.42127444517998, 53.5982191511761], [-2.4213341291658, 53.5971599588834], [-2.41936370224589, 53.5964838761325], [-2.41947808970569, 53.5960858435438], [-2.42027800962403, 53.595479926993], [-2.4224871937937, 53.5949104750983], [-2.42390512497173, 53.5939775832967], [-2.4252925641106, 53.5950075938046], [-2.42562786528963, 53.596229736043], [-2.42676979265082, 53.5965643162639], [-2.42837382708218, 53.596735515012], [-2.43140285161844, 53.5961386365231], [-2.43225899345607, 53.59675172168], [-2.43595562377248, 53.5958472778217], [-2.43781204598359, 53.5965294197703], [-2.43939879801144, 53.5964054327521], [-2.44040941431625, 53.5980542269597], [-2.44146286865472, 53.5975016006191], [-2.44206491487637, 53.5979995789161], [-2.44554068144468, 53.5978976896419], [-2.44648696272466, 53.5983784527534], [-2.44807330783824, 53.5986953454858], [-2.44734584749281, 53.5994962792563], [-2.44858959619459, 53.6000821654864], [-2.4485987793269, 53.6005135399131], [-2.449292997356, 53.6004309586132], [-2.44922232509312, 53.6007449186604], [-2.44974333877269, 53.6007186981875], [-2.44961968030476, 53.6013106085918], [-2.45021673790018, 53.6013227392842], [-2.45018024328925, 53.601733617766], [-2.45112845012718, 53.6020877681221], [-2.45134271146846, 53.6026208959943], [-2.45197970679494, 53.6026957677655], [-2.45264181675123, 53.6038482977318], [-2.45358340691781, 53.6041368572492], [-2.45355517811467, 53.6047463815565], [-2.45441855632832, 53.605766855077], [-2.45582293684253, 53.6066513715377], [-2.45853945305408, 53.6093554122349], [-2.46483166125687, 53.6122604811834], [-2.4695659046784, 53.6133672734141], [-2.47055581772987, 53.6132088279278], [-2.47345760977799, 53.6156071823891], [-2.47303331936136, 53.6165589105006], [-2.47049252717959, 53.6199021569152], [-2.46711992796846, 53.6209481416816], [-2.46601942868202, 53.621699020922], [-2.46346659788947, 53.6223201559863], [-2.46340878120662, 53.6220039910326], [-2.45970004381105, 53.6200426932981], [-2.45752414844335, 53.6209848403119], [-2.45572891119823, 53.6214816004872], [-2.45502302718902, 53.6213566910683], [-2.4537808878436, 53.621974421123], [-2.45434803923634, 53.6224126604014], [-2.45317869047443, 53.6227775169626], [-2.45355642825739, 53.6234654727243], [-2.45426247687539, 53.6234636914226], [-2.45531124017815, 53.6241424868749], [-2.45661171613998, 53.6239652215258], [-2.45828927754248, 53.6246312130173], [-2.45681641073393, 53.6257289775682], [-2.45622030015699, 53.6268071167636], [-2.45491668228944, 53.6269271003535], [-2.45340354784373, 53.6279593781345], [-2.45190030749767, 53.6277897568357], [-2.45211524351963, 53.6282329301515], [-2.45065332561499, 53.627810559201]]]}, "properties": {"WD24CD": "E05014818"}}, {"type": "Feature", "geometry": {"type": "Polygon", "coordinates": [[[-2.37912645804028, 53.6308524479524], [-2.3792932888165, 53.6292960033468], [-2.37904328673792, 53.6270407507512], [-2.38117943627283, 53.6273386643764], [-2.38345547886356, 53.6255453829044], [-2.37802074117827, 53.6232760899926], [-2.37680949906607, 53.6220664792572], [-2.37635911508124, 53.6220795793307], [-2.37729642552462, 53.6219157794908], [-2.37681381007062, 53.6211936798554], [-2.37967530336892, 53.6208170183575], [-2.37943642698578, 53.6202982202539], [-2.37764533294638, 53.6205205385828], [-2.37601793783471, 53.6182264840548], [-2.37535322710926, 53.6184523186782], [-2.37492476159353, 53.6180375334887], [-2.37630457743265, 53.6174938719769], [-2.37502197750845, 53.6170673951841], [-2.37419330971527, 53.616187322331], [-2.36941890454384, 53.6152539067854], [-2.36856898138956, 53.6155495553671], [-2.36299441860479, 53.6103066076584], [-2.36454329648024, 53.6090471256153], [-2.36364071573204, 53.6077870101869], [-2.36403780757908, 53.6066811803535], [-2.36367594081694, 53.6060719654031], [-2.36444992128353, 53.6047034119236], [-2.36514132074995, 53.6042680103255], [-2.36461375297643, 53.6030094517349], [-2.36632088475216, 53.6019184875451], [-2.36680416905786, 53.60013458737], [-2.36864593733305, 53.5983716646324], [-2.36848844268177, 53.597982974848], [-2.36945500440027, 53.5974172998407], [-2.36839157186418, 53.596057074314], [-2.3689699786936, 53.5955132666784], [-2.37292613169598, 53.5940278583473], [-2.37688375671011, 53.5932914175472], [-2.37840042858373, 53.5942505792716], [-2.37929634020337, 53.5944158653425], [-2.38427092419692, 53.5941572746935], [-2.3918928769988, 53.5944597137912], [-2.39607571684967, 53.5939583129321], [-2.3996544648812, 53.5923864677009], [-2.40055182411133, 53.5923467145378], [-2.39946748331138, 53.5933893022374], [-2.39847097219502, 53.5952199799428], [-2.40313627829229, 53.5958164469236], [-2.40462125568258, 53.596417251159], [-2.40507789143536, 53.5972425773798], [-2.40767886368363, 53.5980786683572], [-2.40794054059127, 53.5985101877524], [-2.4094546272796, 53.5988195854338], [-2.41028620986107, 53.5973696215122], [-2.41072827510136, 53.5974423022255], [-2.41098000750252, 53.5970171707558], [-2.41404670631079, 53.5976287176372], [-2.42127444517998, 53.5982191511761], [-2.42104340630444, 53.5995626028005], [-2.4233496679549, 53.5998263544461], [-2.42429632866715, 53.6004261171404], [-2.42421876713114, 53.6009041241099], [-2.42305952699359, 53.6014870835219], [-2.42137879486278, 53.6010728145596], [-2.41979419939014, 53.601206474606], [-2.41868317934134, 53.6007901655657], [-2.41847636440288, 53.6016480875084], [-2.41521124519736, 53.6019284909913], [-2.41252339861563, 53.6015117813492], [-2.41245494491453, 53.6019281489861], [-2.40853855924248, 53.6009062653847], [-2.40562331839294, 53.603526717483], [-2.40820389455579, 53.6073592772455], [-2.40847221322706, 53.6095951502706], [-2.40973637590128, 53.6112959729998], [-2.40720599588183, 53.6105773748082], [-2.40497458766023, 53.6115875918239], [-2.40537166169642, 53.6135464610938], [-2.40378263284734, 53.615412432997], [-2.40148580369504, 53.6170865791365], [-2.40110509685998, 53.6180658667293], [-2.40201373945237, 53.6198217769453], [-2.4028797403847, 53.6206008921165], [-2.40381552019375, 53.6209042396143], [-2.40417814788461, 53.6215187182712], [-2.4034157234702, 53.6217881703412], [-2.40441924477023, 53.6228625305737], [-2.40424508584501, 53.6239299987001], [-2.40498909321386, 53.6241027926284], [-2.4053567387966, 53.625128904013], [-2.40422647390492, 53.6250060753947], [-2.40344758652333, 53.6243335933448], [-2.40120935798549, 53.6245990596311], [-2.40001203063216, 53.6282802119272], [-2.40025725448503, 53.6289508042329], [-2.40079354879948, 53.6290632164614], [-2.3987287831406, 53.631704553716], [-2.39784578147011, 53.6322081789916], [-2.38594890106092, 53.6330147368652], [-2.38501557205634, 53.631818692478], [-2.38383110534845, 53.6312858734622], [-2.37912645804028, 53.6308524479524]]]}, "properties": {"WD24CD": "E05014819"}}, {"type": "Feature", "geometry": {"type": "Polygon", "coordinates": [[[-2.37688375671011, 53.5932914175472], [-2.37705749556499, 53.5929173749211], [-2.37589090422744, 53.5915278879147], [-2.37610135634112, 53.591240488301], [-2.37460953822531, 53.5904748162593], [-2.37505082988621, 53.58964206368], [-2.37649384529618, 53.5888303332237], [-2.37662413101648, 53.5878501983281], [-2.37614453447039, 53.5877726327839], [-2.37600104136713, 53.5865794060678], [-2.37530325435934, 53.5859119725737], [-2.37600792773134, 53.5824177742255], [-2.37663735366783, 53.5820275171625], [-2.37524781328382, 53.580498447387], [-2.37449440987736, 53.5801898067566], [-2.37481124023596, 53.5779407355258], [-2.37351463006104, 53.5764779369119], [-2.37323541284887, 53.5739278988924], [-2.37250654321833, 53.5738168561648], [-2.372614222003, 53.5728367897079], [-2.37385804407111, 53.5720869045781], [-2.37398245262946, 53.5714690062501], [-2.38662441897628, 53.5713895629835], [-2.38673091193661, 53.572638588266], [-2.38762882821867, 53.5726790581447], [-2.38954667120203, 53.5724713437383], [-2.39062072048332, 53.5726864419025], [-2.39140504781898, 53.5724715518797], [-2.39165977564157, 53.5719159332952], [-2.39284476436334, 53.5719069721023], [-2.39269014127942, 53.5745670775489], [-2.39349814007792, 53.5749156307739], [-2.3941008540945, 53.5749672967775], [-2.39495642332325, 53.5725351357237], [-2.39994866413357, 53.5750774798408], [-2.40095501634473, 53.5746578850623], [-2.40038998194457, 53.5762264576632], [-2.40205346800442, 53.5764653770124], [-2.40253908593037, 53.577027332408], [-2.39979258663354, 53.5791856909681], [-2.39868503124006, 53.579132780156], [-2.39914401601855, 53.5807149979883], [-2.39799937692744, 53.5826692768079], [-2.39825508869396, 53.5828715049162], [-2.39967146489508, 53.5826726820731], [-2.40001997932125, 53.5829420789841], [-2.3985170345598, 53.5837488150043], [-2.39933415316393, 53.5850161430493], [-2.39850800370607, 53.5872740698305], [-2.40027320910325, 53.5883198698445], [-2.40094557655556, 53.591516564532], [-2.40055182411133, 53.5923467145378], [-2.3996544648812, 53.5923864677009], [-2.39607571684967, 53.5939583129321], [-2.3918928769988, 53.5944597137912], [-2.38427092419692, 53.5941572746935], [-2.37929634020337, 53.5944158653425], [-2.37840042858373, 53.5942505792716], [-2.37688375671011, 53.5932914175472]]]}, "properties": {"WD24CD": "E05014820"}}, {"type": "Feature", "geometry": {"type": "Polygon", "coordinates": [[[-2.4053567387966, 53.625128904013], [-2.40498909321386, 53.6241027926284], [-2.40424508584501, 53.6239299987001], [-2.40441924477023, 53.6228625305737], [-2.4034157234702, 53.6217881703412], [-2.40417814788461, 53.6215187182712], [-2.40381552019375, 53.6209042396143], [-2.4028797403847, 53.6206008921165], [-2.40201373945237, 53.6198217769453], [-2.40110509685998, 53.6180658667293], [-2.40148580369504, 53.6170865791365], [-2.40378263284734, 53.615412432997], [-2.40537166169642, 53.6135464610938], [-2.40497458766023, 53.6115875918239], [-2.40720599588183, 53.6105773748082], [-2.40973637590128, 53.6112959729998], [-2.40847221322706, 53.6095951502706], [-2.40820389455579, 53.6073592772455], [-2.40562331839294, 53.603526717483], [-2.40853855924248, 53.6009062653847], [-2.41245494491453, 53.6019281489861], [-2.41252339861563, 53.6015117813492], [-2.41521124519736, 53.6019284909913], [-2.41847636440288, 53.6016480875084], [-2.41874378666051, 53.6020031790417], [-2.42122073541268, 53.6020051773413], [-2.42181741453841, 53.6031417440166], [-2.42107617698275, 53.6039708570339], [-2.4180923649613, 53.6039346346767], [-2.41636309814907, 53.6054439147084], [-2.41606892630125, 53.6093182692642], [-2.41880027827456, 53.6101758467291], [-2.4202390739895, 53.6120668897818], [-2.42263629337829, 53.612818852887], [-2.42406675682671, 53.6129486122947], [-2.42565742783982, 53.6138096595856], [-2.43261007159027, 53.6148549049292], [-2.43459556633018, 53.6148304621167], [-2.43548703718692, 53.615858155647], [-2.43756110921171, 53.6166591612885], [-2.43774592603892, 53.6173190222802], [-2.44001070586646, 53.6177934777209], [-2.44033233431433, 53.6183357058123], [-2.44005379877986, 53.6197367291892], [-2.44082297387421, 53.6202941483467], [-2.44201932931028, 53.6231244679362], [-2.44215573182436, 53.6246917718153], [-2.44278951054924, 53.6243778870368], [-2.44716319912516, 53.627491670663], [-2.45065332561499, 53.627810559201], [-2.44925014407191, 53.6311200632521], [-2.44839160193691, 53.6318620921184], [-2.4496795038122, 53.6333780914001], [-2.44924167089408, 53.6355800618947], [-2.4479673723173, 53.6366355383705], [-2.44917054712898, 53.6378534361879], [-2.4486142178856, 53.637885177637], [-2.44887781522745, 53.6390580770863], [-2.45027035776665, 53.6414320684687], [-2.44969675892243, 53.6415447507108], [-2.44993953228349, 53.6419042526503], [-2.44884619718755, 53.6420710921961], [-2.44674317584243, 53.6414479932673], [-2.44586329809194, 53.6419177226972], [-2.44598281261878, 53.6416377328342], [-2.44561975307906, 53.6416238107246], [-2.44526384848819, 53.6420170011443], [-2.44307774469079, 53.6424098869904], [-2.44303165660998, 53.6430581027378], [-2.44228594655404, 53.6437825906767], [-2.43868216156574, 53.6460720334121], [-2.43284131497713, 53.6415750256447], [-2.43065386465893, 53.6384617728882], [-2.42614374089195, 53.6350102699287], [-2.42588313565935, 53.6282034395943], [-2.42635445640224, 53.6265155871792], [-2.42585341472569, 53.6258594368514], [-2.42460897405296, 53.6255465764029], [-2.42169643500597, 53.6238355729736], [-2.41992826099158, 53.6236098740786], [-2.41624292339874, 53.6236947371669], [-2.41383212201493, 53.6246864174456], [-2.40982162482606, 53.625395009902], [-2.4053567387966, 53.625128904013]]]}, "properties": {"WD24CD": "E05014821"}}, {"type": "Feature", "geometry": {"type": "Polygon", "coordinates": [[[-2.38209139336376, 53.5519646122914], [-2.38485173177471, 53.5515180126197], [-2.385989674495, 53.5505314809154], [-2.38539130958443, 53.5492243180664], [-2.38723478713707, 53.5499523156059], [-2.38797169371317, 53.5498855275124], [-2.38835883846898, 53.5485890710634], [-2.39331784472954, 53.5486105748944], [-2.39388752400294, 53.5490526233231], [-2.39756427817508, 53.5479320935029], [-2.40027094275897, 53.5479188996164], [-2.40301818531452, 53.5495408013807], [-2.40319137741872, 53.5502537363822], [-2.40903035165909, 53.5492186272922], [-2.4138873474481, 53.5493969784093], [-2.41791364875015, 53.5488985172547], [-2.42310050865999, 53.5489479764605], [-2.4220320401336, 53.5467162936472], [-2.42434819751985, 53.5464921783954], [-2.43028468433508, 53.547242720145], [-2.43477267682343, 53.5471542666354], [-2.43858528441815, 53.5485984607606], [-2.43880594217543, 53.5490390996289], [-2.43515741916112, 53.548943419378], [-2.43532498575385, 53.5502730413646], [-2.43761079734861, 53.5513558464941], [-2.43831199940122, 53.5520569217668], [-2.43768982869813, 53.5531653796441], [-2.43377823479001, 53.5539125735755], [-2.43163687005696, 53.5557408488174], [-2.42771137630227, 53.5567531691755], [-2.42939997230008, 53.5599589393085], [-2.42115837908925, 53.5593423647565], [-2.42152931918109, 53.5573321298328], [-2.41842694344945, 53.5574571856446], [-2.41537460835918, 53.5570030800941], [-2.41101222779756, 53.5573282464651], [-2.41052553031514, 53.5566432262698], [-2.41017587056121, 53.5570111345032], [-2.40946298772265, 53.5568221797892], [-2.40771839431114, 53.5579597202198], [-2.40971715653424, 53.558908347907], [-2.40897646863403, 53.5595814071275], [-2.40703678281636, 53.5586685068409], [-2.40669246698169, 53.5589627073675], [-2.40509789424289, 53.5590796356962], [-2.40414290932785, 53.5588257832533], [-2.40365865811351, 53.5591842471494], [-2.40588032948669, 53.5603811870883], [-2.40795506444783, 53.5621538585993], [-2.40662834058047, 53.5626688648998], [-2.40527884736368, 53.561900487582], [-2.40403936828693, 53.5620511530994], [-2.40137537478707, 53.5645166799825], [-2.3981433947868, 53.5626506959475], [-2.39488485812183, 53.5621113827927], [-2.39230368712011, 53.5626484228964], [-2.39089226367926, 53.5613578202108], [-2.39100899544187, 53.5597763740839], [-2.38991195866339, 53.5575220788542], [-2.38902259227477, 53.5574152804628], [-2.38827193588717, 53.5583592526215], [-2.38752382132415, 53.5585117837347], [-2.38654294623746, 53.5582152134893], [-2.38543791178435, 53.5568071339031], [-2.38255654989583, 53.5573444459591], [-2.37914363892658, 53.5559297613906], [-2.3791700237538, 53.5554204905741], [-2.38209139336376, 53.5519646122914]]]}, "properties": {"WD24CD": "E05014822"}}, {"type": "Feature", "geometry": {"type": "Polygon", "coordinates": [[[-2.39331784472954, 53.5486105748944], [-2.39012933764666, 53.5446268432606], [-2.39233594870133, 53.5443935709058], [-2.39064597539755, 53.5400607680084], [-2.39010168803461, 53.5398406091011], [-2.39366040412959, 53.5365152897845], [-2.39613579452537, 53.5376625465714], [-2.3998363765782, 53.5385472709333], [-2.40228834905951, 53.538718861931], [-2.40229511151836, 53.5384743389724], [-2.4087726701273, 53.5383087024676], [-2.41028959422622, 53.5385173898797], [-2.41289559977024, 53.5388535992851], [-2.42144068649554, 53.5409972776957], [-2.42143806600071, 53.54073301975], [-2.42543566069731, 53.54121242053], [-2.4296496398315, 53.5412908738595], [-2.43566340150487, 53.5419669005374], [-2.43686495619708, 53.5470856337541], [-2.44005317669286, 53.5481794752371], [-2.44008364940652, 53.5490790921125], [-2.43880594217543, 53.5490390996289], [-2.43858528441815, 53.5485984607606], [-2.43477267682343, 53.5471542666354], [-2.43028468433508, 53.547242720145], [-2.42434819751985, 53.5464921783954], [-2.4220320401336, 53.5467162936472], [-2.42310050865999, 53.5489479764605], [-2.41791364875015, 53.5488985172547], [-2.4138873474481, 53.5493969784093], [-2.40903035165909, 53.5492186272922], [-2.40319137741872, 53.5502537363822], [-2.40301818531452, 53.5495408013807], [-2.40027094275897, 53.5479188996164], [-2.39756427817508, 53.5479320935029], [-2.39388752400294, 53.5490526233231], [-2.39331784472954, 53.5486105748944]]]}, "properties": {"WD24CD": "E05014823"}}, {"type": "Feature", "geometry": {"type": "Polygon", "coordinates": [[[-2.40352740498391, 53.5671531180159], [-2.40438223861231, 53.5655518651618], [-2.40667750515955, 53.5641724780603], [-2.40662834058047, 53.5626688648998], [-2.40795506444783, 53.5621538585993], [-2.40588032948669, 53.5603811870883], [-2.40365865811351, 53.5591842471494], [-2.40414290932785, 53.5588257832533], [-2.40509789424289, 53.5590796356962], [-2.40669246698169, 53.5589627073675], [-2.40703678281636, 53.5586685068409], [-2.40897646863403, 53.5595814071275], [-2.40971715653424, 53.558908347907], [-2.40771839431114, 53.5579597202198], [-2.40946298772265, 53.5568221797892], [-2.41017587056121, 53.5570111345032], [-2.41052553031514, 53.5566432262698], [-2.41101222779756, 53.5573282464651], [-2.41537460835918, 53.5570030800941], [-2.41842694344945, 53.5574571856446], [-2.42152931918109, 53.5573321298328], [-2.42115837908925, 53.5593423647565], [-2.42939997230008, 53.5599589393085], [-2.42771137630227, 53.5567531691755], [-2.43163687005696, 53.5557408488174], [-2.43377823479001, 53.5539125735755], [-2.43768982869813, 53.5531653796441], [-2.43831199940122, 53.5520569217668], [-2.44230110587526, 53.5543209783728], [-2.44352652117635, 53.5537142339058], [-2.44555643399495, 53.5544050766882], [-2.44612556044542, 53.5537362734587], [-2.44880951549784, 53.5537481380443], [-2.4501992779646, 53.5540421013439], [-2.44886015184111, 53.5561199169136], [-2.45077249450142, 53.5587458108014], [-2.44953415065776, 53.5591733492009], [-2.44894822711646, 53.5585248393591], [-2.44695241974019, 53.5587089362128], [-2.44696169476272, 53.5594072200186], [-2.44736041830375, 53.5594273190099], [-2.44594626791343, 53.5606131865098], [-2.44583193983896, 53.5612312792794], [-2.44648936345806, 53.5613452446504], [-2.44620833761502, 53.5617024861393], [-2.44357516531156, 53.5619706213962], [-2.44120459039213, 53.5626670773139], [-2.43815330299225, 53.5646290493117], [-2.43644845536697, 53.5665378081772], [-2.43374156901896, 53.5657513104429], [-2.4213197369193, 53.570691877165], [-2.41794288066453, 53.5713562357743], [-2.41588405320162, 53.5714049977614], [-2.41471173900012, 53.5699333574608], [-2.41427949911742, 53.5700508639443], [-2.41317833930311, 53.5693931398096], [-2.41067981778441, 53.5692839486271], [-2.40971151815288, 53.5681574838251], [-2.40894693852199, 53.5681007067969], [-2.40762466374406, 53.5686175975903], [-2.40708106523889, 53.5684577053493], [-2.40621726406078, 53.5673370563775], [-2.40352740498391, 53.5671531180159]]]}, "properties": {"WD24CD": "E05014824"}}, {"type": "Feature", "geometry": {"type": "Polygon", "coordinates": [[[-2.42390512497173, 53.5939775832967], [-2.42384261249564, 53.5920124331454], [-2.42347161639307, 53.59200804069], [-2.42342678918718, 53.5910436097265], [-2.42267613208678, 53.5901653894148], [-2.42223275094733, 53.5880323009788], [-2.42177242555701, 53.5877238109476], [-2.41903819445553, 53.5876896710902], [-2.41829022948834, 53.5868790508682], [-2.41987060892921, 53.5811122272213], [-2.42102593881877, 53.5795873122344], [-2.4219920419972, 53.5798373949047], [-2.42330811946472, 53.5813391513174], [-2.42636289113514, 53.5831233460631], [-2.4273457536586, 53.5848236957858], [-2.4294585182926, 53.585070910059], [-2.43200030991126, 53.5849180772311], [-2.43686553114578, 53.5854302547917], [-2.43851889175164, 53.5859245721362], [-2.44043601737447, 53.5847227270424], [-2.44107271058986, 53.5849172939231], [-2.44414436806905, 53.5842152999885], [-2.44354037952497, 53.5851677004926], [-2.44401207053927, 53.5850616846704], [-2.44439320519681, 53.5856245408995], [-2.44627401438353, 53.5861506278723], [-2.44594763254253, 53.5864914496583], [-2.44740815094042, 53.5872707909882], [-2.44693239328911, 53.5875871875364], [-2.44753177547379, 53.5879576929388], [-2.44816982689066, 53.5882332607984], [-2.4487790143956, 53.5876414054278], [-2.4514071595886, 53.5886693469204], [-2.45239597622221, 53.5885007622145], [-2.45251432883213, 53.5890066997821], [-2.45088972283075, 53.589462714697], [-2.45091984215296, 53.5904540025933], [-2.45148757946457, 53.5932544411387], [-2.45290985741806, 53.5954251584929], [-2.45177727272682, 53.5964693693263], [-2.45218824838876, 53.5966197656366], [-2.44648696272466, 53.5983784527534], [-2.44554068144468, 53.5978976896419], [-2.44206491487637, 53.5979995789161], [-2.44146286865472, 53.5975016006191], [-2.44040941431625, 53.5980542269597], [-2.43939879801144, 53.5964054327521], [-2.43781204598359, 53.5965294197703], [-2.43595562377248, 53.5958472778217], [-2.43225899345607, 53.59675172168], [-2.43140285161844, 53.5961386365231], [-2.42837382708218, 53.596735515012], [-2.42676979265082, 53.5965643162639], [-2.42562786528963, 53.596229736043], [-2.4252925641106, 53.5950075938046], [-2.42390512497173, 53.5939775832967]]]}, "properties": {"WD24CD": "E05014825"}}, {"type": "Feature", "geometry": {"type": "Polygon", "coordinates": [[[-2.45770776297741, 53.5799937955819], [-2.45755620214414, 53.5786910945003], [-2.45451733275203, 53.5765670207514], [-2.45160760711484, 53.5760512640346], [-2.45154217878822, 53.5748795147351], [-2.455523048749, 53.5740285397527], [-2.45550778976044, 53.5737328808295], [-2.46009781863121, 53.5736587594932], [-2.46432056502291, 53.5739642694174], [-2.46473442918512, 53.572177574704], [-2.46451103977845, 53.57081135974], [-2.46348616742504, 53.5707145953157], [-2.46255339196238, 53.5697807227432], [-2.46215012299587, 53.569780480833], [-2.46140438424363, 53.5684778535974], [-2.46473992465819, 53.5672401165748], [-2.46623471784133, 53.5667531088996], [-2.46714079363579, 53.5673739024077], [-2.46938794777511, 53.5667955168267], [-2.47053568373023, 53.5659761644264], [-2.46984847885142, 53.5655358452163], [-2.47004325118603, 53.5650143650146], [-2.47089802465343, 53.5646901269268], [-2.47725976496522, 53.5651168398585], [-2.47791037764684, 53.5635177096341], [-2.47471241083019, 53.5621247907093], [-2.47584399894373, 53.5617241361235], [-2.4766661083285, 53.5614652261961], [-2.47696855174546, 53.5617715135358], [-2.47760593976771, 53.5614914575973], [-2.47858455418154, 53.5622580011668], [-2.47853062298854, 53.5626972941267], [-2.47902189964473, 53.5626827473452], [-2.47922334622513, 53.562137701333], [-2.47979200253789, 53.5621574467524], [-2.47915075694849, 53.5606844353284], [-2.48202185815991, 53.5598548970141], [-2.48257325450598, 53.5601185202798], [-2.48460256715562, 53.5594137375465], [-2.48596259376091, 53.5596073207533], [-2.48602171006207, 53.5592284451349], [-2.48820332906964, 53.5580486399686], [-2.4899996264866, 53.5591592655296], [-2.49655269252568, 53.5588115014545], [-2.49697488673806, 53.5579761141591], [-2.51522204494912, 53.5631499175046], [-2.51410501876029, 53.5635297611362], [-2.52069600803984, 53.565003883683], [-2.51890329801415, 53.5680025714619], [-2.52110071428204, 53.5688213007138], [-2.51993374687876, 53.5704108173177], [-2.51817436241407, 53.5705087078519], [-2.51816127181171, 53.5707599870328], [-2.51905217563104, 53.5707561106387], [-2.51852140155428, 53.5720766985128], [-2.51876740552907, 53.5745434464981], [-2.51789671089058, 53.5748447461127], [-2.51777334307343, 53.5755005163806], [-2.51914691252322, 53.5766792203321], [-2.51964296580212, 53.5782918147209], [-2.5193195057676, 53.5796157876122], [-2.5211549984546, 53.5821673108152], [-2.51981304852426, 53.5832194458857], [-2.51772420356228, 53.5822856315451], [-2.51306088033991, 53.5853377115375], [-2.50999629163505, 53.5854329979553], [-2.50551448659261, 53.5861389157012], [-2.49946723408637, 53.5860290694255], [-2.49659107201065, 53.5867607020573], [-2.49301062251104, 53.5870523027734], [-2.49113640730548, 53.5867392342441], [-2.48820366964046, 53.5879099417979], [-2.48353025109437, 53.586422442292], [-2.48084700026867, 53.5859927538124], [-2.47858505546847, 53.5860728782887], [-2.4733545926278, 53.5866813860013], [-2.46251250929914, 53.5887209303154], [-2.45973565703093, 53.5799393208167], [-2.45770776297741, 53.5799937955819]]]}, "properties": {"WD24CD": "E05014826"}}, {"type": "Feature", "geometry": {"type": "Polygon", "coordinates": [[[-2.51041105701713, 53.62636159111], [-2.51383120079826, 53.6218618294324], [-2.51701853247641, 53.6148238186347], [-2.51524813916365, 53.6139371118984], [-2.51288773200445, 53.6134968899512], [-2.51198357916076, 53.6127278152442], [-2.50829569576856, 53.61124697301], [-2.50493948624649, 53.6110669994547], [-2.50395788701486, 53.6107593340911], [-2.50256384399436, 53.6102141957415], [-2.50129033319138, 53.6089944307582], [-2.49518125429006, 53.6082315062674], [-2.48980822217325, 53.6069188460855], [-2.48948686933648, 53.6065759178054], [-2.4839786298426, 53.6058289295432], [-2.48346619547365, 53.605159500185], [-2.48251843020001, 53.6048847665713], [-2.48132183985327, 53.6033175345985], [-2.47817509435527, 53.6026137069178], [-2.47753878228383, 53.6020625450069], [-2.47964816470872, 53.6017854448365], [-2.4858023154389, 53.6030333845513], [-2.49098057943462, 53.602321026242], [-2.49385115535319, 53.603170335405], [-2.50382265043467, 53.6021823729624], [-2.50445995201889, 53.5980846507508], [-2.50563443410294, 53.5953247785285], [-2.50578390313065, 53.5922718033815], [-2.50638141298825, 53.5903052769138], [-2.50688531751032, 53.5891095760036], [-2.50819080759598, 53.5882429418176], [-2.50574606644842, 53.5871971214324], [-2.50198488162114, 53.5868534384185], [-2.49946723408637, 53.5860290694255], [-2.50551448659261, 53.5861389157012], [-2.50999629163505, 53.5854329979553], [-2.51306088033991, 53.5853377115375], [-2.51772420356228, 53.5822856315451], [-2.51981304852426, 53.5832194458857], [-2.5321074029122, 53.5886573823659], [-2.54224175402315, 53.5927291609986], [-2.54816558958619, 53.5961385890275], [-2.55441601775241, 53.6021763672992], [-2.55661382600303, 53.603657334136], [-2.55586901231541, 53.603907915842], [-2.55578590142172, 53.6043739470089], [-2.55264605761101, 53.6049862626423], [-2.55221747498472, 53.6073557223583], [-2.55170012340134, 53.6079046266866], [-2.55143276861221, 53.6076793308002], [-2.55024835367314, 53.6077189518078], [-2.54981098544297, 53.6081434791887], [-2.54739171628917, 53.608758638764], [-2.5472852218215, 53.6091779575293], [-2.54612177308708, 53.6089621529105], [-2.54493187579215, 53.6091698693207], [-2.54274252217612, 53.610048156407], [-2.54051759810419, 53.6102739226799], [-2.5380490716903, 53.6113197074133], [-2.53715228028856, 53.6127168978724], [-2.53445012756077, 53.6145473822488], [-2.53349520198278, 53.6150640245873], [-2.53111361822648, 53.6154871917481], [-2.52975586987554, 53.616352930315], [-2.52940159769652, 53.6170180426671], [-2.52508812052383, 53.6187222732383], [-2.51132292934796, 53.6269949658169], [-2.51041105701713, 53.62636159111]]]}, "properties": {"WD24CD": "E05014827"}}, {"type": "Feature", "geometry": {"type": "Polygon", "coordinates": [[[-2.55661382600303, 53.603657334136], [-2.55441601775241, 53.6021763672992], [-2.54816558958619, 53.5961385890275], [-2.54224175402315, 53.5927291609986], [-2.5321074029122, 53.5886573823659], [-2.51981304852426, 53.5832194458857], [-2.5211549984546, 53.5821673108152], [-2.5193195057676, 53.5796157876122], [-2.51964296580212, 53.5782918147209], [-2.51914691252322, 53.5766792203321], [-2.51777334307343, 53.5755005163806], [-2.51789671089058, 53.5748447461127], [-2.51876740552907, 53.5745434464981], [-2.51852140155428, 53.5720766985128], [-2.5273049437289, 53.5740763739201], [-2.52905075883005, 53.5721343781843], [-2.53308465570096, 53.5711995960209], [-2.5355004462652, 53.5694981017333], [-2.54475082388502, 53.5739816426778], [-2.54883277153517, 53.5765469869778], [-2.5520611272025, 53.5791755563333], [-2.55318896448639, 53.5785725910162], [-2.55442002953324, 53.5786971571922], [-2.5564975588795, 53.578188666911], [-2.55907503490407, 53.5763106168454], [-2.56586213277516, 53.5737069269197], [-2.56782988155104, 53.5714495991214], [-2.56847408747468, 53.5715255992578], [-2.56843400919972, 53.5720291703684], [-2.57204883660689, 53.5735767204063], [-2.57228587556032, 53.574129281877], [-2.57256297122514, 53.5739670150549], [-2.57327463327335, 53.5742125851444], [-2.57516361894335, 53.5767705156723], [-2.5784000469286, 53.5774307438206], [-2.57898551582527, 53.5783878427151], [-2.57767102853245, 53.5794593947409], [-2.57760434497283, 53.5810030147958], [-2.58201301568966, 53.5827548793903], [-2.58507504920718, 53.5850795933885], [-2.58971005922829, 53.586653102704], [-2.59535981052288, 53.5880587499094], [-2.59614245032056, 53.5888170307995], [-2.60171554925685, 53.5888304085422], [-2.60320367460672, 53.5882026956156], [-2.6061540775727, 53.5883118719946], [-2.60846647657976, 53.5893382827276], [-2.60902796610466, 53.5893021763277], [-2.61235206423455, 53.5904932836897], [-2.61550263286948, 53.5906406561483], [-2.6180080839313, 53.5911023791996], [-2.6197481901551, 53.5909710765247], [-2.62097942517466, 53.5903534583689], [-2.62378649613999, 53.5896386586391], [-2.62751053283129, 53.589442065949], [-2.62861024214536, 53.5904574707556], [-2.62843938348147, 53.5910570209524], [-2.62593620171468, 53.593695551428], [-2.62393653665307, 53.5938850166049], [-2.62286872916085, 53.5936020452342], [-2.62143397503971, 53.5944652251886], [-2.62080356310627, 53.5941715133493], [-2.61992671046871, 53.5942583960725], [-2.61879622432812, 53.5953840529552], [-2.61737879251725, 53.5958486284029], [-2.617816442819, 53.5969847790833], [-2.61621227949953, 53.5981211272996], [-2.6152569386807, 53.5999697026253], [-2.61582199691613, 53.6005879089657], [-2.6152207652993, 53.6013298677382], [-2.61513874535198, 53.6028632093918], [-2.61343158138175, 53.6037108842101], [-2.61217040176391, 53.6039573412169], [-2.61124086132426, 53.6049855386992], [-2.60851858793612, 53.6064149451004], [-2.60491031678676, 53.6069757085972], [-2.60283934514569, 53.6087298635706], [-2.60190495966178, 53.6083545303044], [-2.60074605265643, 53.6083987370272], [-2.59758036628076, 53.6090463111622], [-2.59593751793407, 53.6107915534533], [-2.59168037335307, 53.6097601547857], [-2.59118781329839, 53.6094425965943], [-2.59146879116582, 53.6090025101064], [-2.58990017344965, 53.6086929584384], [-2.58969865870587, 53.6081976179434], [-2.58852666070083, 53.6084098572919], [-2.58855953124266, 53.6079253004301], [-2.587975144386, 53.6077225151546], [-2.58745586438257, 53.6079423205004], [-2.58747561073348, 53.6076440720126], [-2.58679467233791, 53.6074084937609], [-2.58737298450279, 53.6069311039], [-2.58673194218159, 53.6060452628763], [-2.5851926730062, 53.6053327539614], [-2.58448968077618, 53.6055339739742], [-2.58454262223707, 53.6052074329624], [-2.58306511412359, 53.6046950772838], [-2.58290572667214, 53.6042042305617], [-2.58342285495834, 53.6037899683295], [-2.58241904680947, 53.6035432558783], [-2.58194862981645, 53.603067312014], [-2.58221978608345, 53.6027882343309], [-2.58142629642014, 53.6026662935457], [-2.58176830884188, 53.6023751896542], [-2.58107284956431, 53.6023507170278], [-2.5811893043452, 53.60202027454], [-2.58060986894117, 53.6019790600694], [-2.58073353586576, 53.6015110075528], [-2.57995301838104, 53.60112381759], [-2.58043278807395, 53.6010756595038], [-2.5808853502806, 53.6000235375138], [-2.58048829476212, 53.6000516169338], [-2.58035732861569, 53.5995308910589], [-2.57950539738737, 53.5990019843968], [-2.57892766512874, 53.5991827966508], [-2.57907196056149, 53.598910632903], [-2.57850593075333, 53.5989538126093], [-2.57838007918919, 53.5983674642687], [-2.57787364412509, 53.5983492491506], [-2.57812460522626, 53.5979139261052], [-2.57674164601609, 53.5973300634498], [-2.57655270164645, 53.5968841986089], [-2.57690437984784, 53.5967459145555], [-2.57615750467225, 53.5965975709432], [-2.5762599692631, 53.5961342148907], [-2.57552741917135, 53.5963705737136], [-2.57595365763254, 53.5961635496898], [-2.57519630209316, 53.5959119141104], [-2.57535025054595, 53.5952298643568], [-2.57395302932242, 53.5948069811594], [-2.57400347666306, 53.5942907710536], [-2.57152950059596, 53.5951439926469], [-2.56919721747098, 53.5955651692547], [-2.56163033544888, 53.5986429876785], [-2.5595205133985, 53.598942514443], [-2.55894951178159, 53.6003440425098], [-2.5580951357249, 53.6004582433281], [-2.55778032940772, 53.6008455883224], [-2.55766232369857, 53.6016587697122], [-2.55726038183748, 53.6017982070057], [-2.55729037965323, 53.603048352552], [-2.55661382600303, 53.603657334136]]]}, "properties": {"WD24CD": "E05014828"}}, {"type": "Feature", "geometry": {"type": "Polygon", "coordinates": [[[-2.46473992465819, 53.5672401165748], [-2.46469396544927, 53.5666369577669], [-2.46423452000811, 53.5667962674896], [-2.46421244122506, 53.5665309508957], [-2.46275260207773, 53.5670097524545], [-2.46225885839303, 53.5664859915988], [-2.46181363646339, 53.5666315380929], [-2.46087922640849, 53.5660529636521], [-2.46195510842435, 53.565457028791], [-2.46193364984744, 53.5650112932809], [-2.46019983856007, 53.5639231920071], [-2.458319579191, 53.563736250656], [-2.45772065948873, 53.5633610323773], [-2.45757790919309, 53.5624017204925], [-2.45519513374671, 53.5626241761595], [-2.45496871832786, 53.5624178564767], [-2.45563469082832, 53.562151071331], [-2.45494229002019, 53.5619412525758], [-2.45450006512581, 53.562105163328], [-2.45399822426051, 53.5616719572521], [-2.45053070596635, 53.5617066029442], [-2.44831531095872, 53.5625399098093], [-2.44767536088497, 53.56204810588], [-2.44620833761502, 53.5617024861393], [-2.44648936345806, 53.5613452446504], [-2.44583193983896, 53.5612312792794], [-2.44594626791343, 53.5606131865098], [-2.44736041830375, 53.5594273190099], [-2.44696169476272, 53.5594072200186], [-2.44695241974019, 53.5587089362128], [-2.44894822711646, 53.5585248393591], [-2.44953415065776, 53.5591733492009], [-2.45077249450142, 53.5587458108014], [-2.44886015184111, 53.5561199169136], [-2.4501992779646, 53.5540421013439], [-2.44880951549784, 53.5537481380443], [-2.44612556044542, 53.5537362734587], [-2.44555643399495, 53.5544050766882], [-2.44352652117635, 53.5537142339058], [-2.44230110587526, 53.5543209783728], [-2.43831199940122, 53.5520569217668], [-2.43761079734861, 53.5513558464941], [-2.43532498575385, 53.5502730413646], [-2.43515741916112, 53.548943419378], [-2.43880594217543, 53.5490390996289], [-2.44008364940652, 53.5490790921125], [-2.44005317669286, 53.5481794752371], [-2.43686495619708, 53.5470856337541], [-2.43566340150487, 53.5419669005374], [-2.43714722764451, 53.5422534885234], [-2.43810076425207, 53.5400379376623], [-2.44098119877542, 53.5386980622882], [-2.44196262653498, 53.536140032856], [-2.44124934318136, 53.5351620607489], [-2.44147634118499, 53.5343549495443], [-2.44200921404369, 53.533654630646], [-2.44246653887022, 53.5336700186913], [-2.44310913547112, 53.5323508932472], [-2.44435893168647, 53.5315408901362], [-2.44460738061174, 53.5309252617895], [-2.44780750203621, 53.5293700804273], [-2.44812767923071, 53.5281069382997], [-2.4510972318287, 53.5286053938643], [-2.46151703303029, 53.5306896124323], [-2.46607473034482, 53.5306962100952], [-2.46943699169902, 53.5320133126623], [-2.47241808258601, 53.531737246124], [-2.47838723523395, 53.5335416866812], [-2.48228152400556, 53.5334361196045], [-2.48969218141095, 53.5345887616589], [-2.49016369266593, 53.5355719579753], [-2.49059960321689, 53.5364654396198], [-2.48973646471867, 53.5372509615524], [-2.48942814659315, 53.5383803370724], [-2.48869025530712, 53.538638663765], [-2.48713843397903, 53.5400337264142], [-2.48713407904545, 53.540434610962], [-2.48813017642727, 53.541106456823], [-2.48907112540628, 53.5410495762766], [-2.49064726157664, 53.5421577100373], [-2.49087832907753, 53.543870801166], [-2.48769420617174, 53.5440097636592], [-2.48599358209719, 53.5445478551847], [-2.48581966099553, 53.544920751815], [-2.4866037353378, 53.5459125421155], [-2.48608475658677, 53.5475145597348], [-2.48610730288861, 53.5497462447568], [-2.48663789736469, 53.5498186682138], [-2.48637803162058, 53.5537529987219], [-2.48680381101533, 53.5538950378544], [-2.48571980947062, 53.5546706746302], [-2.48155900247307, 53.5560796951134], [-2.48138618413049, 53.5569531616482], [-2.47755276035367, 53.5581090424483], [-2.47625059173377, 53.5591119945295], [-2.47666325694817, 53.5595588303931], [-2.47547817514766, 53.5603743203126], [-2.47536996238838, 53.5612267743964], [-2.47584399894373, 53.5617241361235], [-2.47471241083019, 53.5621247907093], [-2.47791037764684, 53.5635177096341], [-2.47725976496522, 53.5651168398585], [-2.47089802465343, 53.5646901269268], [-2.47004325118603, 53.5650143650146], [-2.46984847885142, 53.5655358452163], [-2.47053568373023, 53.5659761644264], [-2.46938794777511, 53.5667955168267], [-2.46714079363579, 53.5673739024077], [-2.46623471784133, 53.5667531088996], [-2.46473992465819, 53.5672401165748]]]}, "properties": {"WD24CD": "E05014829"}}, {"type": "Feature", "geometry": {"type": "Polygon", "coordinates": [[[-2.34421846689153, 53.5456387892791], [-2.34385334876756, 53.5452677508333], [-2.34147978194383, 53.5458821346348], [-2.34178446417839, 53.5432415252788], [-2.34136017643655, 53.5413399966792], [-2.33866928474311, 53.5380661820505], [-2.33788389910302, 53.5379731648149], [-2.337310098538, 53.5375280481986], [-2.33721671088572, 53.5371706147584], [-2.33773917064743, 53.5370226788635], [-2.33699025719107, 53.5358078534139], [-2.33709551471354, 53.5351936922401], [-2.33819354516769, 53.5336141394934], [-2.3418896156593, 53.5364176543406], [-2.34592821065474, 53.537453061196], [-2.34860920945236, 53.5372421911158], [-2.34883268741474, 53.5367157179424], [-2.34798392656485, 53.5360522065117], [-2.34863250362962, 53.5356647522983], [-2.3514230465633, 53.5357509044643], [-2.35218399307079, 53.5350871454989], [-2.35369556560839, 53.5350565922528], [-2.35376516902477, 53.5347202402067], [-2.35212561742113, 53.5342262506307], [-2.35268382555787, 53.5336906793381], [-2.35386855354785, 53.5339136701469], [-2.35465249008964, 53.5327500222517], [-2.35275710424219, 53.5323278727183], [-2.35324947782243, 53.5313143447554], [-2.35275716722058, 53.531256506789], [-2.35295244438369, 53.530596104288], [-2.35342342314696, 53.53063252918], [-2.35353604841697, 53.5302204674858], [-2.35077384373853, 53.5296632961193], [-2.35438848105194, 53.5262406589831], [-2.36806572148485, 53.5292063543068], [-2.36859395539617, 53.5282016331197], [-2.37045494484181, 53.5288331340299], [-2.38538078442913, 53.5315245633387], [-2.38989125365688, 53.5334532103407], [-2.39366040412959, 53.5365152897845], [-2.39010168803461, 53.5398406091011], [-2.39064597539755, 53.5400607680084], [-2.39233594870133, 53.5443935709058], [-2.39012933764666, 53.5446268432606], [-2.39331784472954, 53.5486105748944], [-2.38835883846898, 53.5485890710634], [-2.38797169371317, 53.5498855275124], [-2.38723478713707, 53.5499523156059], [-2.38539130958443, 53.5492243180664], [-2.385989674495, 53.5505314809154], [-2.38485173177471, 53.5515180126197], [-2.38209139336376, 53.5519646122914], [-2.38269685356984, 53.5510683319264], [-2.38237819421635, 53.5502109666064], [-2.37827525313123, 53.5515731898369], [-2.37358896596843, 53.5539141068701], [-2.36722083073136, 53.5516661539246], [-2.36232774070399, 53.5513449388594], [-2.36242875866279, 53.5504565851307], [-2.35585970646878, 53.5493249194952], [-2.35127813019793, 53.5477700545753], [-2.34754523947163, 53.5473540360524], [-2.34421846689153, 53.5456387892791]]]}, "properties": {"WD24CD": "E05014830"}}, {"type": "Feature", "geometry": {"type": "Polygon", "coordinates": [[[-2.37398245262946, 53.5714690062501], [-2.37364642182354, 53.570353647475], [-2.37095741875049, 53.5707341113046], [-2.36954464774986, 53.5704572189248], [-2.36818066605224, 53.5693593878342], [-2.36634917680742, 53.5685083731838], [-2.36099005310258, 53.5682757219222], [-2.35731481199533, 53.5632541690423], [-2.35601454119217, 53.5603448816975], [-2.35728582225928, 53.5578612168099], [-2.35591584131727, 53.5566978069911], [-2.35665682280383, 53.5561311187314], [-2.3570691853095, 53.5543852386651], [-2.3582956163498, 53.5532329347879], [-2.35971074128116, 53.5527918016788], [-2.36097450270125, 53.553368640194], [-2.36147571065365, 53.5554946461587], [-2.36218597004773, 53.5561153765633], [-2.36392549411526, 53.5554728300001], [-2.36671471395002, 53.5533466651529], [-2.36820415002531, 53.55330164903], [-2.37177063840441, 53.5543170319111], [-2.37358896596843, 53.5539141068701], [-2.37827525313123, 53.5515731898369], [-2.38237819421635, 53.5502109666064], [-2.38269685356984, 53.5510683319264], [-2.38209139336376, 53.5519646122914], [-2.3791700237538, 53.5554204905741], [-2.37914363892658, 53.5559297613906], [-2.38255654989583, 53.5573444459591], [-2.38543791178435, 53.5568071339031], [-2.38654294623746, 53.5582152134893], [-2.38752382132415, 53.5585117837347], [-2.38827193588717, 53.5583592526215], [-2.38902259227477, 53.5574152804628], [-2.38991195866339, 53.5575220788542], [-2.39100899544187, 53.5597763740839], [-2.39089226367926, 53.5613578202108], [-2.39230368712011, 53.5626484228964], [-2.39488485812183, 53.5621113827927], [-2.3981433947868, 53.5626506959475], [-2.40137537478707, 53.5645166799825], [-2.40403936828693, 53.5620511530994], [-2.40527884736368, 53.561900487582], [-2.40662834058047, 53.5626688648998], [-2.40667750515955, 53.5641724780603], [-2.40438223861231, 53.5655518651618], [-2.40352740498391, 53.5671531180159], [-2.40357558086568, 53.568164714779], [-2.40533547083216, 53.5703162491211], [-2.40354754386975, 53.5722657545072], [-2.40467095446124, 53.5737253961241], [-2.40323078374946, 53.574174786977], [-2.401711973237, 53.5742149475948], [-2.40095501634473, 53.5746578850623], [-2.39994866413357, 53.5750774798408], [-2.39495642332325, 53.5725351357237], [-2.3941008540945, 53.5749672967775], [-2.39349814007792, 53.5749156307739], [-2.39269014127942, 53.5745670775489], [-2.39284476436334, 53.5719069721023], [-2.39165977564157, 53.5719159332952], [-2.39140504781898, 53.5724715518797], [-2.39062072048332, 53.5726864419025], [-2.38954667120203, 53.5724713437383], [-2.38762882821867, 53.5726790581447], [-2.38673091193661, 53.572638588266], [-2.38662441897628, 53.5713895629835], [-2.37398245262946, 53.5714690062501]]]}, "properties": {"WD24CD": "E05014831"}}, {"type": "Feature", "geometry": {"type": "Polygon", "coordinates": [[[-2.4219920419972, 53.5798373949047], [-2.42012594451399, 53.5764103933355], [-2.41588405320162, 53.5714049977614], [-2.41794288066453, 53.5713562357743], [-2.4213197369193, 53.570691877165], [-2.43374156901896, 53.5657513104429], [-2.43644845536697, 53.5665378081772], [-2.44178215565041, 53.5681027508164], [-2.43619628295848, 53.5721463437441], [-2.43666637964691, 53.5723749417288], [-2.4383223539389, 53.571608132742], [-2.43998374503172, 53.5724046706623], [-2.44045200396149, 53.573469417246], [-2.43899794417766, 53.5738014888944], [-2.44242903116864, 53.5758194245556], [-2.45073959518899, 53.5742407819977], [-2.45550778976044, 53.5737328808295], [-2.455523048749, 53.5740285397527], [-2.45154217878822, 53.5748795147351], [-2.45160760711484, 53.5760512640346], [-2.45451733275203, 53.5765670207514], [-2.45755620214414, 53.5786910945003], [-2.45770776297741, 53.5799937955819], [-2.45448327944337, 53.5802891659807], [-2.45587388265002, 53.584593308665], [-2.45302304610715, 53.5870042614568], [-2.45439620651574, 53.5874414703413], [-2.45449513344163, 53.5880725247906], [-2.45315383544172, 53.5885717656197], [-2.45239597622221, 53.5885007622145], [-2.4514071595886, 53.5886693469204], [-2.4487790143956, 53.5876414054278], [-2.44816982689066, 53.5882332607984], [-2.44753177547379, 53.5879576929388], [-2.44693239328911, 53.5875871875364], [-2.44740815094042, 53.5872707909882], [-2.44594763254253, 53.5864914496583], [-2.44627401438353, 53.5861506278723], [-2.44439320519681, 53.5856245408995], [-2.44401207053927, 53.5850616846704], [-2.44354037952497, 53.5851677004926], [-2.44414436806905, 53.5842152999885], [-2.44107271058986, 53.5849172939231], [-2.44043601737447, 53.5847227270424], [-2.43851889175164, 53.5859245721362], [-2.43686553114578, 53.5854302547917], [-2.43200030991126, 53.5849180772311], [-2.4294585182926, 53.585070910059], [-2.4273457536586, 53.5848236957858], [-2.42636289113514, 53.5831233460631], [-2.42330811946472, 53.5813391513174], [-2.4219920419972, 53.5798373949047]]]}, "properties": {"WD24CD": "E05014832"}}, {"type": "Feature", "geometry": {"type": "Polygon", "coordinates": [[[-2.43644845536697, 53.5665378081772], [-2.43815330299225, 53.5646290493117], [-2.44120459039213, 53.5626670773139], [-2.44357516531156, 53.5619706213962], [-2.44620833761502, 53.5617024861393], [-2.44767536088497, 53.56204810588], [-2.44831531095872, 53.5625399098093], [-2.45053070596635, 53.5617066029442], [-2.45399822426051, 53.5616719572521], [-2.45450006512581, 53.562105163328], [-2.45494229002019, 53.5619412525758], [-2.45563469082832, 53.562151071331], [-2.45496871832786, 53.5624178564767], [-2.45519513374671, 53.5626241761595], [-2.45757790919309, 53.5624017204925], [-2.45772065948873, 53.5633610323773], [-2.458319579191, 53.563736250656], [-2.46019983856007, 53.5639231920071], [-2.46193364984744, 53.5650112932809], [-2.46195510842435, 53.565457028791], [-2.46087922640849, 53.5660529636521], [-2.46181363646339, 53.5666315380929], [-2.46225885839303, 53.5664859915988], [-2.46275260207773, 53.5670097524545], [-2.46421244122506, 53.5665309508957], [-2.46423452000811, 53.5667962674896], [-2.46469396544927, 53.5666369577669], [-2.46473992465819, 53.5672401165748], [-2.46140438424363, 53.5684778535974], [-2.46215012299587, 53.569780480833], [-2.46255339196238, 53.5697807227432], [-2.46348616742504, 53.5707145953157], [-2.46451103977845, 53.57081135974], [-2.46473442918512, 53.572177574704], [-2.46432056502291, 53.5739642694174], [-2.46009781863121, 53.5736587594932], [-2.45550778976044, 53.5737328808295], [-2.45073959518899, 53.5742407819977], [-2.44242903116864, 53.5758194245556], [-2.43899794417766, 53.5738014888944], [-2.44045200396149, 53.573469417246], [-2.43998374503172, 53.5724046706623], [-2.4383223539389, 53.571608132742], [-2.43666637964691, 53.5723749417288], [-2.43619628295848, 53.5721463437441], [-2.44178215565041, 53.5681027508164], [-2.43644845536697, 53.5665378081772]]]}, "properties": {"WD24CD": "E05014833"}}, {"type": "Feature", "geometry": {"type": "Polygon", "coordinates": [[[-2.47303331936136, 53.6165589105006], [-2.47345760977799, 53.6156071823891], [-2.47055581772987, 53.6132088279278], [-2.4695659046784, 53.6133672734141], [-2.46483166125687, 53.6122604811834], [-2.45853945305408, 53.6093554122349], [-2.45582293684253, 53.6066513715377], [-2.45441855632832, 53.605766855077], [-2.45355517811467, 53.6047463815565], [-2.45358340691781, 53.6041368572492], [-2.45264181675123, 53.6038482977318], [-2.45197970679494, 53.6026957677655], [-2.45134271146846, 53.6026208959943], [-2.45112845012718, 53.6020877681221], [-2.45018024328925, 53.601733617766], [-2.45021673790018, 53.6013227392842], [-2.44961968030476, 53.6013106085918], [-2.44974333877269, 53.6007186981875], [-2.44922232509312, 53.6007449186604], [-2.449292997356, 53.6004309586132], [-2.4485987793269, 53.6005135399131], [-2.44858959619459, 53.6000821654864], [-2.44734584749281, 53.5994962792563], [-2.44807330783824, 53.5986953454858], [-2.44648696272466, 53.5983784527534], [-2.45218824838876, 53.5966197656366], [-2.45177727272682, 53.5964693693263], [-2.45290985741806, 53.5954251584929], [-2.45148757946457, 53.5932544411387], [-2.45091984215296, 53.5904540025933], [-2.45088972283075, 53.589462714697], [-2.45251432883213, 53.5890066997821], [-2.45239597622221, 53.5885007622145], [-2.45315383544172, 53.5885717656197], [-2.45449513344163, 53.5880725247906], [-2.45439620651574, 53.5874414703413], [-2.45302304610715, 53.5870042614568], [-2.45587388265002, 53.584593308665], [-2.45448327944337, 53.5802891659807], [-2.45770776297741, 53.5799937955819], [-2.45973565703093, 53.5799393208167], [-2.46251250929914, 53.5887209303154], [-2.4733545926278, 53.5866813860013], [-2.47858505546847, 53.5860728782887], [-2.48084700026867, 53.5859927538124], [-2.48353025109437, 53.586422442292], [-2.48820366964046, 53.5879099417979], [-2.49113640730548, 53.5867392342441], [-2.49301062251104, 53.5870523027734], [-2.49659107201065, 53.5867607020573], [-2.49946723408637, 53.5860290694255], [-2.50198488162114, 53.5868534384185], [-2.50574606644842, 53.5871971214324], [-2.50819080759598, 53.5882429418176], [-2.50688531751032, 53.5891095760036], [-2.50638141298825, 53.5903052769138], [-2.50578390313065, 53.5922718033815], [-2.50563443410294, 53.5953247785285], [-2.50445995201889, 53.5980846507508], [-2.50382265043467, 53.6021823729624], [-2.49385115535319, 53.603170335405], [-2.49098057943462, 53.602321026242], [-2.4858023154389, 53.6030333845513], [-2.47964816470872, 53.6017854448365], [-2.47753878228383, 53.6020625450069], [-2.47817509435527, 53.6026137069178], [-2.48132183985327, 53.6033175345985], [-2.48251843020001, 53.6048847665713], [-2.48346619547365, 53.605159500185], [-2.4839786298426, 53.6058289295432], [-2.48948686933648, 53.6065759178054], [-2.48980822217325, 53.6069188460855], [-2.49518125429006, 53.6082315062674], [-2.50129033319138, 53.6089944307582], [-2.50256384399436, 53.6102141957415], [-2.50395788701486, 53.6107593340911], [-2.50493948624649, 53.6110669994547], [-2.50829569576856, 53.61124697301], [-2.51198357916076, 53.6127278152442], [-2.51288773200445, 53.6134968899512], [-2.51524813916365, 53.6139371118984], [-2.51701853247641, 53.6148238186347], [-2.51383120079826, 53.6218618294324], [-2.51041105701713, 53.62636159111], [-2.50793050952902, 53.6254041140159], [-2.4968028417676, 53.6226964882786], [-2.47918554429441, 53.6170104167], [-2.47303331936136, 53.6165589105006]]]}, "properties": {"WD24CD": "E05014834"}}, {"type": "Feature", "geometry": {"type": "Polygon", "coordinates": [[[-2.40055182411133, 53.5923467145378], [-2.40094557655556, 53.591516564532], [-2.40027320910325, 53.5883198698445], [-2.39850800370607, 53.5872740698305], [-2.39933415316393, 53.5850161430493], [-2.3985170345598, 53.5837488150043], [-2.40001997932125, 53.5829420789841], [-2.39967146489508, 53.5826726820731], [-2.39825508869396, 53.5828715049162], [-2.39799937692744, 53.5826692768079], [-2.39914401601855, 53.5807149979883], [-2.39868503124006, 53.579132780156], [-2.39979258663354, 53.5791856909681], [-2.40253908593037, 53.577027332408], [-2.40205346800442, 53.5764653770124], [-2.40038998194457, 53.5762264576632], [-2.40095501634473, 53.5746578850623], [-2.401711973237, 53.5742149475948], [-2.40323078374946, 53.574174786977], [-2.40467095446124, 53.5737253961241], [-2.40354754386975, 53.5722657545072], [-2.40533547083216, 53.5703162491211], [-2.40357558086568, 53.568164714779], [-2.40352740498391, 53.5671531180159], [-2.40621726406078, 53.5673370563775], [-2.40708106523889, 53.5684577053493], [-2.40762466374406, 53.5686175975903], [-2.40894693852199, 53.5681007067969], [-2.40971151815288, 53.5681574838251], [-2.41067981778441, 53.5692839486271], [-2.41317833930311, 53.5693931398096], [-2.41427949911742, 53.5700508639443], [-2.41471173900012, 53.5699333574608], [-2.41588405320162, 53.5714049977614], [-2.42012594451399, 53.5764103933355], [-2.4219920419972, 53.5798373949047], [-2.42102593881877, 53.5795873122344], [-2.41987060892921, 53.5811122272213], [-2.41829022948834, 53.5868790508682], [-2.41903819445553, 53.5876896710902], [-2.42177242555701, 53.5877238109476], [-2.42223275094733, 53.5880323009788], [-2.42267613208678, 53.5901653894148], [-2.42342678918718, 53.5910436097265], [-2.42347161639307, 53.59200804069], [-2.42384261249564, 53.5920124331454], [-2.42390512497173, 53.5939775832967], [-2.4224871937937, 53.5949104750983], [-2.42027800962403, 53.595479926993], [-2.41947808970569, 53.5960858435438], [-2.41936370224589, 53.5964838761325], [-2.4213341291658, 53.5971599588834], [-2.42127444517998, 53.5982191511761], [-2.41404670631079, 53.5976287176372], [-2.41098000750252, 53.5970171707558], [-2.41072827510136, 53.5974423022255], [-2.41028620986107, 53.5973696215122], [-2.4094546272796, 53.5988195854338], [-2.40794054059127, 53.5985101877524], [-2.40767886368363, 53.5980786683572], [-2.40507789143536, 53.5972425773798], [-2.40462125568258, 53.596417251159], [-2.40313627829229, 53.5958164469236], [-2.39847097219502, 53.5952199799428], [-2.39946748331138, 53.5933893022374], [-2.40055182411133, 53.5923467145378]]]}, "properties": {"WD24CD": "E05014835"}}, {"type": "Feature", "geometry": {"type": "Polygon", "coordinates": [[[-2.51852140155428, 53.5720766985128], [-2.51905217563104, 53.5707561106387], [-2.51816127181171, 53.5707599870328], [-2.51817436241407, 53.5705087078519], [-2.51993374687876, 53.5704108173177], [-2.52110071428204, 53.5688213007138], [-2.51890329801415, 53.5680025714619], [-2.52069600803984, 53.565003883683], [-2.51410501876029, 53.5635297611362], [-2.51522204494912, 53.5631499175046], [-2.49697488673806, 53.5579761141591], [-2.49655269252568, 53.5588115014545], [-2.4899996264866, 53.5591592655296], [-2.48820332906964, 53.5580486399686], [-2.48602171006207, 53.5592284451349], [-2.48596259376091, 53.5596073207533], [-2.48460256715562, 53.5594137375465], [-2.48257325450598, 53.5601185202798], [-2.48202185815991, 53.5598548970141], [-2.47915075694849, 53.5606844353284], [-2.47979200253789, 53.5621574467524], [-2.47922334622513, 53.562137701333], [-2.47902189964473, 53.5626827473452], [-2.47853062298854, 53.5626972941267], [-2.47858455418154, 53.5622580011668], [-2.47760593976771, 53.5614914575973], [-2.47696855174546, 53.5617715135358], [-2.4766661083285, 53.5614652261961], [-2.47584399894373, 53.5617241361235], [-2.47536996238838, 53.5612267743964], [-2.47547817514766, 53.5603743203126], [-2.47666325694817, 53.5595588303931], [-2.47625059173377, 53.5591119945295], [-2.47755276035367, 53.5581090424483], [-2.48138618413049, 53.5569531616482], [-2.48155900247307, 53.5560796951134], [-2.48571980947062, 53.5546706746302], [-2.48680381101533, 53.5538950378544], [-2.48637803162058, 53.5537529987219], [-2.48663789736469, 53.5498186682138], [-2.48610730288861, 53.5497462447568], [-2.48608475658677, 53.5475145597348], [-2.4866037353378, 53.5459125421155], [-2.48581966099553, 53.544920751815], [-2.48599358209719, 53.5445478551847], [-2.48769420617174, 53.5440097636592], [-2.49087832907753, 53.543870801166], [-2.49064726157664, 53.5421577100373], [-2.48907112540628, 53.5410495762766], [-2.48813017642727, 53.541106456823], [-2.48713407904545, 53.540434610962], [-2.48713843397903, 53.5400337264142], [-2.48869025530712, 53.538638663765], [-2.48942814659315, 53.5383803370724], [-2.48973646471867, 53.5372509615524], [-2.49059960321689, 53.5364654396198], [-2.49016369266593, 53.5355719579753], [-2.49647016939739, 53.5366999687076], [-2.49634675122809, 53.5371139324513], [-2.49806956268558, 53.5374653658266], [-2.4992110381343, 53.5380493487662], [-2.50218434494499, 53.5378525299703], [-2.50335615161136, 53.538564936116], [-2.5052131821348, 53.5386541115981], [-2.50517390459683, 53.5389077755571], [-2.50688831364702, 53.5388042404083], [-2.50729885671375, 53.5378085898586], [-2.51610088116679, 53.5394680166374], [-2.51618644774198, 53.5432815068979], [-2.51800019712569, 53.5466326708561], [-2.52128242852209, 53.5467549129925], [-2.51983166929927, 53.5483826327323], [-2.52202802078978, 53.5489027206607], [-2.52599613093188, 53.548863142608], [-2.52363981652115, 53.5522524495503], [-2.52343124762652, 53.5543697423643], [-2.52383568806793, 53.5556438995154], [-2.53427432732063, 53.5517705799371], [-2.55813125664671, 53.5444573884347], [-2.55935241992595, 53.5461928015803], [-2.56305352475528, 53.5473752956745], [-2.56624561805576, 53.547394425504], [-2.5675124550102, 53.5480050269344], [-2.56922813714516, 53.5475311974272], [-2.5695401144837, 53.5479485464836], [-2.56784464894014, 53.549141344256], [-2.56802666431862, 53.5499908236239], [-2.56676392559385, 53.5500345701127], [-2.5669508245173, 53.550803956741], [-2.56398578590542, 53.5511920049601], [-2.56378630722497, 53.5517429763373], [-2.56253955486028, 53.5519637155733], [-2.5626522612412, 53.5528395815552], [-2.56099086299067, 53.5533273465542], [-2.56113161893643, 53.5548277845263], [-2.55982353213012, 53.5555656584354], [-2.56013977486375, 53.556185281663], [-2.5612912201945, 53.5566220632419], [-2.56228116662448, 53.5575099697984], [-2.56275308008619, 53.5592837916384], [-2.56335132065376, 53.5595398431714], [-2.56316530211417, 53.5603119639196], [-2.55964680168486, 53.5611455233769], [-2.56013666051304, 53.562109453946], [-2.56129964000132, 53.5621463025776], [-2.56320421269952, 53.5632374298025], [-2.56392359622161, 53.5631729236788], [-2.56439523262122, 53.563675774492], [-2.56853533274453, 53.5647113571823], [-2.56772618769425, 53.5655007443321], [-2.56804566118238, 53.5656799216903], [-2.56723312102924, 53.5675866037274], [-2.5656459532589, 53.5686996703831], [-2.56578209500729, 53.570079680268], [-2.56782988155104, 53.5714495991214], [-2.56586213277516, 53.5737069269197], [-2.55907503490407, 53.5763106168454], [-2.5564975588795, 53.578188666911], [-2.55442002953324, 53.5786971571922], [-2.55318896448639, 53.5785725910162], [-2.5520611272025, 53.5791755563333], [-2.54883277153517, 53.5765469869778], [-2.54475082388502, 53.5739816426778], [-2.5355004462652, 53.5694981017333], [-2.53308465570096, 53.5711995960209], [-2.52905075883005, 53.5721343781843], [-2.5273049437289, 53.5740763739201], [-2.51852140155428, 53.5720766985128]]]}, "properties": {"WD24CD": "E05014836"}}, {"type": "Feature", "geometry": {"type": "Polygon", "coordinates": [[[-2.50729885671375, 53.5378085898586], [-2.50797281852242, 53.5364994469468], [-2.5090765113206, 53.5356785234159], [-2.50926467206114, 53.5346377592288], [-2.51016501463335, 53.5341053413726], [-2.51301448641544, 53.5363061770539], [-2.51553440023781, 53.5358233351753], [-2.51533678128213, 53.5344570516597], [-2.51576714539011, 53.5344830443625], [-2.51622904024966, 53.5338805923664], [-2.51537880576764, 53.5312173539942], [-2.51581504640578, 53.5292595976931], [-2.51718580017193, 53.528469899976], [-2.51770154731161, 53.528332779345], [-2.51796675124402, 53.5285581585278], [-2.51851523377028, 53.5280173375938], [-2.51934635466358, 53.527765615106], [-2.51968635042557, 53.527933155936], [-2.52053930435993, 53.5272427289383], [-2.52093535718002, 53.5271951681995], [-2.52119188192187, 53.5275634559905], [-2.52177591795144, 53.5270961478445], [-2.52268447561033, 53.5271352948351], [-2.52315377122224, 53.5266541961613], [-2.52540422775396, 53.5263943881276], [-2.52663895988108, 53.5254900728829], [-2.52772748740452, 53.5255716078912], [-2.52745039027349, 53.5247539529959], [-2.52791032960919, 53.5247456243769], [-2.52779467261005, 53.5241780511843], [-2.52861835899136, 53.5239487612342], [-2.52820758636283, 53.5236710341785], [-2.52891858533123, 53.5231042275897], [-2.53132085785757, 53.5229480181993], [-2.53124192903142, 53.5232683566833], [-2.53167685603346, 53.5233095481379], [-2.53227490801707, 53.5228826537455], [-2.53239361539955, 53.5232137906449], [-2.53374718087245, 53.5230144453729], [-2.53375981571958, 53.52401577222], [-2.53500959599401, 53.5242033594235], [-2.53461699411242, 53.5246483042325], [-2.53531962977153, 53.5261785931745], [-2.53597283156664, 53.5261783532551], [-2.53610074680788, 53.5268707725462], [-2.53670079400629, 53.5270819375613], [-2.53621344595422, 53.5275497819058], [-2.53653800629709, 53.5278099022344], [-2.53734093195902, 53.5278350400424], [-2.53724688494251, 53.528157250585], [-2.53820668054184, 53.5284189948227], [-2.53864803971441, 53.5282479762134], [-2.53854840926228, 53.5285998662872], [-2.53980162734128, 53.5289294641844], [-2.53973922502464, 53.5294789674358], [-2.5407070630781, 53.5296561892753], [-2.54152151335172, 53.5307068146463], [-2.54162659024982, 53.5304321758481], [-2.54249555201038, 53.5305496259482], [-2.54378104795183, 53.5325643544887], [-2.54531022126188, 53.5329833979729], [-2.54521505248682, 53.5334467902225], [-2.54914210286573, 53.534481310266], [-2.54942402938724, 53.5349357832164], [-2.55006280718541, 53.5348590640209], [-2.5503793363177, 53.5354194099203], [-2.55057268489346, 53.5350868441941], [-2.55107199022338, 53.5351996494238], [-2.55151741694183, 53.5359229424023], [-2.55370111271437, 53.5361878899], [-2.55398688060841, 53.5369316840937], [-2.55457881666438, 53.537076394668], [-2.55439200079743, 53.5373360604726], [-2.55546941499166, 53.5373418321078], [-2.5562035960101, 53.5378687672793], [-2.55681816149595, 53.5377931139282], [-2.55683086813194, 53.5380690150404], [-2.56032297999021, 53.5379960548206], [-2.56183020149949, 53.5389003291715], [-2.56174832628371, 53.5403542022922], [-2.56070945528216, 53.540869673567], [-2.56043491776061, 53.5416726955546], [-2.55915129946182, 53.5423969700634], [-2.55941152815472, 53.5438132060601], [-2.55813125664671, 53.5444573884347], [-2.53427432732063, 53.5517705799371], [-2.52383568806793, 53.5556438995154], [-2.52343124762652, 53.5543697423643], [-2.52363981652115, 53.5522524495503], [-2.52599613093188, 53.548863142608], [-2.52202802078978, 53.5489027206607], [-2.51983166929927, 53.5483826327323], [-2.52128242852209, 53.5467549129925], [-2.51800019712569, 53.5466326708561], [-2.51618644774198, 53.5432815068979], [-2.51610088116679, 53.5394680166374], [-2.50729885671375, 53.5378085898586]]]}, "properties": {"WD24CD": "E05014837"}}, {"type": "Feature", "geometry": {"type": "Polygon", "coordinates": [[[-2.60171765736432, 53.5355985751203], [-2.60109005619002, 53.5350722818767], [-2.59888941003462, 53.5354302967261], [-2.59750501477481, 53.5344089663884], [-2.59382604661066, 53.5334970075502], [-2.59363923609365, 53.5327608135118], [-2.59262694445361, 53.5321195703534], [-2.59275297894019, 53.5315247879535], [-2.59212722040627, 53.5311171435859], [-2.59203726688463, 53.5305090552911], [-2.5924935333106, 53.5301274904527], [-2.59207951264557, 53.529426658307], [-2.59125049396379, 53.529041584033], [-2.58995561070969, 53.5291162868664], [-2.58627442788813, 53.5271254239156], [-2.58274352663515, 53.5240794718811], [-2.58109579051206, 53.5220524425956], [-2.57262709863477, 53.5215243987982], [-2.56865575745995, 53.5205704543981], [-2.56795108722913, 53.5213337548383], [-2.56539237200797, 53.5211648856111], [-2.5582550658972, 53.5207921117329], [-2.55820523417737, 53.5205559681566], [-2.55978560483673, 53.5200795711177], [-2.56053571502461, 53.5194672211139], [-2.55665243141313, 53.5170558300878], [-2.55660376515715, 53.5166317820766], [-2.5581448679501, 53.5166978224581], [-2.55970284228649, 53.5158657455411], [-2.56013543296831, 53.5152396285229], [-2.55816444340246, 53.5144426564419], [-2.55582407861609, 53.5145641468764], [-2.55630499153672, 53.5131740387718], [-2.55557868823342, 53.5125149187341], [-2.55795286773053, 53.5110603064008], [-2.55900987838348, 53.5113668128655], [-2.5617912071378, 53.5086200383444], [-2.56320959732982, 53.5077960531003], [-2.56265318482921, 53.5064315401127], [-2.56298756041074, 53.5044812401838], [-2.56514091804689, 53.5019012111375], [-2.56629588629837, 53.4995406619402], [-2.56763207350797, 53.4991316435019], [-2.57149340362543, 53.4989450815516], [-2.57296803065636, 53.499866532834], [-2.57778796301901, 53.5017704268924], [-2.57799466795349, 53.5012310720634], [-2.58084443124801, 53.5014788119345], [-2.58205162371259, 53.5012320114408], [-2.58243485326221, 53.5014773466148], [-2.58760399986036, 53.4989370194574], [-2.58241646397942, 53.4967260305268], [-2.58214223330069, 53.4964046839096], [-2.58256666666747, 53.4960233173261], [-2.59456609613691, 53.4914340626368], [-2.59647803740958, 53.4896654758683], [-2.59933540957096, 53.4967841957437], [-2.60123428313066, 53.4967820213882], [-2.60145788013963, 53.4978593197301], [-2.60444717611204, 53.4972204432197], [-2.60650496755764, 53.4977124657053], [-2.6058661671218, 53.49854092799], [-2.60928418553684, 53.500884710308], [-2.61436105898395, 53.5015435453004], [-2.61340250079282, 53.5032430860611], [-2.61687310527004, 53.5035932701245], [-2.61636442900293, 53.504412950713], [-2.61841116177454, 53.5050437876396], [-2.62000742765679, 53.5049907245677], [-2.62020190306351, 53.5056323034017], [-2.61981809497698, 53.5058112996728], [-2.62393356447128, 53.506630471059], [-2.62397100878307, 53.5068903106584], [-2.62522573328096, 53.5072223428682], [-2.62647627695363, 53.508127754531], [-2.62685803617122, 53.5093616704814], [-2.62511840005448, 53.5103997107398], [-2.62604684090123, 53.5105939429117], [-2.63320516684108, 53.5104671132083], [-2.6280811197507, 53.5145480194214], [-2.61824283666414, 53.5223565814989], [-2.61592081908639, 53.5246067434494], [-2.61518632442421, 53.5264918509177], [-2.61635884528721, 53.5285832590165], [-2.61451457942274, 53.5289622204449], [-2.61463871637421, 53.5292528124041], [-2.61388067579317, 53.5297002864205], [-2.61334407175273, 53.5293599020225], [-2.61072403118677, 53.5301935136667], [-2.60983944133463, 53.5313784928205], [-2.61038271185281, 53.5322305577635], [-2.60681762632325, 53.5334963557866], [-2.60650661579507, 53.5344354470581], [-2.60569692488898, 53.5348907459517], [-2.60281157774752, 53.5353563839664], [-2.60219066566333, 53.5357031166043], [-2.60171765736432, 53.5355985751203]]]}, "properties": {"WD24CD": "E05014989"}}, {"type": "Feature", "geometry": {"type": "Polygon", "coordinates": [[[-2.61436105898395, 53.5015435453004], [-2.61641315282198, 53.5002862167287], [-2.61399422457159, 53.4995249713653], [-2.61543606540635, 53.4974143440696], [-2.61560456551965, 53.495143977233], [-2.61912577276602, 53.4933771343996], [-2.61731975219185, 53.4922274817958], [-2.61859400162333, 53.491471414659], [-2.61751302886179, 53.4908816883978], [-2.61752719653068, 53.4905764157366], [-2.61838667550616, 53.4899873650923], [-2.6188311257252, 53.4900785434269], [-2.61976846298383, 53.4888813771725], [-2.61859467488842, 53.4885400582647], [-2.62005342778663, 53.4866710041066], [-2.6216388206644, 53.4869234304499], [-2.62238064567144, 53.485626401417], [-2.62363873630803, 53.4845928627453], [-2.61975542366004, 53.482159256986], [-2.61795075735747, 53.4822066539886], [-2.61640825239647, 53.4818927747052], [-2.6172774050545, 53.4817788538397], [-2.63185878603167, 53.4808206503911], [-2.63310190523165, 53.4810185568494], [-2.63766999291997, 53.4803659972197], [-2.64553701039882, 53.4802712179812], [-2.64555258786575, 53.4807799663807], [-2.64840538102552, 53.4825248221197], [-2.65198676928185, 53.4853600635996], [-2.6528898449559, 53.4854818735016], [-2.65299465581589, 53.4864948298885], [-2.65413125653013, 53.4865321233442], [-2.65591536103095, 53.4903392339782], [-2.65359711257532, 53.490613496884], [-2.6518323533245, 53.490136903782], [-2.64843894864304, 53.4902928302501], [-2.64771725852313, 53.4900127001934], [-2.64633402369624, 53.4885533416572], [-2.64543418881529, 53.4883469441897], [-2.64052465313997, 53.4884964404038], [-2.63929425857843, 53.4882621135453], [-2.63899171180242, 53.4886853433054], [-2.63848377519908, 53.4885819335014], [-2.6418521355233, 53.49285498357], [-2.63627234354038, 53.492674439713], [-2.63148892590279, 53.4929281349944], [-2.63251709136067, 53.4947158186203], [-2.63181537429712, 53.4962224891789], [-2.63047130259205, 53.4981872330271], [-2.62865765912124, 53.4993994458353], [-2.62586955936331, 53.5021805100718], [-2.62570415551992, 53.5029465611677], [-2.62910339314155, 53.5036400536808], [-2.62630169596604, 53.5057288524268], [-2.62522573328096, 53.5072223428682], [-2.62397100878307, 53.5068903106584], [-2.62393356447128, 53.506630471059], [-2.61981809497698, 53.5058112996728], [-2.62020190306351, 53.5056323034017], [-2.62000742765679, 53.5049907245677], [-2.61841116177454, 53.5050437876396], [-2.61636442900293, 53.504412950713], [-2.61687310527004, 53.5035932701245], [-2.61340250079282, 53.5032430860611], [-2.61436105898395, 53.5015435453004]]]}, "properties": {"WD24CD": "E05014990"}}, {"type": "Feature", "geometry": {"type": "Polygon", "coordinates": [[[-2.63128335017892, 53.6052180362486], [-2.63220435020462, 53.603533138034], [-2.63176181165073, 53.6032434275293], [-2.63137817282196, 53.5999142225631], [-2.62983333416775, 53.5991645690659], [-2.629138786361, 53.5979826898222], [-2.62825633109066, 53.5973671082596], [-2.62823205898399, 53.5953168829177], [-2.62749520641062, 53.595250658132], [-2.62593620171468, 53.593695551428], [-2.62843938348147, 53.5910570209524], [-2.62861024214536, 53.5904574707556], [-2.62751053283129, 53.589442065949], [-2.62378649613999, 53.5896386586391], [-2.62097942517466, 53.5903534583689], [-2.6197481901551, 53.5909710765247], [-2.6180080839313, 53.5911023791996], [-2.61550263286948, 53.5906406561483], [-2.61235206423455, 53.5904932836897], [-2.60902796610466, 53.5893021763277], [-2.60846647657976, 53.5893382827276], [-2.6061540775727, 53.5883118719946], [-2.60320367460672, 53.5882026956156], [-2.60171554925685, 53.5888304085422], [-2.59614245032056, 53.5888170307995], [-2.59535981052288, 53.5880587499094], [-2.58971005922829, 53.586653102704], [-2.58507504920718, 53.5850795933885], [-2.58201301568966, 53.5827548793903], [-2.57760434497283, 53.5810030147958], [-2.57767102853245, 53.5794593947409], [-2.57898551582527, 53.5783878427151], [-2.5784000469286, 53.5774307438206], [-2.57516361894335, 53.5767705156723], [-2.57327463327335, 53.5742125851444], [-2.57256297122514, 53.5739670150549], [-2.57228587556032, 53.574129281877], [-2.57204883660689, 53.5735767204063], [-2.56843400919972, 53.5720291703684], [-2.56847408747468, 53.5715255992578], [-2.56782988155104, 53.5714495991214], [-2.56578209500729, 53.570079680268], [-2.5656459532589, 53.5686996703831], [-2.56723312102924, 53.5675866037274], [-2.56804566118238, 53.5656799216903], [-2.56772618769425, 53.5655007443321], [-2.56853533274453, 53.5647113571823], [-2.56439523262122, 53.563675774492], [-2.56392359622161, 53.5631729236788], [-2.56320421269952, 53.5632374298025], [-2.56129964000132, 53.5621463025776], [-2.56013666051304, 53.562109453946], [-2.55964680168486, 53.5611455233769], [-2.56316530211417, 53.5603119639196], [-2.56335132065376, 53.5595398431714], [-2.56275308008619, 53.5592837916384], [-2.56228116662448, 53.5575099697984], [-2.5612912201945, 53.5566220632419], [-2.56013977486375, 53.556185281663], [-2.55982353213012, 53.5555656584354], [-2.56113161893643, 53.5548277845263], [-2.56099086299067, 53.5533273465542], [-2.5626522612412, 53.5528395815552], [-2.56253955486028, 53.5519637155733], [-2.56378630722497, 53.5517429763373], [-2.56398578590542, 53.5511920049601], [-2.5669508245173, 53.550803956741], [-2.56676392559385, 53.5500345701127], [-2.56802666431862, 53.5499908236239], [-2.56784464894014, 53.549141344256], [-2.5695401144837, 53.5479485464836], [-2.56922813714516, 53.5475311974272], [-2.56925359511338, 53.5471760386633], [-2.57011148726495, 53.5471153298623], [-2.57037807375477, 53.5462978564943], [-2.57068899688148, 53.5467476465404], [-2.57009930744479, 53.5487872349446], [-2.57613992833025, 53.5491743525061], [-2.57598585118601, 53.5482772162563], [-2.5764781064727, 53.5481848889025], [-2.58104079319024, 53.5495508158541], [-2.58520958291152, 53.5472444048181], [-2.58578511108795, 53.5477225075555], [-2.58780788766895, 53.5482932274356], [-2.58715522454126, 53.5511799233502], [-2.58566580990728, 53.5530523296198], [-2.58957695310526, 53.5539381730872], [-2.58822232288257, 53.5547636464], [-2.59159363213586, 53.5558875957577], [-2.59323999926216, 53.5559602781686], [-2.59979048976513, 53.5516536397557], [-2.60407144423664, 53.5501021985811], [-2.60545352319593, 53.5505984653724], [-2.61208568363536, 53.5482132456128], [-2.61248664857921, 53.5494291165588], [-2.61361419657122, 53.5493334537997], [-2.61374237333409, 53.5495313787918], [-2.61681520221047, 53.5489060876649], [-2.61958557132638, 53.5493771039029], [-2.61375189258163, 53.5550761942911], [-2.61558015854578, 53.5581255136437], [-2.61849695169886, 53.5593014293028], [-2.61978865583741, 53.5593772251969], [-2.62099774376, 53.5586986034362], [-2.62383919428918, 53.5581067043771], [-2.62437911615983, 53.5582252153373], [-2.62466159706993, 53.5578794839548], [-2.62487924453994, 53.558357864574], [-2.62348377086483, 53.5591894049244], [-2.62362445894526, 53.5606447706236], [-2.62463857955194, 53.5611302172391], [-2.62465575904293, 53.5620392928741], [-2.62536996083975, 53.5625060832172], [-2.62758248944706, 53.5626072525735], [-2.6287560456889, 53.563046436549], [-2.62914867961814, 53.5638663461971], [-2.62854449753927, 53.5648155547986], [-2.62921802723848, 53.5664523694843], [-2.63075851127517, 53.5681354226488], [-2.6330134851548, 53.5686636945194], [-2.63287081521087, 53.5697893810259], [-2.6339297198569, 53.5707255934145], [-2.63368478901735, 53.5712716066134], [-2.63432984460384, 53.5719559046788], [-2.63396310661919, 53.5725362724351], [-2.63459063712539, 53.5731073166029], [-2.6339045116752, 53.5740600652305], [-2.63355514617009, 53.5752989838812], [-2.63478966390215, 53.5761597748835], [-2.63509135290034, 53.5769402396517], [-2.6347758657788, 53.5773517641255], [-2.63598460058088, 53.5783970110875], [-2.63468973489298, 53.5795688198207], [-2.6347445088473, 53.5815154558158], [-2.63702225317612, 53.5820193773754], [-2.63735944522029, 53.5828445778205], [-2.63705277660864, 53.5834466556256], [-2.63773319021381, 53.584899152508], [-2.63712287904144, 53.5853032621458], [-2.6373826964138, 53.586306889289], [-2.63795472914385, 53.5863712476414], [-2.6380745610975, 53.5870097030788], [-2.63908300971465, 53.587469012908], [-2.638507393519, 53.5879619963818], [-2.63929963683577, 53.589809457615], [-2.6399440735696, 53.5897736758211], [-2.63982845868802, 53.5903171417755], [-2.64136727772535, 53.5916743735979], [-2.64164133952738, 53.592515176212], [-2.6425230110668, 53.5926695180603], [-2.64309817190756, 53.5934349310899], [-2.64295270272555, 53.5947022104633], [-2.64395064103327, 53.5962420242744], [-2.64371732253977, 53.5971951707722], [-2.64542545853056, 53.5978404634819], [-2.64933908452688, 53.5965582649152], [-2.65301673736867, 53.5960663796113], [-2.65331211730629, 53.5974895198392], [-2.65589406930705, 53.5973657306874], [-2.65792346269078, 53.598445007427], [-2.65751670964012, 53.598719602871], [-2.65786289645797, 53.6003868761189], [-2.65830925632341, 53.6008086636243], [-2.65958024585057, 53.6011135996643], [-2.6588334022343, 53.6013765875034], [-2.65937035040167, 53.6036477513567], [-2.65886465406754, 53.6041727967237], [-2.65514080839994, 53.6044502543263], [-2.6525677568802, 53.6058682451752], [-2.65009639485507, 53.606136039639], [-2.64773275373421, 53.6067357766261], [-2.64691671094389, 53.6072971013009], [-2.64372965106697, 53.6072137255509], [-2.64220884580742, 53.6075675673084], [-2.64116294767675, 53.607295763124], [-2.64026830079161, 53.6076410238413], [-2.6397900707234, 53.6073285189868], [-2.63919670650634, 53.6073783280748], [-2.63663032335173, 53.6077344204573], [-2.63690886986518, 53.6079657503332], [-2.63607710347455, 53.6083650275505], [-2.63459215891522, 53.6082827616037], [-2.63333733260174, 53.6075309997536], [-2.63212525626505, 53.6072798824674], [-2.63239919232107, 53.6064951649446], [-2.63145992121201, 53.6060802645367], [-2.63128335017892, 53.6052180362486]]]}, "properties": {"WD24CD": "E05014991"}}, {"type": "Feature", "geometry": {"type": "Polygon", "coordinates": [[[-2.43043076388213, 53.5046963344373], [-2.43019496419905, 53.5018300864816], [-2.43310642984604, 53.5009710157136], [-2.43307333709526, 53.4996525147381], [-2.43162173463058, 53.4980317305412], [-2.43359048666169, 53.4971418949932], [-2.43623730260755, 53.4937533738078], [-2.438506957341, 53.4924021560037], [-2.43826748414512, 53.4918367300073], [-2.43625343258152, 53.4904859533187], [-2.43567081094654, 53.4883379666819], [-2.43563660168486, 53.4872081708422], [-2.43643305369711, 53.4866956507791], [-2.43673189696409, 53.484690909523], [-2.4385465044737, 53.4820838215754], [-2.43612585066978, 53.4718976064819], [-2.43562616121816, 53.4698922290441], [-2.43446941523023, 53.4650444071387], [-2.46514310894685, 53.4622518658226], [-2.47675813904381, 53.4624433859301], [-2.4791590538174, 53.4617794351373], [-2.48088341667788, 53.4618929171847], [-2.48277726656387, 53.4612794580707], [-2.48352390742168, 53.4607029655493], [-2.48661599953873, 53.460436116809], [-2.48804162690862, 53.4607736506428], [-2.48971382174961, 53.4602822965361], [-2.48986260560462, 53.4622177641643], [-2.49227024187945, 53.4651543083071], [-2.49112430644124, 53.4675372993138], [-2.49108731710749, 53.4690250724297], [-2.49167717754336, 53.4698855642676], [-2.49139748304097, 53.4721473049331], [-2.49043875234763, 53.4731471594758], [-2.48914550962129, 53.475848175778], [-2.4927422822378, 53.4793766934465], [-2.4963344588829, 53.4809294210487], [-2.49647259167663, 53.4811401097963], [-2.48831922603774, 53.4828699309727], [-2.48177244151306, 53.4847995000135], [-2.47738658686856, 53.486501621278], [-2.46777051001845, 53.4910857633686], [-2.47013629455119, 53.4913406469975], [-2.47420510388872, 53.4911350921087], [-2.47480555362708, 53.4930162354227], [-2.47379849984562, 53.4932968985774], [-2.47329610005122, 53.4951121605392], [-2.47267547788886, 53.4951496701266], [-2.4732151871609, 53.4961039275758], [-2.47104526320341, 53.4963031244422], [-2.47135203108321, 53.4980070391017], [-2.46857313502999, 53.4987613387399], [-2.46761867716229, 53.499425753405], [-2.46832188748158, 53.4996351550907], [-2.47073590814664, 53.5018494487835], [-2.46938965265281, 53.5030799359107], [-2.46967274043184, 53.5040046653404], [-2.47177959992297, 53.5040565480758], [-2.47155666939127, 53.5055738469504], [-2.47207508596623, 53.5059564922357], [-2.47379828396016, 53.5070211627142], [-2.47796508949901, 53.5085604740436], [-2.47798587379936, 53.511217739042], [-2.4730835128635, 53.5120307592124], [-2.46531702178321, 53.5128380503005], [-2.44202837783179, 53.5125489107255], [-2.44166154357588, 53.5105036987801], [-2.44258567490562, 53.509537278583], [-2.44085294557521, 53.5094166899519], [-2.44062694045608, 53.5086288999815], [-2.44149586065062, 53.5066787335481], [-2.44240598236621, 53.5067687558574], [-2.44192542806047, 53.5047885660534], [-2.4410954873473, 53.5042270413254], [-2.44237675990423, 53.503427906418], [-2.44025810959232, 53.5020961246947], [-2.43043076388213, 53.5046963344373]]]}, "properties": {"WD24CD": "E05014992"}}, {"type": "Feature", "geometry": {"type": "Polygon", "coordinates": [[[-2.49016369266593, 53.5355719579753], [-2.48969218141095, 53.5345887616589], [-2.48228152400556, 53.5334361196045], [-2.47838723523395, 53.5335416866812], [-2.47241808258601, 53.531737246124], [-2.46943699169902, 53.5320133126623], [-2.46607473034482, 53.5306962100952], [-2.46151703303029, 53.5306896124323], [-2.4510972318287, 53.5286053938643], [-2.4541130617134, 53.526222023571], [-2.46612444296457, 53.5282069395678], [-2.47191673017292, 53.5286599114374], [-2.47141571537224, 53.5282510330899], [-2.47155089673672, 53.5277100203904], [-2.4709247839358, 53.5270786313215], [-2.47105058034705, 53.5263851216979], [-2.47043528187311, 53.5252439502734], [-2.47229324801762, 53.5244887371378], [-2.4724641248365, 53.523318959791], [-2.48015287527973, 53.5230436304009], [-2.4796026569949, 53.5243586382666], [-2.48150461799446, 53.5244611835996], [-2.48264818841154, 53.5237241613273], [-2.48308293303729, 53.5239389183206], [-2.48306538772061, 53.5229254632964], [-2.48541237160568, 53.5228623309879], [-2.48532420218852, 53.5224734844908], [-2.48595269592034, 53.522431369557], [-2.48579733180932, 53.5220966287606], [-2.48673420317473, 53.5219198382995], [-2.48725546691279, 53.5226602197635], [-2.48880296099107, 53.5229109621955], [-2.49011984831463, 53.5235760805697], [-2.4945505071289, 53.5237437552757], [-2.49793302021318, 53.5232973334932], [-2.50079930316451, 53.5215441883213], [-2.50261320740661, 53.523521265804], [-2.50467777962178, 53.5231115770679], [-2.50513755523202, 53.5246008400983], [-2.50879659535685, 53.52327817793], [-2.51029748729918, 53.525289262759], [-2.51063213688, 53.5288983408906], [-2.51348433704044, 53.5297251669704], [-2.51484967052669, 53.5287608529724], [-2.51581504640578, 53.5292595976931], [-2.51537880576764, 53.5312173539942], [-2.51622904024966, 53.5338805923664], [-2.51576714539011, 53.5344830443625], [-2.51533678128213, 53.5344570516597], [-2.51553440023781, 53.5358233351753], [-2.51301448641544, 53.5363061770539], [-2.51016501463335, 53.5341053413726], [-2.50926467206114, 53.5346377592288], [-2.5090765113206, 53.5356785234159], [-2.50797281852242, 53.5364994469468], [-2.50729885671375, 53.5378085898586], [-2.50688831364702, 53.5388042404083], [-2.50517390459683, 53.5389077755571], [-2.5052131821348, 53.5386541115981], [-2.50335615161136, 53.538564936116], [-2.50218434494499, 53.5378525299703], [-2.4992110381343, 53.5380493487662], [-2.49806956268558, 53.5374653658266], [-2.49634675122809, 53.5371139324513], [-2.49647016939739, 53.5366999687076], [-2.49016369266593, 53.5355719579753]]]}, "properties": {"WD24CD": "E05014993"}}, {"type": "Feature", "geometry": {"type": "Polygon", "coordinates": [[[-2.4724641248365, 53.523318959791], [-2.47185375376315, 53.5218250758012], [-2.47191281120231, 53.5209249878042], [-2.47247020655807, 53.5204863786566], [-2.47205347347643, 53.5197550964337], [-2.47443020430494, 53.5179051718006], [-2.47402351177423, 53.5163148347804], [-2.47454113671093, 53.5151005178431], [-2.47541439403064, 53.5151916922297], [-2.47578474170713, 53.5147706866205], [-2.47775986954753, 53.5146329289384], [-2.47665521621335, 53.5128393794996], [-2.47729545023697, 53.5127202811201], [-2.48846661697636, 53.5150525099593], [-2.48907024875181, 53.5132713289203], [-2.4898566261522, 53.5124168404278], [-2.48845191952052, 53.5107767952134], [-2.48833750536116, 53.5087655394332], [-2.50682002496075, 53.4993851700347], [-2.50723051249716, 53.4995475258869], [-2.50689006667731, 53.4999348576427], [-2.50931831305612, 53.5003351858939], [-2.50946771246593, 53.5000212484296], [-2.51219014745433, 53.5000272508446], [-2.51536190480771, 53.5005185226106], [-2.51573772997478, 53.5003029344739], [-2.51689004445602, 53.5004903410107], [-2.5170737098205, 53.5002672844656], [-2.51828442543558, 53.5004838093022], [-2.51836307556384, 53.5001956955298], [-2.51885753040566, 53.5002419572005], [-2.5180652391026, 53.502329010116], [-2.5181029943087, 53.5044340403776], [-2.52127656421201, 53.504054371966], [-2.52261293797673, 53.5043156599937], [-2.51590189206749, 53.5136348749725], [-2.52191547717964, 53.5183574451739], [-2.52538285690765, 53.5193831225842], [-2.52517472561292, 53.519932928028], [-2.52690736360743, 53.5199703452119], [-2.52700639179554, 53.5206900427129], [-2.52565854671873, 53.5212838904254], [-2.52751219416052, 53.5213770039849], [-2.52891858533123, 53.5231042275897], [-2.52820758636283, 53.5236710341785], [-2.52861835899136, 53.5239487612342], [-2.52779467261005, 53.5241780511843], [-2.52791032960919, 53.5247456243769], [-2.52745039027349, 53.5247539529959], [-2.52772748740452, 53.5255716078912], [-2.52663895988108, 53.5254900728829], [-2.52540422775396, 53.5263943881276], [-2.52315377122224, 53.5266541961613], [-2.52268447561033, 53.5271352948351], [-2.52177591795144, 53.5270961478445], [-2.52119188192187, 53.5275634559905], [-2.52093535718002, 53.5271951681995], [-2.52053930435993, 53.5272427289383], [-2.51968635042557, 53.527933155936], [-2.51934635466358, 53.527765615106], [-2.51851523377028, 53.5280173375938], [-2.51796675124402, 53.5285581585278], [-2.51770154731161, 53.528332779345], [-2.51718580017193, 53.528469899976], [-2.51581504640578, 53.5292595976931], [-2.51484967052669, 53.5287608529724], [-2.51348433704044, 53.5297251669704], [-2.51063213688, 53.5288983408906], [-2.51029748729918, 53.525289262759], [-2.50879659535685, 53.52327817793], [-2.50513755523202, 53.5246008400983], [-2.50467777962178, 53.5231115770679], [-2.50261320740661, 53.523521265804], [-2.50079930316451, 53.5215441883213], [-2.49793302021318, 53.5232973334932], [-2.4945505071289, 53.5237437552757], [-2.49011984831463, 53.5235760805697], [-2.48880296099107, 53.5229109621955], [-2.48725546691279, 53.5226602197635], [-2.48673420317473, 53.5219198382995], [-2.48579733180932, 53.5220966287606], [-2.48595269592034, 53.522431369557], [-2.48532420218852, 53.5224734844908], [-2.48541237160568, 53.5228623309879], [-2.48306538772061, 53.5229254632964], [-2.48308293303729, 53.5239389183206], [-2.48264818841154, 53.5237241613273], [-2.48150461799446, 53.5244611835996], [-2.4796026569949, 53.5243586382666], [-2.48015287527973, 53.5230436304009], [-2.4724641248365, 53.523318959791]]]}, "properties": {"WD24CD": "E05014994"}}, {"type": "Feature", "geometry": {"type": "Polygon", "coordinates": [[[-2.6280811197507, 53.5145480194214], [-2.63320516684108, 53.5104671132083], [-2.62604684090123, 53.5105939429117], [-2.62511840005448, 53.5103997107398], [-2.62685803617122, 53.5093616704814], [-2.62647627695363, 53.508127754531], [-2.62522573328096, 53.5072223428682], [-2.62630169596604, 53.5057288524268], [-2.62910339314155, 53.5036400536808], [-2.62570415551992, 53.5029465611677], [-2.62586955936331, 53.5021805100718], [-2.62865765912124, 53.4993994458353], [-2.63047130259205, 53.4981872330271], [-2.63181537429712, 53.4962224891789], [-2.63251709136067, 53.4947158186203], [-2.63148892590279, 53.4929281349944], [-2.63627234354038, 53.492674439713], [-2.6418521355233, 53.49285498357], [-2.63848377519908, 53.4885819335014], [-2.63899171180242, 53.4886853433054], [-2.63929425857843, 53.4882621135453], [-2.64052465313997, 53.4884964404038], [-2.64543418881529, 53.4883469441897], [-2.64633402369624, 53.4885533416572], [-2.64771725852313, 53.4900127001934], [-2.64843894864304, 53.4902928302501], [-2.6518323533245, 53.490136903782], [-2.65359711257532, 53.490613496884], [-2.65591536103095, 53.4903392339782], [-2.65673145028308, 53.4925225282342], [-2.6599195398543, 53.4922452974476], [-2.66293723267581, 53.4927968091888], [-2.66131028267606, 53.4936725658225], [-2.6639334836735, 53.4947033846659], [-2.66484704647471, 53.4959598277032], [-2.66475095206932, 53.4967243716646], [-2.66578103837512, 53.4981298160928], [-2.66625784019626, 53.4997405713006], [-2.66845587278709, 53.5001354852201], [-2.66964491606611, 53.4998802189522], [-2.66969235760714, 53.4994764661554], [-2.67168646008048, 53.4990733961485], [-2.67327923078113, 53.499031187224], [-2.67387758821407, 53.499345827154], [-2.67477171206963, 53.4990340150934], [-2.677685481282, 53.4988296901694], [-2.68031172881282, 53.4991505922795], [-2.6802304310935, 53.4995160763038], [-2.68038456174196, 53.5012383460474], [-2.67946016681319, 53.5015365051518], [-2.67915872425877, 53.5020392279219], [-2.67942583525867, 53.5030857909663], [-2.6798019639493, 53.5030546943779], [-2.67984384310619, 53.5038931517868], [-2.68097904338707, 53.503876008516], [-2.68148265494426, 53.5069758731594], [-2.68574742088045, 53.5102852841368], [-2.68146522063266, 53.5106819366997], [-2.68127562233972, 53.5116429877293], [-2.67665008342258, 53.5107523829902], [-2.6717513810482, 53.5093534526962], [-2.66723553695615, 53.5075531493641], [-2.66403869477727, 53.5057076428512], [-2.66255712417855, 53.5081499187942], [-2.66048124818827, 53.510118157149], [-2.65746194253465, 53.5118354494212], [-2.65303317782412, 53.5132151196708], [-2.6523407922224, 53.5140836040492], [-2.64689064855434, 53.5156736329232], [-2.64441895168736, 53.5157759578598], [-2.64289013777259, 53.5162049184344], [-2.63735875043497, 53.515135233308], [-2.63340301660249, 53.5171651850244], [-2.62806412044497, 53.5154334965811], [-2.6280811197507, 53.5145480194214]]]}, "properties": {"WD24CD": "E05014995"}}, {"type": "Feature", "geometry": {"type": "Polygon", "coordinates": [[[-2.63759883205889, 53.545611109491], [-2.63570258802406, 53.5444554059995], [-2.63000925103322, 53.5421676302885], [-2.62718249955131, 53.5407228250068], [-2.62596404492023, 53.5396506716332], [-2.62799901183571, 53.5389936862306], [-2.62959934593672, 53.5391514671139], [-2.63091126424419, 53.5381764772045], [-2.63277190018337, 53.5376776831979], [-2.63732584304984, 53.5349658543622], [-2.63916867011137, 53.5359033602421], [-2.64101480480596, 53.535958145945], [-2.64153119020248, 53.5363850712285], [-2.64098429208789, 53.5368382913884], [-2.64266997848402, 53.5380525494705], [-2.64253005545361, 53.5383759842512], [-2.64322808002945, 53.5389394073635], [-2.64585473558623, 53.5406923722239], [-2.64765652276289, 53.5409909112351], [-2.65010091390889, 53.537918822338], [-2.65352449648341, 53.5358525632846], [-2.66296097019956, 53.5319070146758], [-2.66739159677594, 53.5308335173515], [-2.67075551337464, 53.5303959339615], [-2.67230278477175, 53.5302973030921], [-2.67287944284806, 53.5310832160344], [-2.67388216085519, 53.5310452364748], [-2.67392885320283, 53.5316130673679], [-2.67642081545913, 53.5337733729867], [-2.67590081749319, 53.5339911579256], [-2.67645741936426, 53.5344553785198], [-2.67527327864908, 53.534949267071], [-2.67584711616922, 53.5354565256518], [-2.67560071713285, 53.5361869418065], [-2.67637899919932, 53.5363595793786], [-2.67567497399229, 53.5368669374992], [-2.67580733462761, 53.5375079669457], [-2.67774833433692, 53.537546439612], [-2.6773089816486, 53.5380963436722], [-2.67765778803935, 53.5381096498819], [-2.67761869768804, 53.5384981521351], [-2.67576354400349, 53.5384547002763], [-2.6761700960249, 53.5391570859447], [-2.67406387237129, 53.5394601713759], [-2.67329001290141, 53.5390906125636], [-2.67157407308809, 53.5398838669018], [-2.67180822561561, 53.5402553400244], [-2.66997520517691, 53.5402141171216], [-2.66957896152773, 53.5412587234891], [-2.66892032423582, 53.5415491298013], [-2.66831188748787, 53.543495842065], [-2.66574509500042, 53.5449554051458], [-2.66579458215014, 53.546088612663], [-2.66484326679802, 53.546826418561], [-2.66206907836893, 53.5469038496815], [-2.66082122454264, 53.5473106908898], [-2.65890936298124, 53.5469401120156], [-2.65876580892779, 53.5465417465057], [-2.65693993908641, 53.5467558260983], [-2.65621399049233, 53.5471426871237], [-2.65591288556543, 53.547483191346], [-2.6562938677152, 53.5475287337021], [-2.65633416126205, 53.5486709797165], [-2.65582833795905, 53.5496319109499], [-2.66153765293247, 53.5523241147894], [-2.66208266932933, 53.5529098662911], [-2.66179756620678, 53.5542767602851], [-2.6543754134559, 53.5518177576216], [-2.64136937494109, 53.5462515559477], [-2.63759883205889, 53.545611109491]]]}, "properties": {"WD24CD": "E05014996"}}, {"type": "Feature", "geometry": {"type": "Polygon", "coordinates": [[[-2.58241646397942, 53.4967260305268], [-2.57752967473175, 53.4949683040689], [-2.56915563784417, 53.493124493449], [-2.56079865325018, 53.4936565818135], [-2.55754357044978, 53.4925608832968], [-2.55983238382236, 53.4906604776951], [-2.56396198163535, 53.4902234305766], [-2.56603604347788, 53.4892545723314], [-2.56689753744914, 53.4878286489353], [-2.56602063350509, 53.4853772524209], [-2.56634547786273, 53.4821407537949], [-2.56826542959883, 53.4810890495446], [-2.57139992332161, 53.4802409546049], [-2.57111306751714, 53.4794371929773], [-2.57167663448278, 53.4796644570045], [-2.5744844166159, 53.4784646553591], [-2.57504804974359, 53.4785436131162], [-2.57553347236851, 53.4779361660017], [-2.57618220119773, 53.4779683483617], [-2.57589601054466, 53.4776267611708], [-2.57720979161451, 53.4767877314611], [-2.58000081092592, 53.4753935234207], [-2.58040031885554, 53.4756544939223], [-2.58121352806763, 53.4751728264949], [-2.58134050215908, 53.4744763113603], [-2.58205952891266, 53.4739525638892], [-2.58172949261415, 53.4738225180607], [-2.58439368842775, 53.4719296792724], [-2.58405376688052, 53.4710248279744], [-2.58508047739652, 53.4710705902556], [-2.58544645688878, 53.4697827041343], [-2.58843000818636, 53.469248650187], [-2.58781081802306, 53.4678502620979], [-2.59716797051905, 53.4688242889884], [-2.59971900513336, 53.4610683959815], [-2.60085062570283, 53.461217824316], [-2.60349406217048, 53.4609096732357], [-2.60682378442834, 53.4615228921275], [-2.60910127715248, 53.4610097107768], [-2.60911611843331, 53.461308953317], [-2.6102303063083, 53.4615962957811], [-2.61311107399062, 53.4617748312502], [-2.61374751122402, 53.462144565963], [-2.6137372932179, 53.4626929353443], [-2.61543421404783, 53.4636908919573], [-2.61514000539888, 53.4650127890911], [-2.61676050086672, 53.4662385525615], [-2.6158878031025, 53.4680749084453], [-2.61511184344487, 53.4678559673393], [-2.61448687089238, 53.4685953019658], [-2.61489339464574, 53.4686813615698], [-2.61454855861117, 53.4703612396504], [-2.61123716822844, 53.4699324391524], [-2.61066448290891, 53.4705402931459], [-2.60898902702355, 53.4703160217929], [-2.60830467750405, 53.4703886988747], [-2.60786342802793, 53.4708277457411], [-2.61187206262773, 53.475000429328], [-2.61205083492952, 53.4767432123423], [-2.60913476815894, 53.4760741138858], [-2.60934736237063, 53.4767094065661], [-2.6121706618665, 53.477316972244], [-2.61220942411207, 53.4777050516416], [-2.61318792602881, 53.4781728674211], [-2.61223965417926, 53.478449192436], [-2.61213826687326, 53.4811380896381], [-2.6172774050545, 53.4817788538397], [-2.61640825239647, 53.4818927747052], [-2.61795075735747, 53.4822066539886], [-2.61975542366004, 53.482159256986], [-2.62363873630803, 53.4845928627453], [-2.62238064567144, 53.485626401417], [-2.6216388206644, 53.4869234304499], [-2.62005342778663, 53.4866710041066], [-2.61859467488842, 53.4885400582647], [-2.61976846298383, 53.4888813771725], [-2.6188311257252, 53.4900785434269], [-2.61838667550616, 53.4899873650923], [-2.61752719653068, 53.4905764157366], [-2.61751302886179, 53.4908816883978], [-2.61859400162333, 53.491471414659], [-2.61731975219185, 53.4922274817958], [-2.61912577276602, 53.4933771343996], [-2.61560456551965, 53.495143977233], [-2.61543606540635, 53.4974143440696], [-2.61399422457159, 53.4995249713653], [-2.61641315282198, 53.5002862167287], [-2.61436105898395, 53.5015435453004], [-2.60928418553684, 53.500884710308], [-2.6058661671218, 53.49854092799], [-2.60650496755764, 53.4977124657053], [-2.60444717611204, 53.4972204432197], [-2.60145788013963, 53.4978593197301], [-2.60123428313066, 53.4967820213882], [-2.59933540957096, 53.4967841957437], [-2.59647803740958, 53.4896654758683], [-2.59456609613691, 53.4914340626368], [-2.58256666666747, 53.4960233173261], [-2.58214223330069, 53.4964046839096], [-2.58241646397942, 53.4967260305268]]]}, "properties": {"WD24CD": "E05014997"}}, {"type": "Feature", "geometry": {"type": "Polygon", "coordinates": [[[-2.56922813714516, 53.5475311974272], [-2.5675124550102, 53.5480050269344], [-2.56624561805576, 53.547394425504], [-2.56305352475528, 53.5473752956745], [-2.55935241992595, 53.5461928015803], [-2.55813125664671, 53.5444573884347], [-2.55941152815472, 53.5438132060601], [-2.55915129946182, 53.5423969700634], [-2.56043491776061, 53.5416726955546], [-2.56070945528216, 53.540869673567], [-2.56174832628371, 53.5403542022922], [-2.56183020149949, 53.5389003291715], [-2.56032297999021, 53.5379960548206], [-2.55683086813194, 53.5380690150404], [-2.55681816149595, 53.5377931139282], [-2.5562035960101, 53.5378687672793], [-2.55546941499166, 53.5373418321078], [-2.55439200079743, 53.5373360604726], [-2.55457881666438, 53.537076394668], [-2.55398688060841, 53.5369316840937], [-2.55370111271437, 53.5361878899], [-2.55452825759214, 53.5349427205689], [-2.55405227950915, 53.5345403814211], [-2.55444783566859, 53.533406934504], [-2.55490785640619, 53.5334446862264], [-2.55517357438164, 53.5329454823118], [-2.55482238458371, 53.5324338136816], [-2.55547564531396, 53.5325194651202], [-2.55594846102512, 53.5313568378251], [-2.55685703983851, 53.5315013613454], [-2.55726889438199, 53.5312570226344], [-2.56572749990617, 53.5335419141261], [-2.56954950606824, 53.5300927276919], [-2.5736359778759, 53.5312714334256], [-2.57349045864476, 53.5305556169921], [-2.57422103922761, 53.530586709213], [-2.57448165032653, 53.5303360211271], [-2.57493573389768, 53.5296120495312], [-2.57458372248852, 53.5295826932665], [-2.57452906594115, 53.5289909188698], [-2.57506320259907, 53.5288511121668], [-2.5737282920889, 53.5273392654828], [-2.57119464935591, 53.5273765832081], [-2.56827760669153, 53.5260521340453], [-2.56660553460608, 53.5261158019142], [-2.5659780264347, 53.5245358945055], [-2.56474733319601, 53.524315191117], [-2.56539237200797, 53.5211648856111], [-2.56795108722913, 53.5213337548383], [-2.56865575745995, 53.5205704543981], [-2.57262709863477, 53.5215243987982], [-2.58109579051206, 53.5220524425956], [-2.58274352663515, 53.5240794718811], [-2.58627442788813, 53.5271254239156], [-2.58995561070969, 53.5291162868664], [-2.59125049396379, 53.529041584033], [-2.59207951264557, 53.529426658307], [-2.5924935333106, 53.5301274904527], [-2.59203726688463, 53.5305090552911], [-2.59212722040627, 53.5311171435859], [-2.59275297894019, 53.5315247879535], [-2.59262694445361, 53.5321195703534], [-2.59363923609365, 53.5327608135118], [-2.59382604661066, 53.5334970075502], [-2.59750501477481, 53.5344089663884], [-2.59888941003462, 53.5354302967261], [-2.60109005619002, 53.5350722818767], [-2.60171765736432, 53.5355985751203], [-2.59292699550731, 53.5381468042025], [-2.59322343147364, 53.5385273262797], [-2.58810269408986, 53.5401885797176], [-2.57899516302912, 53.5418726190249], [-2.58458895012559, 53.5436179207992], [-2.58635905720156, 53.5445925690502], [-2.58420860330362, 53.5456915922734], [-2.58380634114763, 53.5454131984863], [-2.58317107877161, 53.546067968304], [-2.58562877181173, 53.5467839725353], [-2.58520958291152, 53.5472444048181], [-2.58104079319024, 53.5495508158541], [-2.5764781064727, 53.5481848889025], [-2.57598585118601, 53.5482772162563], [-2.57613992833025, 53.5491743525061], [-2.57009930744479, 53.5487872349446], [-2.57068899688148, 53.5467476465404], [-2.57037807375477, 53.5462978564943], [-2.57011148726495, 53.5471153298623], [-2.56925359511338, 53.5471760386633], [-2.56922813714516, 53.5475311974272]]]}, "properties": {"WD24CD": "E05014998"}}, {"type": "Feature", "geometry": {"type": "Polygon", "coordinates": [[[-2.52891858533123, 53.5231042275897], [-2.52751219416052, 53.5213770039849], [-2.52565854671873, 53.5212838904254], [-2.52700639179554, 53.5206900427129], [-2.52690736360743, 53.5199703452119], [-2.54183775697511, 53.5202895292596], [-2.54215489347794, 53.5201325769072], [-2.54073450049025, 53.5191727428273], [-2.54122592407098, 53.5191516403773], [-2.54136367317228, 53.5178944275907], [-2.54441798801156, 53.5176172127302], [-2.5452705552792, 53.5174334976178], [-2.54517434975596, 53.5169331989415], [-2.54605092812899, 53.5168865679064], [-2.54520425894196, 53.514891492224], [-2.54583554571936, 53.5148290512999], [-2.54551024104176, 53.5141921118394], [-2.54659489306144, 53.5137469871958], [-2.54633457747006, 53.5135174939998], [-2.54724352806388, 53.5126002960821], [-2.54812326226181, 53.5126974078845], [-2.54846455741592, 53.5131064777789], [-2.55136275015976, 53.5130217444319], [-2.55150706055226, 53.5126363873247], [-2.55394777168985, 53.5130385080613], [-2.55557868823342, 53.5125149187341], [-2.55630499153672, 53.5131740387718], [-2.55582407861609, 53.5145641468764], [-2.55816444340246, 53.5144426564419], [-2.56013543296831, 53.5152396285229], [-2.55970284228649, 53.5158657455411], [-2.5581448679501, 53.5166978224581], [-2.55660376515715, 53.5166317820766], [-2.55665243141313, 53.5170558300878], [-2.56053571502461, 53.5194672211139], [-2.55978560483673, 53.5200795711177], [-2.55820523417737, 53.5205559681566], [-2.5582550658972, 53.5207921117329], [-2.56539237200797, 53.5211648856111], [-2.56474733319601, 53.524315191117], [-2.5659780264347, 53.5245358945055], [-2.56660553460608, 53.5261158019142], [-2.56827760669153, 53.5260521340453], [-2.57119464935591, 53.5273765832081], [-2.5737282920889, 53.5273392654828], [-2.57506320259907, 53.5288511121668], [-2.57452906594115, 53.5289909188698], [-2.57458372248852, 53.5295826932665], [-2.57493573389768, 53.5296120495312], [-2.57448165032653, 53.5303360211271], [-2.57422103922761, 53.530586709213], [-2.57349045864476, 53.5305556169921], [-2.5736359778759, 53.5312714334256], [-2.56954950606824, 53.5300927276919], [-2.56572749990617, 53.5335419141261], [-2.55726889438199, 53.5312570226344], [-2.55685703983851, 53.5315013613454], [-2.55594846102512, 53.5313568378251], [-2.55547564531396, 53.5325194651202], [-2.55482238458371, 53.5324338136816], [-2.55517357438164, 53.5329454823118], [-2.55490785640619, 53.5334446862264], [-2.55444783566859, 53.533406934504], [-2.55405227950915, 53.5345403814211], [-2.55452825759214, 53.5349427205689], [-2.55370111271437, 53.5361878899], [-2.55151741694183, 53.5359229424023], [-2.55107199022338, 53.5351996494238], [-2.55057268489346, 53.5350868441941], [-2.5503793363177, 53.5354194099203], [-2.55006280718541, 53.5348590640209], [-2.54942402938724, 53.5349357832164], [-2.54914210286573, 53.534481310266], [-2.54521505248682, 53.5334467902225], [-2.54531022126188, 53.5329833979729], [-2.54378104795183, 53.5325643544887], [-2.54249555201038, 53.5305496259482], [-2.54162659024982, 53.5304321758481], [-2.54152151335172, 53.5307068146463], [-2.5407070630781, 53.5296561892753], [-2.53973922502464, 53.5294789674358], [-2.53980162734128, 53.5289294641844], [-2.53854840926228, 53.5285998662872], [-2.53864803971441, 53.5282479762134], [-2.53820668054184, 53.5284189948227], [-2.53724688494251, 53.528157250585], [-2.53734093195902, 53.5278350400424], [-2.53653800629709, 53.5278099022344], [-2.53621344595422, 53.5275497819058], [-2.53670079400629, 53.5270819375613], [-2.53610074680788, 53.5268707725462], [-2.53597283156664, 53.5261783532551], [-2.53531962977153, 53.5261785931745], [-2.53461699411242, 53.5246483042325], [-2.53500959599401, 53.5242033594235], [-2.53375981571958, 53.52401577222], [-2.53374718087245, 53.5230144453729], [-2.53239361539955, 53.5232137906449], [-2.53227490801707, 53.5228826537455], [-2.53167685603346, 53.5233095481379], [-2.53124192903142, 53.5232683566833], [-2.53132085785757, 53.5229480181993], [-2.52891858533123, 53.5231042275897]]]}, "properties": {"WD24CD": "E05014999"}}, {"type": "Feature", "geometry": {"type": "Polygon", "coordinates": [[[-2.58520958291152, 53.5472444048181], [-2.58562877181173, 53.5467839725353], [-2.58317107877161, 53.546067968304], [-2.58380634114763, 53.5454131984863], [-2.58420860330362, 53.5456915922734], [-2.58635905720156, 53.5445925690502], [-2.58458895012559, 53.5436179207992], [-2.57899516302912, 53.5418726190249], [-2.58810269408986, 53.5401885797176], [-2.59322343147364, 53.5385273262797], [-2.59292699550731, 53.5381468042025], [-2.60171765736432, 53.5355985751203], [-2.60219066566333, 53.5357031166043], [-2.60281157774752, 53.5353563839664], [-2.60569692488898, 53.5348907459517], [-2.60650661579507, 53.5344354470581], [-2.60681762632325, 53.5334963557866], [-2.61038271185281, 53.5322305577635], [-2.60983944133463, 53.5313784928205], [-2.61072403118677, 53.5301935136667], [-2.61334407175273, 53.5293599020225], [-2.61388067579317, 53.5297002864205], [-2.61463871637421, 53.5292528124041], [-2.61451457942274, 53.5289622204449], [-2.61635884528721, 53.5285832590165], [-2.6206162561357, 53.5336326945051], [-2.62280052324248, 53.5333322130535], [-2.62292364015148, 53.5343772435186], [-2.6214783262365, 53.5346361472359], [-2.62596404492023, 53.5396506716332], [-2.62718249955131, 53.5407228250068], [-2.63000925103322, 53.5421676302885], [-2.62824698590248, 53.5442335204765], [-2.62675264178116, 53.5441119209098], [-2.6268223712631, 53.5451514729713], [-2.62152803422602, 53.5474147304808], [-2.61958557132638, 53.5493771039029], [-2.61681520221047, 53.5489060876649], [-2.61374237333409, 53.5495313787918], [-2.61361419657122, 53.5493334537997], [-2.61248664857921, 53.5494291165588], [-2.61208568363536, 53.5482132456128], [-2.60545352319593, 53.5505984653724], [-2.60407144423664, 53.5501021985811], [-2.59979048976513, 53.5516536397557], [-2.59323999926216, 53.5559602781686], [-2.59159363213586, 53.5558875957577], [-2.58822232288257, 53.5547636464], [-2.58957695310526, 53.5539381730872], [-2.58566580990728, 53.5530523296198], [-2.58715522454126, 53.5511799233502], [-2.58780788766895, 53.5482932274356], [-2.58578511108795, 53.5477225075555], [-2.58520958291152, 53.5472444048181]]]}, "properties": {"WD24CD": "E05015000"}}, {"type": "Feature", "geometry": {"type": "Polygon", "coordinates": [[[-2.47480555362708, 53.4930162354227], [-2.47747312036538, 53.4925831326352], [-2.48627724892787, 53.4935147043486], [-2.48911842583576, 53.4942967351842], [-2.49465926514998, 53.4951979117364], [-2.49791758567731, 53.4922605845031], [-2.4990441783154, 53.4921131746647], [-2.49917644152348, 53.4916946770912], [-2.50383515987456, 53.4916763374877], [-2.50854300509382, 53.4929184132636], [-2.5153913434914, 53.4928197299611], [-2.5222866151196, 53.4942495184931], [-2.52600695065908, 53.4946313349754], [-2.52897919849284, 53.4954640508922], [-2.52897973989875, 53.4954643136579], [-2.52261293797673, 53.5043156599937], [-2.52127656421201, 53.504054371966], [-2.5181029943087, 53.5044340403776], [-2.5180652391026, 53.502329010116], [-2.51885753040566, 53.5002419572005], [-2.51836307556384, 53.5001956955298], [-2.51828442543558, 53.5004838093022], [-2.5170737098205, 53.5002672844656], [-2.51689004445602, 53.5004903410107], [-2.51573772997478, 53.5003029344739], [-2.51536190480771, 53.5005185226106], [-2.51219014745433, 53.5000272508446], [-2.50946771246593, 53.5000212484296], [-2.50931831305612, 53.5003351858939], [-2.50689006667731, 53.4999348576427], [-2.50723051249716, 53.4995475258869], [-2.50682002496075, 53.4993851700347], [-2.48833750536116, 53.5087655394332], [-2.48488643102998, 53.5100703453812], [-2.47798587379936, 53.511217739042], [-2.47796508949901, 53.5085604740436], [-2.47379828396016, 53.5070211627142], [-2.47207508596623, 53.5059564922357], [-2.47155666939127, 53.5055738469504], [-2.47177959992297, 53.5040565480758], [-2.46967274043184, 53.5040046653404], [-2.46938965265281, 53.5030799359107], [-2.47073590814664, 53.5018494487835], [-2.46832188748158, 53.4996351550907], [-2.46761867716229, 53.499425753405], [-2.46857313502999, 53.4987613387399], [-2.47135203108321, 53.4980070391017], [-2.47104526320341, 53.4963031244422], [-2.4732151871609, 53.4961039275758], [-2.47267547788886, 53.4951496701266], [-2.47329610005122, 53.4951121605392], [-2.47379849984562, 53.4932968985774], [-2.47480555362708, 53.4930162354227]]]}, "properties": {"WD24CD": "E05015001"}}, {"type": "Feature", "geometry": {"type": "Polygon", "coordinates": [[[-2.47480555362708, 53.4930162354227], [-2.47420510388872, 53.4911350921087], [-2.47013629455119, 53.4913406469975], [-2.46777051001845, 53.4910857633686], [-2.47738658686856, 53.486501621278], [-2.48177244151306, 53.4847995000135], [-2.48831922603774, 53.4828699309727], [-2.49647259167663, 53.4811401097963], [-2.4963344588829, 53.4809294210487], [-2.50270487322678, 53.4797269874784], [-2.53644594124516, 53.4715040509516], [-2.53337761209913, 53.4900521258791], [-2.53245685767575, 53.4916247629488], [-2.52897919849284, 53.4954640508922], [-2.52600695065908, 53.4946313349754], [-2.5222866151196, 53.4942495184931], [-2.5153913434914, 53.4928197299611], [-2.50854300509382, 53.4929184132636], [-2.50383515987456, 53.4916763374877], [-2.49917644152348, 53.4916946770912], [-2.4990441783154, 53.4921131746647], [-2.49791758567731, 53.4922605845031], [-2.49465926514998, 53.4951979117364], [-2.48911842583576, 53.4942967351842], [-2.48627724892787, 53.4935147043486], [-2.47747312036538, 53.4925831326352], [-2.47480555362708, 53.4930162354227]]]}, "properties": {"WD24CD": "E05015002"}}, {"type": "Feature", "geometry": {"type": "Polygon", "coordinates": [[[-2.52690736360743, 53.5199703452119], [-2.52517472561292, 53.519932928028], [-2.52538285690765, 53.5193831225842], [-2.52191547717964, 53.5183574451739], [-2.51590189206749, 53.5136348749725], [-2.52261293797673, 53.5043156599937], [-2.52897973989875, 53.4954643136579], [-2.53107582758921, 53.4958187574255], [-2.53302766833273, 53.4957947677199], [-2.53745059889908, 53.4935564893376], [-2.54171217615127, 53.4932306883087], [-2.54722140002338, 53.4916001650404], [-2.55414808823348, 53.4915493236243], [-2.55754357044978, 53.4925608832968], [-2.56079865325018, 53.4936565818135], [-2.56915563784417, 53.493124493449], [-2.57752967473175, 53.4949683040689], [-2.58241646397942, 53.4967260305268], [-2.58760399986036, 53.4989370194574], [-2.58243485326221, 53.5014773466148], [-2.58205162371259, 53.5012320114408], [-2.58084443124801, 53.5014788119345], [-2.57799466795349, 53.5012310720634], [-2.57778796301901, 53.5017704268924], [-2.57296803065636, 53.499866532834], [-2.57149340362543, 53.4989450815516], [-2.56763207350797, 53.4991316435019], [-2.56629588629837, 53.4995406619402], [-2.56514091804689, 53.5019012111375], [-2.56298756041074, 53.5044812401838], [-2.56265318482921, 53.5064315401127], [-2.56320959732982, 53.5077960531003], [-2.5617912071378, 53.5086200383444], [-2.55900987838348, 53.5113668128655], [-2.55795286773053, 53.5110603064008], [-2.55557868823342, 53.5125149187341], [-2.55394777168985, 53.5130385080613], [-2.55150706055226, 53.5126363873247], [-2.55136275015976, 53.5130217444319], [-2.54846455741592, 53.5131064777789], [-2.54812326226181, 53.5126974078845], [-2.54724352806388, 53.5126002960821], [-2.54633457747006, 53.5135174939998], [-2.54659489306144, 53.5137469871958], [-2.54551024104176, 53.5141921118394], [-2.54583554571936, 53.5148290512999], [-2.54520425894196, 53.514891492224], [-2.54605092812899, 53.5168865679064], [-2.54517434975596, 53.5169331989415], [-2.5452705552792, 53.5174334976178], [-2.54441798801156, 53.5176172127302], [-2.54136367317228, 53.5178944275907], [-2.54122592407098, 53.5191516403773], [-2.54073450049025, 53.5191727428273], [-2.54215489347794, 53.5201325769072], [-2.54183775697511, 53.5202895292596], [-2.52690736360743, 53.5199703452119]]]}, "properties": {"WD24CD": "E05015003"}}, {"type": "Feature", "geometry": {"type": "Polygon", "coordinates": [[[-2.52897973989875, 53.4954643136579], [-2.52897919849284, 53.4954640508922], [-2.53245685767575, 53.4916247629488], [-2.53337761209913, 53.4900521258791], [-2.53644594124516, 53.4715040509516], [-2.55048457187206, 53.4680615605787], [-2.55263854410147, 53.4678134060186], [-2.54908962869768, 53.4615115557556], [-2.57032006670683, 53.4585336791558], [-2.57050501450425, 53.4567695412238], [-2.57350009422043, 53.4515809324355], [-2.57447243118627, 53.4480908199689], [-2.57666478059629, 53.4460852723695], [-2.57882619452482, 53.4475125167347], [-2.5823199551422, 53.4482099348446], [-2.58332834839096, 53.4489714586888], [-2.58380737014994, 53.4518088331065], [-2.58467093434059, 53.4522463902118], [-2.5830794674477, 53.453359205244], [-2.5842007219927, 53.4541157648733], [-2.58667915086292, 53.4552446067839], [-2.58837554188042, 53.455558407369], [-2.5886587409604, 53.4561524948077], [-2.5932689632845, 53.4557883950735], [-2.5969290962343, 53.4568367267865], [-2.5991402570912, 53.4587471133027], [-2.59956978381484, 53.4601582968306], [-2.59911845427258, 53.4606858442408], [-2.59923424653664, 53.4610688889711], [-2.59971900513336, 53.4610683959815], [-2.59716797051905, 53.4688242889884], [-2.58781081802306, 53.4678502620979], [-2.58843000818636, 53.469248650187], [-2.58544645688878, 53.4697827041343], [-2.58508047739652, 53.4710705902556], [-2.58405376688052, 53.4710248279744], [-2.58439368842775, 53.4719296792724], [-2.58172949261415, 53.4738225180607], [-2.58205952891266, 53.4739525638892], [-2.58134050215908, 53.4744763113603], [-2.58121352806763, 53.4751728264949], [-2.58040031885554, 53.4756544939223], [-2.58000081092592, 53.4753935234207], [-2.57720979161451, 53.4767877314611], [-2.57589601054466, 53.4776267611708], [-2.57618220119773, 53.4779683483617], [-2.57553347236851, 53.4779361660017], [-2.57504804974359, 53.4785436131162], [-2.5744844166159, 53.4784646553591], [-2.57167663448278, 53.4796644570045], [-2.57111306751714, 53.4794371929773], [-2.57139992332161, 53.4802409546049], [-2.56826542959883, 53.4810890495446], [-2.56634547786273, 53.4821407537949], [-2.56602063350509, 53.4853772524209], [-2.56689753744914, 53.4878286489353], [-2.56603604347788, 53.4892545723314], [-2.56396198163535, 53.4902234305766], [-2.55983238382236, 53.4906604776951], [-2.55754357044978, 53.4925608832968], [-2.55414808823348, 53.4915493236243], [-2.54722140002338, 53.4916001650404], [-2.54171217615127, 53.4932306883087], [-2.53745059889908, 53.4935564893376], [-2.53302766833273, 53.4957947677199], [-2.53107582758921, 53.4958187574255], [-2.52897973989875, 53.4954643136579]]]}, "properties": {"WD24CD": "E05015004"}}, {"type": "Feature", "geometry": {"type": "Polygon", "coordinates": [[[-2.70146021878683, 53.5609358577913], [-2.70238490990823, 53.5577808122724], [-2.70234934895246, 53.5545397764608], [-2.70153181647077, 53.5520178792802], [-2.69853768658549, 53.5466313844906], [-2.69716482227443, 53.5414233984211], [-2.69726111668493, 53.5375415267252], [-2.69834568201515, 53.5328395832002], [-2.69849430336289, 53.5287596720374], [-2.69803507242156, 53.5261466824917], [-2.69604279461774, 53.5201906910663], [-2.69449039167286, 53.5176756818132], [-2.69206794430574, 53.5155234368496], [-2.68915120674765, 53.5138441486395], [-2.68528331974859, 53.5124586877016], [-2.68127562233972, 53.5116429877293], [-2.68146522063266, 53.5106819366997], [-2.68574742088045, 53.5102852841368], [-2.68148265494426, 53.5069758731594], [-2.68097904338707, 53.503876008516], [-2.67984384310619, 53.5038931517868], [-2.6798019639493, 53.5030546943779], [-2.67942583525867, 53.5030857909663], [-2.67915872425877, 53.5020392279219], [-2.67946016681319, 53.5015365051518], [-2.68038456174196, 53.5012383460474], [-2.6802304310935, 53.4995160763038], [-2.68185558204479, 53.4999790246815], [-2.68188195579834, 53.5003977032895], [-2.68256919027056, 53.5002886515722], [-2.68346983768374, 53.5009189455221], [-2.68502359512225, 53.5010711319738], [-2.68598637868011, 53.5008406358833], [-2.68837878542643, 53.5014928437187], [-2.69029753346541, 53.5012906945387], [-2.69116303953761, 53.5018363276194], [-2.69294703712123, 53.5022079263526], [-2.69631915338861, 53.5022637617089], [-2.69676874074435, 53.5018423726916], [-2.6989618030454, 53.5020124955901], [-2.69916009027832, 53.5030939967662], [-2.70075596550253, 53.504592026886], [-2.70324040611449, 53.5039667702444], [-2.70385360546079, 53.5051040715453], [-2.70547801842094, 53.5047860170573], [-2.7060157482081, 53.5054068259721], [-2.70557161550628, 53.5056090809053], [-2.70581748554402, 53.5058330619952], [-2.70627713934696, 53.5056483320208], [-2.70705846619329, 53.5066171716621], [-2.70855380737587, 53.5133726099294], [-2.71001428642556, 53.514579581894], [-2.71448072710481, 53.5124471481854], [-2.71501922974979, 53.5110136554157], [-2.71554576440727, 53.5106802649614], [-2.71747743831694, 53.5109318901058], [-2.71825182939462, 53.5115693968871], [-2.71927465410012, 53.5117913843591], [-2.71963174450022, 53.5112220501802], [-2.72045150403255, 53.5115362146067], [-2.72104585414432, 53.5110605470651], [-2.72202890480143, 53.5109028880892], [-2.72297042228153, 53.5099973415496], [-2.72360482211451, 53.5103179978727], [-2.72324094976703, 53.5111143511867], [-2.72355021139269, 53.5118042521749], [-2.72679826139364, 53.51484135748], [-2.72730167183286, 53.5178115894047], [-2.72830185010337, 53.5181175061337], [-2.73041764234419, 53.5205813695297], [-2.72633425655747, 53.5237006788932], [-2.72490243789339, 53.5243949282204], [-2.72074410936988, 53.5250898763132], [-2.71972345144843, 53.5256295864203], [-2.71875607417661, 53.5269217705421], [-2.71783520038214, 53.5273092243661], [-2.71811153099995, 53.5287533988528], [-2.71723097381187, 53.5295838357559], [-2.7167244852621, 53.5324241449052], [-2.71704174645352, 53.5328968490262], [-2.71625640999378, 53.5338332217055], [-2.71699315106782, 53.5342189223773], [-2.7161795484498, 53.5350911910787], [-2.71639839926935, 53.537690294318], [-2.71454176093365, 53.5380514836997], [-2.71452753541025, 53.5383270697492], [-2.71584977523596, 53.5393380414288], [-2.71601926907855, 53.5405756617672], [-2.71674847918668, 53.5406423146244], [-2.71855035626915, 53.543550125358], [-2.71766974585631, 53.5444042805575], [-2.71785195792905, 53.5446579259737], [-2.71699005110951, 53.5449594348649], [-2.71484334084814, 53.546961865233], [-2.71323046898445, 53.547871129437], [-2.71271577857232, 53.548822299566], [-2.71087217768932, 53.549689631729], [-2.71014625214858, 53.5507735064903], [-2.71026311340342, 53.5530657758695], [-2.70918602386051, 53.554283819029], [-2.70777779379341, 53.5546498649817], [-2.70708016001388, 53.5571734713033], [-2.70596326948631, 53.5580007361801], [-2.7056442426679, 53.5588835145185], [-2.70481914779262, 53.5591921844042], [-2.70531885764011, 53.5611973015382], [-2.70473810083237, 53.5618604777489], [-2.70391929645852, 53.5612836963611], [-2.70146021878683, 53.5609358577913]]]}, "properties": {"WD24CD": "E05015005"}}, {"type": "Feature", "geometry": {"type": "Polygon", "coordinates": [[[-2.6754613817206, 53.5569421480714], [-2.66179756620678, 53.5542767602851], [-2.66208266932933, 53.5529098662911], [-2.66153765293247, 53.5523241147894], [-2.65582833795905, 53.5496319109499], [-2.65633416126205, 53.5486709797165], [-2.6562938677152, 53.5475287337021], [-2.65591288556543, 53.547483191346], [-2.65621399049233, 53.5471426871237], [-2.65693993908641, 53.5467558260983], [-2.65876580892779, 53.5465417465057], [-2.65890936298124, 53.5469401120156], [-2.66082122454264, 53.5473106908898], [-2.66206907836893, 53.5469038496815], [-2.66484326679802, 53.546826418561], [-2.66579458215014, 53.546088612663], [-2.66574509500042, 53.5449554051458], [-2.66831188748787, 53.543495842065], [-2.66892032423582, 53.5415491298013], [-2.66957896152773, 53.5412587234891], [-2.66997520517691, 53.5402141171216], [-2.67180822561561, 53.5402553400244], [-2.67157407308809, 53.5398838669018], [-2.67329001290141, 53.5390906125636], [-2.67406387237129, 53.5394601713759], [-2.6761700960249, 53.5391570859447], [-2.67576354400349, 53.5384547002763], [-2.67761869768804, 53.5384981521351], [-2.67765778803935, 53.5381096498819], [-2.6773089816486, 53.5380963436722], [-2.67774833433692, 53.537546439612], [-2.67580733462761, 53.5375079669457], [-2.67567497399229, 53.5368669374992], [-2.67637899919932, 53.5363595793786], [-2.67560071713285, 53.5361869418065], [-2.67584711616922, 53.5354565256518], [-2.67527327864908, 53.534949267071], [-2.67645741936426, 53.5344553785198], [-2.67590081749319, 53.5339911579256], [-2.67642081545913, 53.5337733729867], [-2.67392885320283, 53.5316130673679], [-2.67388216085519, 53.5310452364748], [-2.67287944284806, 53.5310832160344], [-2.67230278477175, 53.5302973030921], [-2.68419870352672, 53.5307900314702], [-2.6853700091811, 53.5312956341316], [-2.68866066839552, 53.5315913760932], [-2.69210947547095, 53.532795771718], [-2.69489795287436, 53.5332866338085], [-2.69668593144135, 53.5333804956573], [-2.69834568201515, 53.5328395832002], [-2.69726111668493, 53.5375415267252], [-2.69716482227443, 53.5414233984211], [-2.69853768658549, 53.5466313844906], [-2.70153181647077, 53.5520178792802], [-2.70234934895246, 53.5545397764608], [-2.70238490990823, 53.5577808122724], [-2.70146021878683, 53.5609358577913], [-2.69966230331759, 53.561126165197], [-2.69287378170264, 53.5592248025], [-2.6754613817206, 53.5569421480714]]]}, "properties": {"WD24CD": "E05015006"}}, {"type": "Feature", "geometry": {"type": "Polygon", "coordinates": [[[-2.65382363549493, 53.5674536749717], [-2.65278993365339, 53.5653316708491], [-2.6521055752416, 53.5649156516609], [-2.65270928046613, 53.5637213650707], [-2.65462547999597, 53.563439464778], [-2.65488063525444, 53.5630497872985], [-2.65770426990878, 53.5623907722965], [-2.6610686060759, 53.5610716523975], [-2.66410652241298, 53.5604229837153], [-2.6650719277581, 53.5594045494218], [-2.66473707534399, 53.5588464821249], [-2.6650685982427, 53.5585165656414], [-2.66434746179498, 53.5581609426803], [-2.66479562799504, 53.5574744532524], [-2.66785065906801, 53.5585038126962], [-2.67005369989226, 53.5585391587048], [-2.670405459936, 53.5590207349269], [-2.67311827503138, 53.5599691296287], [-2.67459868329956, 53.5596507076885], [-2.67526434798659, 53.5586950658508], [-2.67604067068211, 53.5583356588525], [-2.67536242540595, 53.5577399365552], [-2.6754613817206, 53.5569421480714], [-2.69287378170264, 53.5592248025], [-2.69966230331759, 53.561126165197], [-2.70146021878683, 53.5609358577913], [-2.70391929645852, 53.5612836963611], [-2.70473810083237, 53.5618604777489], [-2.7042137001026, 53.5626501148945], [-2.70520748490705, 53.5634846684556], [-2.70793422728653, 53.5642111452795], [-2.70951955211358, 53.5640318564575], [-2.71126970183046, 53.5647675311712], [-2.71104366382905, 53.5656983099406], [-2.71259414797096, 53.5674895786395], [-2.71239081773182, 53.5683258633692], [-2.71430678410676, 53.5687656666864], [-2.71565900336526, 53.5702434573184], [-2.71577247493121, 53.5710580861656], [-2.71638823755863, 53.5713060207564], [-2.71763105509911, 53.5727404055291], [-2.71560619206833, 53.5750769277304], [-2.71767911702758, 53.5760227153964], [-2.71922262231971, 53.5761141804378], [-2.71776376967198, 53.577007341342], [-2.71699569126699, 53.5780304078875], [-2.71642900379513, 53.5775681427596], [-2.71480209572855, 53.5783527190625], [-2.71449727507159, 53.5789972150935], [-2.71494365491922, 53.5806556136325], [-2.71437481980478, 53.5816782883173], [-2.71164501241535, 53.5828253395377], [-2.71034358999972, 53.585117030067], [-2.70912396049342, 53.5858064746011], [-2.70819941722712, 53.5858956076085], [-2.70753581976616, 53.5866796937752], [-2.70599473560371, 53.5866654314192], [-2.70469204173651, 53.5870928446885], [-2.70276100493199, 53.587246270081], [-2.70251424652738, 53.5888539679569], [-2.70173487307878, 53.5894104630704], [-2.70281293151608, 53.5898301593973], [-2.70140439300045, 53.5906213796618], [-2.69990819963983, 53.5907765927307], [-2.70006962363831, 53.5912133599765], [-2.69818155939747, 53.5913331875337], [-2.69644576742637, 53.5901450816755], [-2.69415025438187, 53.5893646499139], [-2.6933090298715, 53.5894747413824], [-2.69365871590647, 53.5918223065929], [-2.6921399149517, 53.5979990498387], [-2.69048507574647, 53.6023559016459], [-2.67992837419609, 53.60152505244], [-2.67975240422261, 53.5998171646691], [-2.68192995397726, 53.5971354152931], [-2.67923428894586, 53.596564293852], [-2.6797095637749, 53.5963614272608], [-2.67949259439124, 53.5957302141625], [-2.6813269098054, 53.5951100057826], [-2.67812189875342, 53.5921373283878], [-2.68249349851473, 53.5897551515484], [-2.68398390266423, 53.5881390992869], [-2.68308458740979, 53.5877032659562], [-2.683692134213, 53.5871196779351], [-2.6825000693786, 53.5866833068553], [-2.68330757948447, 53.5859543100188], [-2.68166048396715, 53.5853320021186], [-2.68367666778917, 53.5837107222483], [-2.68123762153637, 53.5827171141196], [-2.68043598662415, 53.5816518221009], [-2.68136228788028, 53.5802847798429], [-2.68160672595748, 53.578379941819], [-2.68042065565652, 53.5775413688417], [-2.68045630947004, 53.576741620147], [-2.67884701734139, 53.5749421078367], [-2.68011964905402, 53.5732448475694], [-2.68008638821405, 53.5720835132556], [-2.68073347000245, 53.5719329709545], [-2.6804100927127, 53.5705552700397], [-2.67843598463676, 53.5707769062569], [-2.67424041991474, 53.5705506324979], [-2.66961398335354, 53.5682799285094], [-2.667973505374, 53.5685192004944], [-2.66535799549686, 53.5713039711865], [-2.66361955591552, 53.5722466223979], [-2.66273560042214, 53.5718200787554], [-2.66132561739659, 53.5716570256714], [-2.65986661154859, 53.5703823683259], [-2.66024293530015, 53.570010879666], [-2.65926741142891, 53.569326821153], [-2.65747808432997, 53.5689411503351], [-2.65711012081186, 53.56818895648], [-2.6550949720546, 53.5677433800307], [-2.65410495055386, 53.5671923536545], [-2.65382363549493, 53.5674536749717]]]}, "properties": {"WD24CD": "E05015007"}}, {"type": "Feature", "geometry": {"type": "Polygon", "coordinates": [[[-2.65937035040167, 53.6036477513567], [-2.6588334022343, 53.6013765875034], [-2.65958024585057, 53.6011135996643], [-2.65830925632341, 53.6008086636243], [-2.65786289645797, 53.6003868761189], [-2.65751670964012, 53.598719602871], [-2.65792346269078, 53.598445007427], [-2.65589406930705, 53.5973657306874], [-2.65331211730629, 53.5974895198392], [-2.65301673736867, 53.5960663796113], [-2.64933908452688, 53.5965582649152], [-2.64542545853056, 53.5978404634819], [-2.64371732253977, 53.5971951707722], [-2.64395064103327, 53.5962420242744], [-2.64295270272555, 53.5947022104633], [-2.64309817190756, 53.5934349310899], [-2.6425230110668, 53.5926695180603], [-2.64164133952738, 53.592515176212], [-2.64136727772535, 53.5916743735979], [-2.63982845868802, 53.5903171417755], [-2.6399440735696, 53.5897736758211], [-2.63929963683577, 53.589809457615], [-2.638507393519, 53.5879619963818], [-2.63908300971465, 53.587469012908], [-2.6380745610975, 53.5870097030788], [-2.63795472914385, 53.5863712476414], [-2.6373826964138, 53.586306889289], [-2.63712287904144, 53.5853032621458], [-2.63773319021381, 53.584899152508], [-2.63705277660864, 53.5834466556256], [-2.63735944522029, 53.5828445778205], [-2.63702225317612, 53.5820193773754], [-2.6347445088473, 53.5815154558158], [-2.63468973489298, 53.5795688198207], [-2.63598460058088, 53.5783970110875], [-2.6347758657788, 53.5773517641255], [-2.63509135290034, 53.5769402396517], [-2.63478966390215, 53.5761597748835], [-2.63355514617009, 53.5752989838812], [-2.6339045116752, 53.5740600652305], [-2.63551892215562, 53.5753326108224], [-2.6356116543299, 53.5751066741623], [-2.63685560229904, 53.5750405793827], [-2.63868502334711, 53.5736762063606], [-2.63944410965486, 53.5723409628813], [-2.63988458095485, 53.5725031511458], [-2.64024621076404, 53.5665480183299], [-2.64351495485574, 53.5665359257518], [-2.64429412477669, 53.5670341504814], [-2.64622362327631, 53.5657321349285], [-2.64742025582945, 53.5654893524199], [-2.64952458967497, 53.5674392681754], [-2.65210934219995, 53.5684023183043], [-2.65382363549493, 53.5674536749717], [-2.65410495055386, 53.5671923536545], [-2.6550949720546, 53.5677433800307], [-2.65711012081186, 53.56818895648], [-2.65747808432997, 53.5689411503351], [-2.65926741142891, 53.569326821153], [-2.66024293530015, 53.570010879666], [-2.65986661154859, 53.5703823683259], [-2.66132561739659, 53.5716570256714], [-2.66273560042214, 53.5718200787554], [-2.66361955591552, 53.5722466223979], [-2.66535799549686, 53.5713039711865], [-2.667973505374, 53.5685192004944], [-2.66961398335354, 53.5682799285094], [-2.67424041991474, 53.5705506324979], [-2.67843598463676, 53.5707769062569], [-2.6804100927127, 53.5705552700397], [-2.68073347000245, 53.5719329709545], [-2.68008638821405, 53.5720835132556], [-2.68011964905402, 53.5732448475694], [-2.67884701734139, 53.5749421078367], [-2.68045630947004, 53.576741620147], [-2.68042065565652, 53.5775413688417], [-2.68160672595748, 53.578379941819], [-2.68136228788028, 53.5802847798429], [-2.68043598662415, 53.5816518221009], [-2.68123762153637, 53.5827171141196], [-2.68367666778917, 53.5837107222483], [-2.68166048396715, 53.5853320021186], [-2.68330757948447, 53.5859543100188], [-2.6825000693786, 53.5866833068553], [-2.683692134213, 53.5871196779351], [-2.68308458740979, 53.5877032659562], [-2.68398390266423, 53.5881390992869], [-2.68249349851473, 53.5897551515484], [-2.67812189875342, 53.5921373283878], [-2.6813269098054, 53.5951100057826], [-2.67949259439124, 53.5957302141625], [-2.6797095637749, 53.5963614272608], [-2.67923428894586, 53.596564293852], [-2.68192995397726, 53.5971354152931], [-2.67975240422261, 53.5998171646691], [-2.67992837419609, 53.60152505244], [-2.69048507574647, 53.6023559016459], [-2.68945573934377, 53.6042795350633], [-2.688069024133, 53.6041320169067], [-2.68645067071225, 53.6031653298816], [-2.68552805561631, 53.6032140874201], [-2.68405821525736, 53.6038556863588], [-2.68324734366565, 53.6036158179883], [-2.68007413320925, 53.6041009810754], [-2.67904083561822, 53.6044276358394], [-2.67903567345625, 53.6046807834233], [-2.6779838214636, 53.6046425982104], [-2.67774869855091, 53.6049752459916], [-2.67627643758194, 53.6048161866004], [-2.67553863142906, 53.6050721140451], [-2.67315923376312, 53.6047563255212], [-2.67170031187921, 53.6051130814678], [-2.66995485850554, 53.6050380515979], [-2.66966339076587, 53.6045386788705], [-2.66795635180928, 53.6043236572357], [-2.66667082791759, 53.6035422237294], [-2.66521901735931, 53.6034860931341], [-2.66494533600588, 53.6032453640385], [-2.6639239928998, 53.6035115044854], [-2.66099939709332, 53.6033034552942], [-2.65937035040167, 53.6036477513567]]]}, "properties": {"WD24CD": "E05015008"}}, {"type": "Feature", "geometry": {"type": "Polygon", "coordinates": [[[-2.4541130617134, 53.526222023571], [-2.44642945318408, 53.5247004046863], [-2.42719709483544, 53.5215596893317], [-2.42163691605794, 53.5199278653077], [-2.41827180479178, 53.5181198529143], [-2.41453919482293, 53.5148934289638], [-2.41575748270203, 53.5134780923186], [-2.41534848196211, 53.5120449283123], [-2.41945570769153, 53.5121573383202], [-2.41871432599954, 53.5103641181508], [-2.42228919259603, 53.5091174467788], [-2.42136909673735, 53.5083170802111], [-2.42226155759398, 53.5075499438879], [-2.42050647874144, 53.5067902486389], [-2.42691516192927, 53.5056539074095], [-2.43043076388213, 53.5046963344373], [-2.44025810959232, 53.5020961246947], [-2.44237675990423, 53.503427906418], [-2.4410954873473, 53.5042270413254], [-2.44192542806047, 53.5047885660534], [-2.44240598236621, 53.5067687558574], [-2.44149586065062, 53.5066787335481], [-2.44062694045608, 53.5086288999815], [-2.44085294557521, 53.5094166899519], [-2.44258567490562, 53.509537278583], [-2.44166154357588, 53.5105036987801], [-2.44202837783179, 53.5125489107255], [-2.46531702178321, 53.5128380503005], [-2.4730835128635, 53.5120307592124], [-2.47798587379936, 53.511217739042], [-2.48488643102998, 53.5100703453812], [-2.48833750536116, 53.5087655394332], [-2.48845191952052, 53.5107767952134], [-2.4898566261522, 53.5124168404278], [-2.48907024875181, 53.5132713289203], [-2.48846661697636, 53.5150525099593], [-2.47729545023697, 53.5127202811201], [-2.47665521621335, 53.5128393794996], [-2.47775986954753, 53.5146329289384], [-2.47578474170713, 53.5147706866205], [-2.47541439403064, 53.5151916922297], [-2.47454113671093, 53.5151005178431], [-2.47402351177423, 53.5163148347804], [-2.47443020430494, 53.5179051718006], [-2.47205347347643, 53.5197550964337], [-2.47247020655807, 53.5204863786566], [-2.47191281120231, 53.5209249878042], [-2.47185375376315, 53.5218250758012], [-2.4724641248365, 53.523318959791], [-2.47229324801762, 53.5244887371378], [-2.47043528187311, 53.5252439502734], [-2.47105058034705, 53.5263851216979], [-2.4709247839358, 53.5270786313215], [-2.47155089673672, 53.5277100203904], [-2.47141571537224, 53.5282510330899], [-2.47191673017292, 53.5286599114374], [-2.46612444296457, 53.5282069395678], [-2.4541130617134, 53.526222023571]]]}, "properties": {"WD24CD": "E05015009"}}, {"type": "Feature", "geometry": {"type": "Polygon", "coordinates": [[[-2.6339045116752, 53.5740600652305], [-2.63459063712539, 53.5731073166029], [-2.63396310661919, 53.5725362724351], [-2.63432984460384, 53.5719559046788], [-2.63368478901735, 53.5712716066134], [-2.6339297198569, 53.5707255934145], [-2.63287081521087, 53.5697893810259], [-2.6330134851548, 53.5686636945194], [-2.63075851127517, 53.5681354226488], [-2.62921802723848, 53.5664523694843], [-2.62854449753927, 53.5648155547986], [-2.62914867961814, 53.5638663461971], [-2.6287560456889, 53.563046436549], [-2.62758248944706, 53.5626072525735], [-2.62536996083975, 53.5625060832172], [-2.62465575904293, 53.5620392928741], [-2.62463857955194, 53.5611302172391], [-2.62362445894526, 53.5606447706236], [-2.62348377086483, 53.5591894049244], [-2.62487924453994, 53.558357864574], [-2.62466159706993, 53.5578794839548], [-2.62437911615983, 53.5582252153373], [-2.62383919428918, 53.5581067043771], [-2.62099774376, 53.5586986034362], [-2.61978865583741, 53.5593772251969], [-2.61849695169886, 53.5593014293028], [-2.61558015854578, 53.5581255136437], [-2.61375189258163, 53.5550761942911], [-2.61958557132638, 53.5493771039029], [-2.62152803422602, 53.5474147304808], [-2.6268223712631, 53.5451514729713], [-2.62675264178116, 53.5441119209098], [-2.62824698590248, 53.5442335204765], [-2.63000925103322, 53.5421676302885], [-2.63570258802406, 53.5444554059995], [-2.63759883205889, 53.545611109491], [-2.63940772235446, 53.5474791083298], [-2.64021276646162, 53.5496203344937], [-2.64063205893539, 53.560500353515], [-2.64024621076404, 53.5665480183299], [-2.63988458095485, 53.5725031511458], [-2.63944410965486, 53.5723409628813], [-2.63868502334711, 53.5736762063606], [-2.63685560229904, 53.5750405793827], [-2.6356116543299, 53.5751066741623], [-2.63551892215562, 53.5753326108224], [-2.6339045116752, 53.5740600652305]]]}, "properties": {"WD24CD": "E05015010"}}, {"type": "Feature", "geometry": {"type": "Polygon", "coordinates": [[[-2.64024621076404, 53.5665480183299], [-2.64063205893539, 53.560500353515], [-2.64021276646162, 53.5496203344937], [-2.63940772235446, 53.5474791083298], [-2.63759883205889, 53.545611109491], [-2.64136937494109, 53.5462515559477], [-2.6543754134559, 53.5518177576216], [-2.66179756620678, 53.5542767602851], [-2.6754613817206, 53.5569421480714], [-2.67536242540595, 53.5577399365552], [-2.67604067068211, 53.5583356588525], [-2.67526434798659, 53.5586950658508], [-2.67459868329956, 53.5596507076885], [-2.67311827503138, 53.5599691296287], [-2.670405459936, 53.5590207349269], [-2.67005369989226, 53.5585391587048], [-2.66785065906801, 53.5585038126962], [-2.66479562799504, 53.5574744532524], [-2.66434746179498, 53.5581609426803], [-2.6650685982427, 53.5585165656414], [-2.66473707534399, 53.5588464821249], [-2.6650719277581, 53.5594045494218], [-2.66410652241298, 53.5604229837153], [-2.6610686060759, 53.5610716523975], [-2.65770426990878, 53.5623907722965], [-2.65488063525444, 53.5630497872985], [-2.65462547999597, 53.563439464778], [-2.65270928046613, 53.5637213650707], [-2.6521055752416, 53.5649156516609], [-2.65278993365339, 53.5653316708491], [-2.65382363549493, 53.5674536749717], [-2.65210934219995, 53.5684023183043], [-2.64952458967497, 53.5674392681754], [-2.64742025582945, 53.5654893524199], [-2.64622362327631, 53.5657321349285], [-2.64429412477669, 53.5670341504814], [-2.64351495485574, 53.5665359257518], [-2.64024621076404, 53.5665480183299]]]}, "properties": {"WD24CD": "E05015011"}}, {"type": "Feature", "geometry": {"type": "Polygon", "coordinates": [[[-2.67230278477175, 53.5302973030921], [-2.67075551337464, 53.5303959339615], [-2.67132200936723, 53.5299804013528], [-2.67026686961028, 53.5290492859852], [-2.66930627169774, 53.5294311407648], [-2.66615785291808, 53.5284685735413], [-2.66457989147238, 53.5284155419392], [-2.66306789304286, 53.5276094195328], [-2.66213065650959, 53.5276913421642], [-2.66115761515331, 53.5282220970284], [-2.66087308858181, 53.5276936405887], [-2.66017127649707, 53.5279169214966], [-2.66019471932905, 53.5272913846937], [-2.65969283300963, 53.5274182427495], [-2.65749475112983, 53.5256523649651], [-2.65497814769268, 53.5259079495941], [-2.65483738120457, 53.5249972789545], [-2.65263808750379, 53.5222497936763], [-2.6523407922224, 53.5140836040492], [-2.65303317782412, 53.5132151196708], [-2.65746194253465, 53.5118354494212], [-2.66048124818827, 53.510118157149], [-2.66255712417855, 53.5081499187942], [-2.66403869477727, 53.5057076428512], [-2.66723553695615, 53.5075531493641], [-2.6717513810482, 53.5093534526962], [-2.67665008342258, 53.5107523829902], [-2.68127562233972, 53.5116429877293], [-2.68528331974859, 53.5124586877016], [-2.68915120674765, 53.5138441486395], [-2.69206794430574, 53.5155234368496], [-2.69449039167286, 53.5176756818132], [-2.69604279461774, 53.5201906910663], [-2.69803507242156, 53.5261466824917], [-2.69849430336289, 53.5287596720374], [-2.69834568201515, 53.5328395832002], [-2.69668593144135, 53.5333804956573], [-2.69489795287436, 53.5332866338085], [-2.69210947547095, 53.532795771718], [-2.68866066839552, 53.5315913760932], [-2.6853700091811, 53.5312956341316], [-2.68419870352672, 53.5307900314702], [-2.67230278477175, 53.5302973030921]]]}, "properties": {"WD24CD": "E05015012"}}, {"type": "Feature", "geometry": {"type": "Polygon", "coordinates": [[[-2.62596404492023, 53.5396506716332], [-2.6214783262365, 53.5346361472359], [-2.62292364015148, 53.5343772435186], [-2.62280052324248, 53.5333322130535], [-2.6206162561357, 53.5336326945051], [-2.61635884528721, 53.5285832590165], [-2.61518632442421, 53.5264918509177], [-2.61592081908639, 53.5246067434494], [-2.61824283666414, 53.5223565814989], [-2.6280811197507, 53.5145480194214], [-2.62806412044497, 53.5154334965811], [-2.63340301660249, 53.5171651850244], [-2.63735875043497, 53.515135233308], [-2.64289013777259, 53.5162049184344], [-2.64441895168736, 53.5157759578598], [-2.64689064855434, 53.5156736329232], [-2.6523407922224, 53.5140836040492], [-2.65263808750379, 53.5222497936763], [-2.65483738120457, 53.5249972789545], [-2.65497814769268, 53.5259079495941], [-2.65749475112983, 53.5256523649651], [-2.65969283300963, 53.5274182427495], [-2.66019471932905, 53.5272913846937], [-2.66017127649707, 53.5279169214966], [-2.66087308858181, 53.5276936405887], [-2.66115761515331, 53.5282220970284], [-2.66213065650959, 53.5276913421642], [-2.66306789304286, 53.5276094195328], [-2.66457989147238, 53.5284155419392], [-2.66615785291808, 53.5284685735413], [-2.66930627169774, 53.5294311407648], [-2.67026686961028, 53.5290492859852], [-2.67132200936723, 53.5299804013528], [-2.67075551337464, 53.5303959339615], [-2.66739159677594, 53.5308335173515], [-2.66296097019956, 53.5319070146758], [-2.65352449648341, 53.5358525632846], [-2.65010091390889, 53.537918822338], [-2.64765652276289, 53.5409909112351], [-2.64585473558623, 53.5406923722239], [-2.64322808002945, 53.5389394073635], [-2.64253005545361, 53.5383759842512], [-2.64266997848402, 53.5380525494705], [-2.64098429208789, 53.5368382913884], [-2.64153119020248, 53.5363850712285], [-2.64101480480596, 53.535958145945], [-2.63916867011137, 53.5359033602421], [-2.63732584304984, 53.5349658543622], [-2.63277190018337, 53.5376776831979], [-2.63091126424419, 53.5381764772045], [-2.62959934593672, 53.5391514671139], [-2.62799901183571, 53.5389936862306], [-2.62596404492023, 53.5396506716332]]]}, "properties": {"WD24CD": "E05015013"}}, {"type": "Feature", "geometry": {"type": "Polygon", "coordinates": [[[-2.15547557128968, 53.3823345328314], [-2.14453985989069, 53.3801172755535], [-2.14699320954722, 53.3768909877822], [-2.14777290474029, 53.3766551819482], [-2.14812583082411, 53.3754923991563], [-2.14968087290634, 53.3749351565513], [-2.15031611044888, 53.3733580393244], [-2.14691790133442, 53.3730199336094], [-2.14652861245333, 53.3725645069818], [-2.14527268420945, 53.3723049077829], [-2.14612378552662, 53.3708239701272], [-2.14577636391689, 53.3707218524574], [-2.14678866200369, 53.3704214523646], [-2.14793294948029, 53.3705125169856], [-2.14793389798709, 53.369889610455], [-2.14593932642427, 53.3694094228671], [-2.14175430012076, 53.3677398326404], [-2.13902531020559, 53.3673170106985], [-2.13926516058315, 53.3666569854124], [-2.13771407799602, 53.366611154603], [-2.13948093542036, 53.3646154876637], [-2.13928995735531, 53.3636466667332], [-2.13969316999844, 53.3629010808996], [-2.13922762426579, 53.3615812304987], [-2.13987055658506, 53.3601548571086], [-2.1391686681789, 53.357766580455], [-2.138196731806, 53.3568913113947], [-2.1403272320754, 53.3550515393235], [-2.14253276678546, 53.3541895805722], [-2.15289338056107, 53.3563789050485], [-2.15785586077951, 53.357993034564], [-2.18233006239738, 53.3703982221763], [-2.18726810944525, 53.3731210170404], [-2.18586725088639, 53.3740257617544], [-2.18482768878191, 53.3734239048954], [-2.18346844264129, 53.373539348007], [-2.17982984354779, 53.3746716410487], [-2.17694912251616, 53.3761047102614], [-2.17565523192047, 53.3778045156617], [-2.18056623340379, 53.3800159074123], [-2.18116878311923, 53.3800390701164], [-2.18283393791228, 53.3810108218265], [-2.17636465412015, 53.3867206191551], [-2.17367445186803, 53.3869906546492], [-2.17131983422572, 53.3877032432833], [-2.16193050651654, 53.3842045642031], [-2.15547557128968, 53.3823345328314]]]}, "properties": {"WD24CD": "E05015014"}}, {"type": "Feature", "geometry": {"type": "Polygon", "coordinates": [[[-2.14253276678546, 53.3541895805722], [-2.1457335010373, 53.351728195106], [-2.14632602124817, 53.3518982904831], [-2.14716614626287, 53.3511287637323], [-2.14654630368132, 53.3508625561806], [-2.14709168547421, 53.3504726051685], [-2.14966056205939, 53.3496326065193], [-2.15119059702052, 53.3481331344542], [-2.14771827158555, 53.3448297376347], [-2.14717738366347, 53.3448105513925], [-2.1461270064082, 53.3437745890678], [-2.14409931007101, 53.3428710065711], [-2.1466643811524, 53.3406117248641], [-2.14673779973294, 53.3401415722462], [-2.14832433401413, 53.339441109144], [-2.14904365894255, 53.3385611888317], [-2.15000843800523, 53.3382974869482], [-2.15103389138157, 53.3361191284387], [-2.15132289885591, 53.3329251098067], [-2.15176480159862, 53.3322089840366], [-2.15140995527345, 53.3312359788322], [-2.15196764116765, 53.3310151069642], [-2.15253543959371, 53.3285532746746], [-2.15416467931962, 53.3277951681254], [-2.15591335604571, 53.3280544637981], [-2.156020877399, 53.3283078187754], [-2.15693863925904, 53.3284261211028], [-2.15687355993767, 53.3286698190403], [-2.1584420650407, 53.3289356063535], [-2.15955463565279, 53.3281895586061], [-2.16033306713975, 53.3280386896482], [-2.16022487804322, 53.3275798763115], [-2.1610007662539, 53.3276859690258], [-2.16071094860953, 53.3272003469789], [-2.16138810995186, 53.3273646376421], [-2.16133696087689, 53.3279289239412], [-2.16270072007997, 53.3278914641282], [-2.16326097496519, 53.3282210258478], [-2.16383708920847, 53.3280684126333], [-2.16369805668296, 53.3284451656606], [-2.16621031187256, 53.3292275179185], [-2.16585397989101, 53.3295645515816], [-2.16615887466923, 53.3298174241606], [-2.16745489963339, 53.3295338063437], [-2.16727852105883, 53.3299635323136], [-2.16876636024764, 53.3304145399534], [-2.16923481346039, 53.3311977705602], [-2.16993627496999, 53.3306211349147], [-2.16983272769159, 53.3312718805058], [-2.17030865592443, 53.3312933096436], [-2.17048640204541, 53.3318431583373], [-2.17119302725045, 53.3311711385461], [-2.17171260970715, 53.3313676874619], [-2.17238625917511, 53.3311590722902], [-2.17224638096637, 53.3308800887075], [-2.17289844465101, 53.331197606652], [-2.17338701539613, 53.3310427379861], [-2.17354282348501, 53.3313963025628], [-2.17424741561578, 53.331046420147], [-2.17491771531571, 53.3313396309562], [-2.17597342625846, 53.3310427919892], [-2.17849373199876, 53.3312477404321], [-2.17937437533159, 53.3306411167484], [-2.17932540037358, 53.3301742312233], [-2.17991817815264, 53.3303391645311], [-2.17961946766268, 53.3305803420757], [-2.18000116856086, 53.3310778234784], [-2.18164232610834, 53.3316304588097], [-2.18188094137969, 53.3313545914025], [-2.18225676222549, 53.3318387714109], [-2.18292965766803, 53.3318829481107], [-2.18309401231668, 53.3320756804336], [-2.18265717591769, 53.3321391846588], [-2.18307828238891, 53.3325357429873], [-2.18389774787084, 53.3327187420239], [-2.18409292681112, 53.3323319279542], [-2.18429170049904, 53.3328756113197], [-2.18487676886287, 53.3326914188513], [-2.18910771453172, 53.3352689651063], [-2.1904938981327, 53.3376442862743], [-2.19416286501527, 53.3386504401553], [-2.19280903550408, 53.3398463596909], [-2.19269872906242, 53.3410321631009], [-2.19073171810453, 53.3421274202285], [-2.18275321052716, 53.3431287196352], [-2.18097727745663, 53.3440438002352], [-2.18482905630431, 53.3469915864157], [-2.18530209773849, 53.3469485235439], [-2.18801518077824, 53.3487366188973], [-2.18549220357373, 53.3520107134641], [-2.18543826739703, 53.3526515823381], [-2.18262987742036, 53.353298726301], [-2.18710010585061, 53.3569249193903], [-2.18779295789969, 53.3580276731879], [-2.18871435933924, 53.3581061878858], [-2.18865861012544, 53.3594275875507], [-2.18936053310173, 53.3598174528405], [-2.18927763249436, 53.3604575724036], [-2.18747710868176, 53.3603310318979], [-2.18758338030035, 53.3616270133695], [-2.18427241835343, 53.3621544712044], [-2.18276747159411, 53.3619760890615], [-2.1826440252236, 53.3622549366408], [-2.18215977101757, 53.3621784014395], [-2.18204528707071, 53.3624680182844], [-2.18264505252604, 53.3624958519438], [-2.18238502349968, 53.3632000401696], [-2.18097753266316, 53.3643950046953], [-2.18412230990277, 53.3674400318457], [-2.18439758602829, 53.3682053966154], [-2.18233006239738, 53.3703982221763], [-2.15785586077951, 53.357993034564], [-2.15289338056107, 53.3563789050485], [-2.14253276678546, 53.3541895805722]]]}, "properties": {"WD24CD": "E05015015"}}, {"type": "Feature", "geometry": {"type": "Polygon", "coordinates": [[[-2.09280977077597, 53.4375386095943], [-2.09121437948282, 53.4376225031088], [-2.08887286890283, 53.4372593438497], [-2.08720139212202, 53.4362052670172], [-2.08649986579454, 53.4347272354423], [-2.08403613394268, 53.4340971049249], [-2.0852616770748, 53.4335640910917], [-2.08445238300518, 53.4330567850092], [-2.08482080291528, 53.4328570366369], [-2.08560563311818, 53.4331764655121], [-2.08631826852183, 53.4327839895014], [-2.08542507507986, 53.4324511654122], [-2.08515826244615, 53.43153632421], [-2.08538571814629, 53.4301358041922], [-2.08607739434741, 53.4298323944556], [-2.08461503118679, 53.4278901533894], [-2.08299007158109, 53.4272926575894], [-2.08291396980346, 53.4268189447475], [-2.08299336755536, 53.4263236951516], [-2.08241094131355, 53.4260037510329], [-2.08296150141286, 53.4254338607991], [-2.08255410735285, 53.4248800023917], [-2.08339095053533, 53.4245706639594], [-2.08303812084833, 53.4242127174729], [-2.08356131636906, 53.4239660662866], [-2.08386893991666, 53.4242916843374], [-2.08775727097949, 53.4238626574597], [-2.09211274597574, 53.4216722113347], [-2.09439847055085, 53.4214619611973], [-2.09448229898201, 53.421143216959], [-2.09512984461327, 53.4212265400984], [-2.09529763137166, 53.4217758103691], [-2.09643475169414, 53.4215182516372], [-2.09632942281356, 53.4218518093649], [-2.09692232186102, 53.4217601067321], [-2.09761891615517, 53.4208364143638], [-2.09814675283444, 53.4174358180705], [-2.10428922298229, 53.4203801103812], [-2.10658313663101, 53.4186994034695], [-2.10615356371239, 53.4183977721296], [-2.10662950866924, 53.4182903864972], [-2.10726845907181, 53.4188338633014], [-2.10781215417676, 53.4182956197442], [-2.10835792229148, 53.4185634934867], [-2.10871376164081, 53.4176267182053], [-2.10922964169638, 53.4173738164185], [-2.1114085451484, 53.4173356811034], [-2.11325031415605, 53.4179018492184], [-2.11382319425172, 53.4171979577222], [-2.11589651618779, 53.4169513476907], [-2.11615216940229, 53.4172010695652], [-2.11833302012688, 53.4165971995796], [-2.12227149162025, 53.415014947841], [-2.12204132985801, 53.4148667828856], [-2.12301675395382, 53.4145210750593], [-2.12381614534435, 53.413268885236], [-2.12471440309552, 53.4139445438085], [-2.1259694494597, 53.4140591470999], [-2.12838530974182, 53.4129356764933], [-2.13166469037183, 53.4128476454424], [-2.13446547772231, 53.4131824907915], [-2.13562809118915, 53.4121583080729], [-2.13894563355371, 53.4118242107111], [-2.13943650444572, 53.4121833714134], [-2.13862116039464, 53.4133045127659], [-2.13777318084946, 53.4134888102404], [-2.13677307832472, 53.4131196562714], [-2.13608764530898, 53.4133209174423], [-2.13666045543169, 53.4155215327668], [-2.13543405241012, 53.415943562114], [-2.13607998665923, 53.4175108564447], [-2.13512408100715, 53.4206340676911], [-2.13163092222588, 53.4209789939357], [-2.1288872691299, 53.4220397464632], [-2.1268296812679, 53.4239660153338], [-2.12607098470681, 53.4255044731624], [-2.12682701932489, 53.428588885823], [-2.12630221196374, 53.4286328576252], [-2.12798228331573, 53.4341235868315], [-2.13072300776729, 53.4394348824577], [-2.12901753466522, 53.4394517218227], [-2.12292188136399, 53.4377621772977], [-2.12266650116645, 53.4382356700309], [-2.1238435439169, 53.4397828467184], [-2.12370632931734, 53.4407940234288], [-2.12326971171312, 53.4410607244086], [-2.12270605732249, 53.4410781032249], [-2.1193818462906, 53.4388889755499], [-2.12054026036905, 53.4369904082025], [-2.12026191537237, 53.4364022071339], [-2.11891365414387, 53.4370454387842], [-2.11747693370451, 53.4371745846399], [-2.1148598452008, 53.43866418421], [-2.11469908693861, 53.4390580363286], [-2.11523365847432, 53.4394022352557], [-2.11733314121601, 53.4393101364689], [-2.11707173814196, 53.4401900114235], [-2.11608483341291, 53.4407461023153], [-2.11131805599768, 53.4375974348348], [-2.1107434688224, 53.4363193463701], [-2.10742017834813, 53.4337502979799], [-2.10286140754079, 53.432644219542], [-2.1020327473658, 53.4326660504231], [-2.10066340621939, 53.4335524820448], [-2.09775802985791, 53.4333601106924], [-2.09677704174549, 53.433582832764], [-2.0981373473821, 53.4360894292941], [-2.09781335225287, 53.4369040528317], [-2.09657412249704, 53.4370569631439], [-2.09384831383312, 53.4364811675799], [-2.09280977077597, 53.4375386095943]]]}, "properties": {"WD24CD": "E05015016"}}, {"type": "Feature", "geometry": {"type": "Polygon", "coordinates": [[[-2.06942371693145, 53.4277372409886], [-2.06793452428668, 53.4262541716467], [-2.06640151340638, 53.4237184813493], [-2.06418207424811, 53.4227848849738], [-2.06167821199122, 53.4207924841535], [-2.06227827905195, 53.4184722563107], [-2.06187542424377, 53.4177570006164], [-2.06109011193622, 53.4178113218032], [-2.0593031513215, 53.4170400557968], [-2.05865347146678, 53.4162107886636], [-2.05593184259836, 53.4150902813246], [-2.05878438032685, 53.4150583567763], [-2.05980682666734, 53.4146515898783], [-2.05983295257425, 53.4139945185102], [-2.06120349702248, 53.4139848370272], [-2.06180681082488, 53.4129274102478], [-2.06170626523397, 53.4120133137921], [-2.06104790977649, 53.4114293810805], [-2.05761739911088, 53.4109349692484], [-2.05868435115015, 53.4090333640255], [-2.0589217353202, 53.4088462480645], [-2.06482478257768, 53.4090292867613], [-2.06767707060687, 53.4081566870823], [-2.06978553421095, 53.4060260612958], [-2.06942409185702, 53.4047705651138], [-2.06973461309835, 53.40338617892], [-2.07109517325256, 53.4029448858433], [-2.07250236305418, 53.4034761963677], [-2.07318184193318, 53.4050101454796], [-2.0748533897554, 53.406169566939], [-2.07513132522309, 53.4068093773539], [-2.07441200314248, 53.4075306831276], [-2.08121945083174, 53.4086912084647], [-2.08456731810667, 53.4084246137246], [-2.08943899309822, 53.4059222640138], [-2.09049990529711, 53.4047080008452], [-2.0912342295118, 53.4027362773534], [-2.09290043796185, 53.4011889596796], [-2.09409470076966, 53.4010708604452], [-2.09516051743383, 53.4027552029931], [-2.09677470660811, 53.4031744105409], [-2.09723587634881, 53.400078675487], [-2.09847984476863, 53.3984191287497], [-2.10016523238045, 53.397797915769], [-2.10237785473404, 53.3979463433826], [-2.10344408600285, 53.398591363651], [-2.1030821636356, 53.4004291611684], [-2.10372305914164, 53.4017257390957], [-2.10740291871129, 53.4027292077033], [-2.11102443989925, 53.4032148433027], [-2.11274179648161, 53.4043268418651], [-2.11429967435735, 53.4046302099829], [-2.11731945952646, 53.404440298903], [-2.12003791678908, 53.4046237089651], [-2.12518718583447, 53.4063900257931], [-2.1260921336918, 53.4072169535509], [-2.12744261312383, 53.4096199829148], [-2.12691682377564, 53.4103638571053], [-2.12403746619286, 53.4108630773478], [-2.12267031539451, 53.4114981732203], [-2.12259188901844, 53.4119611188839], [-2.12381614534435, 53.413268885236], [-2.12301675395382, 53.4145210750593], [-2.12204132985801, 53.4148667828856], [-2.12227149162025, 53.415014947841], [-2.11833302012688, 53.4165971995796], [-2.11615216940229, 53.4172010695652], [-2.11589651618779, 53.4169513476907], [-2.11382319425172, 53.4171979577222], [-2.11325031415605, 53.4179018492184], [-2.1114085451484, 53.4173356811034], [-2.10922964169638, 53.4173738164185], [-2.10871376164081, 53.4176267182053], [-2.10835792229148, 53.4185634934867], [-2.10781215417676, 53.4182956197442], [-2.10726845907181, 53.4188338633014], [-2.10662950866924, 53.4182903864972], [-2.10615356371239, 53.4183977721296], [-2.10658313663101, 53.4186994034695], [-2.10428922298229, 53.4203801103812], [-2.09814675283444, 53.4174358180705], [-2.09761891615517, 53.4208364143638], [-2.09692232186102, 53.4217601067321], [-2.09632942281356, 53.4218518093649], [-2.09643475169414, 53.4215182516372], [-2.09529763137166, 53.4217758103691], [-2.09512984461327, 53.4212265400984], [-2.09448229898201, 53.421143216959], [-2.09439847055085, 53.4214619611973], [-2.09211274597574, 53.4216722113347], [-2.08775727097949, 53.4238626574597], [-2.08386893991666, 53.4242916843374], [-2.08356131636906, 53.4239660662866], [-2.08303812084833, 53.4242127174729], [-2.08339095053533, 53.4245706639594], [-2.08255410735285, 53.4248800023917], [-2.08296150141286, 53.4254338607991], [-2.08241094131355, 53.4260037510329], [-2.08299336755536, 53.4263236951516], [-2.08291396980346, 53.4268189447475], [-2.07913517824146, 53.426108785099], [-2.07762588271005, 53.4261780704476], [-2.07709137445943, 53.4268643100494], [-2.07644305985038, 53.4270067039882], [-2.07470455712407, 53.4259723641229], [-2.07115311518101, 53.4278315608547], [-2.07010622357119, 53.4281323995949], [-2.06942371693145, 53.4277372409886]]]}, "properties": {"WD24CD": "E05015017"}}, {"type": "Feature", "geometry": {"type": "Polygon", "coordinates": [[[-2.13666045543169, 53.4155215327668], [-2.13936738011915, 53.4151587734399], [-2.13958691200073, 53.4142012514154], [-2.14357785473673, 53.4122972506797], [-2.14544271398003, 53.4107832084103], [-2.14658678675948, 53.410992075494], [-2.14872646315118, 53.4094074679761], [-2.14933940879342, 53.4083398136881], [-2.14911471470196, 53.4047329850766], [-2.15003326995262, 53.4024640697272], [-2.15262779349657, 53.401623026175], [-2.15602223839579, 53.4011719351869], [-2.15921267224065, 53.4006240600675], [-2.16259807726112, 53.4027391852744], [-2.16344831789483, 53.406458844415], [-2.16562358849103, 53.4092170867378], [-2.16675819741659, 53.4105904360876], [-2.1590407263869, 53.4139934127942], [-2.15649695674762, 53.4145960914835], [-2.15647136817632, 53.4154337199659], [-2.15554776312462, 53.416285369681], [-2.15528667361413, 53.418049375436], [-2.15435884331489, 53.4184158739456], [-2.15136628041454, 53.4186321816386], [-2.15064756775125, 53.4194139252316], [-2.1484676164414, 53.4202101003371], [-2.14782377558547, 53.4211177529779], [-2.14798315097485, 53.4223912962168], [-2.14741784704702, 53.4238139158638], [-2.14486277569167, 53.4238395234228], [-2.14228819810769, 53.4234489658185], [-2.14151664626903, 53.4237531406116], [-2.14273190153873, 53.425198422364], [-2.14268386543574, 53.4274600766606], [-2.1430408347444, 53.4275656825585], [-2.14358122461859, 53.4271605713811], [-2.14403573657817, 53.4258341352837], [-2.14620742167021, 53.4258513428793], [-2.14748019831924, 53.426635328673], [-2.14744442120166, 53.4271630328965], [-2.14575194055605, 53.4273466374144], [-2.14490824009209, 53.4279517077633], [-2.14853481836375, 53.4282582425042], [-2.149187855393, 53.4299572250876], [-2.14896715710497, 53.4302641099343], [-2.14756447577396, 53.4295223905269], [-2.14617165049531, 53.429300269912], [-2.14593671133743, 53.4294876232923], [-2.14590306585691, 53.4310524657953], [-2.14814680936347, 53.4313750824367], [-2.14887443711065, 53.4319293660948], [-2.14770494254089, 53.4322114805952], [-2.14812254068442, 53.4337426597483], [-2.14762975206591, 53.4352461909129], [-2.14717793281938, 53.4354386109895], [-2.14530707829719, 53.4346036612238], [-2.14446743362722, 53.4346532947495], [-2.14386370319076, 53.4355123712575], [-2.14235185231545, 53.4362261483833], [-2.14404634326285, 53.4370096745115], [-2.14465414805261, 53.4377891964406], [-2.14317443320771, 53.4378161422411], [-2.14169023568556, 53.4382511319331], [-2.14158161671131, 53.4389663686832], [-2.1410334801894, 53.439191760159], [-2.13956764487613, 53.4383309369081], [-2.13765342794022, 53.4377558223149], [-2.13642022492443, 53.4391535300597], [-2.13570635730448, 53.4393342963093], [-2.13529167386116, 53.4376351103074], [-2.13461047608697, 53.4373800645085], [-2.13352623203358, 53.4382801418272], [-2.13248574668056, 53.4384654669117], [-2.13072300776729, 53.4394348824577], [-2.12798228331573, 53.4341235868315], [-2.12630221196374, 53.4286328576252], [-2.12682701932489, 53.428588885823], [-2.12607098470681, 53.4255044731624], [-2.1268296812679, 53.4239660153338], [-2.1288872691299, 53.4220397464632], [-2.13163092222588, 53.4209789939357], [-2.13512408100715, 53.4206340676911], [-2.13607998665923, 53.4175108564447], [-2.13543405241012, 53.415943562114], [-2.13666045543169, 53.4155215327668]]]}, "properties": {"WD24CD": "E05015018"}}, {"type": "Feature", "geometry": {"type": "Polygon", "coordinates": [[[-2.19115326944734, 53.4058823216177], [-2.19300160031257, 53.4049049223081], [-2.1912478404698, 53.4040860928373], [-2.18949579665873, 53.4027416572054], [-2.18388648561359, 53.3967733773648], [-2.17831559009076, 53.3915487535775], [-2.17496701800154, 53.3894490102179], [-2.17131983422572, 53.3877032432833], [-2.17367445186803, 53.3869906546492], [-2.17636465412015, 53.3867206191551], [-2.18283393791228, 53.3810108218265], [-2.18432737692228, 53.3817990015558], [-2.18428788368061, 53.3823928496075], [-2.18604830536068, 53.3829180734045], [-2.18752726897524, 53.3838282810311], [-2.1893646067857, 53.3840945797047], [-2.19012996979986, 53.3839595823523], [-2.19126809397673, 53.3828217076907], [-2.19198302595188, 53.3828380818627], [-2.19493052225531, 53.3807015115985], [-2.19799205375153, 53.3826727633941], [-2.2004506537977, 53.3806623113416], [-2.20200991572406, 53.3826821231368], [-2.2042370059623, 53.3833936724935], [-2.20424525139151, 53.3841117053714], [-2.2026450321394, 53.3840998026204], [-2.20232221532792, 53.3865543089198], [-2.20248705967559, 53.3880435314727], [-2.20393492216761, 53.3881362175813], [-2.20393717025798, 53.3887446373163], [-2.20310964056174, 53.3891365613455], [-2.2026848782091, 53.3889814890465], [-2.19991638659621, 53.3893888666077], [-2.20057388399658, 53.3915254829001], [-2.20369941770965, 53.3908418784602], [-2.2049382001091, 53.3927563871988], [-2.20547803062684, 53.3951086306611], [-2.20752146308222, 53.3952659716403], [-2.21070688114498, 53.3949547157236], [-2.2131885486019, 53.3953206863973], [-2.21306539319557, 53.3959635772719], [-2.21489655292198, 53.3985606136818], [-2.21842817149898, 53.40543387173], [-2.21259491408902, 53.4069680107936], [-2.21126914316739, 53.4071590815646], [-2.2096947076668, 53.4069471160194], [-2.20752571357317, 53.4054255896597], [-2.20608403018079, 53.4049750384861], [-2.20386238989219, 53.4053033543138], [-2.19969046156656, 53.4067450326329], [-2.19697884399877, 53.4061868634545], [-2.19115326944734, 53.4058823216177]]]}, "properties": {"WD24CD": "E05015019"}}, {"type": "Feature", "geometry": {"type": "Polygon", "coordinates": [[[-2.18283393791228, 53.3810108218265], [-2.18116878311923, 53.3800390701164], [-2.18056623340379, 53.3800159074123], [-2.17565523192047, 53.3778045156617], [-2.17694912251616, 53.3761047102614], [-2.17982984354779, 53.3746716410487], [-2.18346844264129, 53.373539348007], [-2.18482768878191, 53.3734239048954], [-2.18586725088639, 53.3740257617544], [-2.18726810944525, 53.3731210170404], [-2.18233006239738, 53.3703982221763], [-2.18439758602829, 53.3682053966154], [-2.18412230990277, 53.3674400318457], [-2.18097753266316, 53.3643950046953], [-2.18238502349968, 53.3632000401696], [-2.18264505252604, 53.3624958519438], [-2.18204528707071, 53.3624680182844], [-2.18215977101757, 53.3621784014395], [-2.1826440252236, 53.3622549366408], [-2.18276747159411, 53.3619760890615], [-2.18427241835343, 53.3621544712044], [-2.18758338030035, 53.3616270133695], [-2.18747710868176, 53.3603310318979], [-2.18927763249436, 53.3604575724036], [-2.18936053310173, 53.3598174528405], [-2.18865861012544, 53.3594275875507], [-2.18871435933924, 53.3581061878858], [-2.18779295789969, 53.3580276731879], [-2.18710010585061, 53.3569249193903], [-2.18262987742036, 53.353298726301], [-2.18543826739703, 53.3526515823381], [-2.1892492571793, 53.3528312478125], [-2.19189094849866, 53.3536445228189], [-2.19226068161149, 53.3540147061054], [-2.20041795025129, 53.3552449833875], [-2.19967891754667, 53.3564073815391], [-2.19933378115624, 53.359121545312], [-2.20056074216708, 53.3613574109711], [-2.2027431664111, 53.3631227141483], [-2.20188422722587, 53.3640688921881], [-2.20339108515233, 53.3663726158862], [-2.20356494574734, 53.3678855556527], [-2.20551480253809, 53.3676190106455], [-2.20564168964176, 53.3685036333768], [-2.20760778175677, 53.3686011212282], [-2.20724485118641, 53.3673936033341], [-2.20963921959441, 53.367096923054], [-2.21053504527049, 53.3690994484415], [-2.21159003155737, 53.3748511779976], [-2.21412240359356, 53.3774686772289], [-2.21203374247097, 53.3782004691354], [-2.21151434238331, 53.3774392003947], [-2.20940029714667, 53.377934568976], [-2.20932758548349, 53.3772165342045], [-2.20365027419582, 53.3788209693094], [-2.20579717219922, 53.380419928285], [-2.20705661799403, 53.3821966125804], [-2.20701326240236, 53.3825571171728], [-2.2046550244536, 53.3829908241918], [-2.2042370059623, 53.3833936724935], [-2.20200991572406, 53.3826821231368], [-2.2004506537977, 53.3806623113416], [-2.19799205375153, 53.3826727633941], [-2.19493052225531, 53.3807015115985], [-2.19198302595188, 53.3828380818627], [-2.19126809397673, 53.3828217076907], [-2.19012996979986, 53.3839595823523], [-2.1893646067857, 53.3840945797047], [-2.18752726897524, 53.3838282810311], [-2.18604830536068, 53.3829180734045], [-2.18428788368061, 53.3823928496075], [-2.18432737692228, 53.3817990015558], [-2.18283393791228, 53.3810108218265]]]}, "properties": {"WD24CD": "E05015020"}}, {"type": "Feature", "geometry": {"type": "Polygon", "coordinates": [[[-2.2042370059623, 53.3833936724935], [-2.2046550244536, 53.3829908241918], [-2.20701326240236, 53.3825571171728], [-2.20705661799403, 53.3821966125804], [-2.20579717219922, 53.380419928285], [-2.20365027419582, 53.3788209693094], [-2.20932758548349, 53.3772165342045], [-2.20940029714667, 53.377934568976], [-2.21151434238331, 53.3774392003947], [-2.21203374247097, 53.3782004691354], [-2.21412240359356, 53.3774686772289], [-2.21980588311585, 53.3809009340698], [-2.22197694655637, 53.3829707056884], [-2.22490334224732, 53.3822549321653], [-2.22503835251594, 53.3816551303171], [-2.22600569726548, 53.3809423221747], [-2.22674898032872, 53.3791419545293], [-2.22946504903284, 53.3798552157435], [-2.23322314544697, 53.3784951483309], [-2.23282556287382, 53.3778038262961], [-2.23457610196566, 53.377404012035], [-2.23533945188152, 53.3781817692552], [-2.23504485799505, 53.3787180972524], [-2.23575489050333, 53.3796191542595], [-2.23579586058741, 53.3815246415987], [-2.23658700926846, 53.38233939645], [-2.23598331775825, 53.382858456858], [-2.23642855116142, 53.3838901523906], [-2.23309730558435, 53.3846987674004], [-2.23280983207402, 53.3860049307424], [-2.23322920589067, 53.3860976679625], [-2.23381122218552, 53.3855846286987], [-2.23589126629607, 53.386784079986], [-2.23643419132968, 53.3866764876197], [-2.23779533509931, 53.3860899687929], [-2.23710407354618, 53.3849525047941], [-2.23769966827665, 53.3852573741491], [-2.2386704702648, 53.3843830929923], [-2.23940586603422, 53.3848157595185], [-2.23915538611919, 53.3851856919611], [-2.23999977573162, 53.3861403687441], [-2.24008464732944, 53.3886295677435], [-2.24179455196864, 53.3886518592246], [-2.24262478843436, 53.3876905480994], [-2.24622223602741, 53.3878296246675], [-2.2457341043808, 53.3902386923421], [-2.24391405448314, 53.3904005902996], [-2.24446686201418, 53.3913369605055], [-2.24602495770076, 53.3913831713559], [-2.24598491873492, 53.3938209395256], [-2.24440592765808, 53.3940812751194], [-2.24682802957703, 53.3960599933861], [-2.24254434365739, 53.3977784273869], [-2.24242349059239, 53.3990055942223], [-2.24253740298985, 53.3994754097326], [-2.24060504699509, 53.3997894202434], [-2.2381426686347, 53.4008216854417], [-2.23604209519867, 53.4010649657219], [-2.22785130146529, 53.4008545023998], [-2.22485568205797, 53.401379305239], [-2.22266769336569, 53.4011762681764], [-2.22012831001348, 53.4023781853741], [-2.21932551536269, 53.4039639509191], [-2.21947394898214, 53.4050521588359], [-2.21842817149898, 53.40543387173], [-2.21489655292198, 53.3985606136818], [-2.21306539319557, 53.3959635772719], [-2.2131885486019, 53.3953206863973], [-2.21070688114498, 53.3949547157236], [-2.20752146308222, 53.3952659716403], [-2.20547803062684, 53.3951086306611], [-2.2049382001091, 53.3927563871988], [-2.20369941770965, 53.3908418784602], [-2.20057388399658, 53.3915254829001], [-2.19991638659621, 53.3893888666077], [-2.2026848782091, 53.3889814890465], [-2.20310964056174, 53.3891365613455], [-2.20393717025798, 53.3887446373163], [-2.20393492216761, 53.3881362175813], [-2.20248705967559, 53.3880435314727], [-2.20232221532792, 53.3865543089198], [-2.2026450321394, 53.3840998026204], [-2.20424525139151, 53.3841117053714], [-2.2042370059623, 53.3833936724935]]]}, "properties": {"WD24CD": "E05015021"}}, {"type": "Feature", "geometry": {"type": "Polygon", "coordinates": [[[-2.15602223839579, 53.4011719351869], [-2.14981520588419, 53.3960244774397], [-2.14548805140705, 53.3923090796504], [-2.14088586149015, 53.3899983081126], [-2.14138185874119, 53.3893651184158], [-2.14479895252045, 53.3876458713689], [-2.1475512580076, 53.3888068115834], [-2.1481333688581, 53.387829980987], [-2.14870040570999, 53.3876715309001], [-2.148081650086, 53.3874394934424], [-2.14931399316352, 53.3857723923297], [-2.14908765463506, 53.3849408655888], [-2.15338733106845, 53.38399108977], [-2.15547557128968, 53.3823345328314], [-2.16193050651654, 53.3842045642031], [-2.17131983422572, 53.3877032432833], [-2.17496701800154, 53.3894490102179], [-2.17831559009076, 53.3915487535775], [-2.18388648561359, 53.3967733773648], [-2.17253432841818, 53.3957615215715], [-2.16732012067664, 53.3963054943163], [-2.16572340216005, 53.3970324479254], [-2.16442016782596, 53.398244043623], [-2.16259807726112, 53.4027391852744], [-2.15921267224065, 53.4006240600675], [-2.15602223839579, 53.4011719351869]]]}, "properties": {"WD24CD": "E05015022"}}, {"type": "Feature", "geometry": {"type": "Polygon", "coordinates": [[[-2.16259807726112, 53.4027391852744], [-2.16442016782596, 53.398244043623], [-2.16572340216005, 53.3970324479254], [-2.16732012067664, 53.3963054943163], [-2.17253432841818, 53.3957615215715], [-2.18388648561359, 53.3967733773648], [-2.18949579665873, 53.4027416572054], [-2.1912478404698, 53.4040860928373], [-2.19300160031257, 53.4049049223081], [-2.19115326944734, 53.4058823216177], [-2.18731205448632, 53.4056784333349], [-2.18085688829552, 53.4065522378842], [-2.17584448283656, 53.4064564234255], [-2.17424543869831, 53.4071805195667], [-2.17213826384992, 53.4087493699281], [-2.16562358849103, 53.4092170867378], [-2.16344831789483, 53.406458844415], [-2.16259807726112, 53.4027391852744]]]}, "properties": {"WD24CD": "E05015023"}}, {"type": "Feature", "geometry": {"type": "Polygon", "coordinates": [[[-2.09847984476863, 53.3984191287497], [-2.09808381117934, 53.3981691601493], [-2.09683948237105, 53.3982366845516], [-2.09608788486653, 53.3963824937398], [-2.09504630423098, 53.3955336587475], [-2.09685031906669, 53.394062363955], [-2.09646655209824, 53.3932222108291], [-2.09680333224928, 53.3925262421842], [-2.10017353487102, 53.3901433639752], [-2.10083276057584, 53.3853123130013], [-2.10186026148974, 53.3836899279615], [-2.10035331781477, 53.3834188318277], [-2.09959460953912, 53.3836415042673], [-2.09960602620587, 53.381455493212], [-2.1000140294056, 53.3810668738791], [-2.09664961969887, 53.3803685433433], [-2.09605753326798, 53.3798162042645], [-2.09969040245082, 53.3795723366129], [-2.0994351606631, 53.3790727514012], [-2.10033925249608, 53.3787250541809], [-2.10046990534006, 53.3779906165768], [-2.10185977823544, 53.3777368541814], [-2.1016516456447, 53.3762008882389], [-2.10446055844574, 53.3754147297916], [-2.10470153032831, 53.3724851217469], [-2.10675636865791, 53.3726110053041], [-2.10564859274825, 53.3719468484312], [-2.10497560884326, 53.3721136765811], [-2.10344429657921, 53.370978916888], [-2.10288696318252, 53.3710530796026], [-2.10253380562669, 53.370434972369], [-2.10308052364398, 53.3703293697633], [-2.10217333008728, 53.369288319901], [-2.10282967079765, 53.369119724888], [-2.10246650580504, 53.3687145912889], [-2.10337243183077, 53.3682104558526], [-2.10737073498713, 53.3696779029661], [-2.11733938845312, 53.3749573826928], [-2.12495304220465, 53.3761485116654], [-2.12459290434152, 53.3766139155735], [-2.12554379427868, 53.3771787499872], [-2.12357493312314, 53.3782252234888], [-2.13124630186075, 53.3819275886102], [-2.12840974230188, 53.3840159268817], [-2.127072889581, 53.3843076120437], [-2.12644801373026, 53.3838301713008], [-2.12470365903661, 53.3844647893905], [-2.12336984096026, 53.3843654849683], [-2.12322629648176, 53.3841229911538], [-2.120117158327, 53.3859651589449], [-2.11723388459023, 53.3861091281746], [-2.11475780201525, 53.3880557706377], [-2.11216560266349, 53.391083317177], [-2.11178004654766, 53.3921338999372], [-2.1151899902108, 53.3931495150044], [-2.11419547497889, 53.3943961849537], [-2.11237049788099, 53.395636965343], [-2.1118365295974, 53.396853931005], [-2.1122774242098, 53.3974192622001], [-2.11190204054291, 53.3977242893925], [-2.11116957877117, 53.3976984529509], [-2.11178117214871, 53.3980870912029], [-2.11162693214727, 53.3986296955068], [-2.11266595936615, 53.398977394639], [-2.11259447571516, 53.400544240823], [-2.11371639475021, 53.4010502228077], [-2.11311860157591, 53.4013161978377], [-2.11373808249081, 53.4020238496407], [-2.11323428062546, 53.4023239817548], [-2.11368415855065, 53.4026974144677], [-2.11325069015394, 53.403412243695], [-2.11362940548342, 53.4036587460196], [-2.11274179648161, 53.4043268418651], [-2.11102443989925, 53.4032148433027], [-2.10740291871129, 53.4027292077033], [-2.10372305914164, 53.4017257390957], [-2.1030821636356, 53.4004291611684], [-2.10344408600285, 53.398591363651], [-2.10237785473404, 53.3979463433826], [-2.10016523238045, 53.397797915769], [-2.09847984476863, 53.3984191287497]]]}, "properties": {"WD24CD": "E05015024"}}, {"type": "Feature", "geometry": {"type": "Polygon", "coordinates": [[[-2.21412240359356, 53.3774686772289], [-2.21159003155737, 53.3748511779976], [-2.21053504527049, 53.3690994484415], [-2.20963921959441, 53.367096923054], [-2.20724485118641, 53.3673936033341], [-2.20760778175677, 53.3686011212282], [-2.20564168964176, 53.3685036333768], [-2.20551480253809, 53.3676190106455], [-2.20356494574734, 53.3678855556527], [-2.20339108515233, 53.3663726158862], [-2.20188422722587, 53.3640688921881], [-2.2027431664111, 53.3631227141483], [-2.20056074216708, 53.3613574109711], [-2.19933378115624, 53.359121545312], [-2.19967891754667, 53.3564073815391], [-2.20041795025129, 53.3552449833875], [-2.20183370227282, 53.3554307044065], [-2.20192545442793, 53.3548476344476], [-2.20846453386188, 53.3550043998295], [-2.20740953122584, 53.3567986103678], [-2.21065727737018, 53.3572864078588], [-2.21453977530013, 53.3567185449416], [-2.21463146970657, 53.3579345550976], [-2.21621764348394, 53.358131168948], [-2.21614170311279, 53.3588666372558], [-2.21955202552668, 53.3584899761809], [-2.22030957045113, 53.3594278896816], [-2.22222420349714, 53.3597812523082], [-2.22418491458615, 53.3597729859715], [-2.22462463119591, 53.3593802722852], [-2.22998516027262, 53.3592648808231], [-2.23298161296768, 53.3587951819181], [-2.23281089268671, 53.3602714835161], [-2.23759239686846, 53.3592526148068], [-2.23953964565221, 53.3592334320566], [-2.24079008412411, 53.3595742660885], [-2.23693336833175, 53.3701967446294], [-2.23867568327426, 53.3707991012102], [-2.23900931968742, 53.3721314246765], [-2.24047492255458, 53.3726938729439], [-2.23989518384011, 53.3730428947186], [-2.24026607618683, 53.3740272890841], [-2.24146119084857, 53.3748680297719], [-2.24167893485597, 53.3756055206046], [-2.2413195046835, 53.3760997621517], [-2.24210732557621, 53.3779686854325], [-2.241277950516, 53.3788197287594], [-2.24134243621532, 53.3801022583937], [-2.2409273021295, 53.3805948147832], [-2.2420972698659, 53.3817177526885], [-2.24195169974453, 53.3820110826015], [-2.24287775686765, 53.382268978508], [-2.24260718681551, 53.3825526798433], [-2.24307003823725, 53.3830254753814], [-2.24244118552786, 53.3839903269515], [-2.24298502803167, 53.3849617663972], [-2.24243420875158, 53.3856621779057], [-2.24262478843436, 53.3876905480994], [-2.24179455196864, 53.3886518592246], [-2.24008464732944, 53.3886295677435], [-2.23999977573162, 53.3861403687441], [-2.23915538611919, 53.3851856919611], [-2.23940586603422, 53.3848157595185], [-2.2386704702648, 53.3843830929923], [-2.23769966827665, 53.3852573741491], [-2.23710407354618, 53.3849525047941], [-2.23779533509931, 53.3860899687929], [-2.23643419132968, 53.3866764876197], [-2.23589126629607, 53.386784079986], [-2.23381122218552, 53.3855846286987], [-2.23322920589067, 53.3860976679625], [-2.23280983207402, 53.3860049307424], [-2.23309730558435, 53.3846987674004], [-2.23642855116142, 53.3838901523906], [-2.23598331775825, 53.382858456858], [-2.23658700926846, 53.38233939645], [-2.23579586058741, 53.3815246415987], [-2.23575489050333, 53.3796191542595], [-2.23504485799505, 53.3787180972524], [-2.23533945188152, 53.3781817692552], [-2.23457610196566, 53.377404012035], [-2.23282556287382, 53.3778038262961], [-2.23322314544697, 53.3784951483309], [-2.22946504903284, 53.3798552157435], [-2.22674898032872, 53.3791419545293], [-2.22600569726548, 53.3809423221747], [-2.22503835251594, 53.3816551303171], [-2.22490334224732, 53.3822549321653], [-2.22197694655637, 53.3829707056884], [-2.21980588311585, 53.3809009340698], [-2.21412240359356, 53.3774686772289]]]}, "properties": {"WD24CD": "E05015025"}}, {"type": "Feature", "geometry": {"type": "Polygon", "coordinates": [[[-2.16654264852218, 53.4350361617601], [-2.16777978321939, 53.4327162177045], [-2.16920225230355, 53.4312239605379], [-2.17448774643694, 53.4292909877332], [-2.1769256724974, 53.4270636198196], [-2.17310434030572, 53.4218118075004], [-2.17841880025821, 53.4202785990895], [-2.17969802629373, 53.4185436416661], [-2.18009555439522, 53.4186428747496], [-2.18034729604562, 53.4183854049933], [-2.18156436391804, 53.4186927623964], [-2.18180365639044, 53.4183688119889], [-2.18543853520474, 53.41862658367], [-2.18655237814951, 53.4173610528115], [-2.18894199813551, 53.4174363609872], [-2.18920320208176, 53.4169487250589], [-2.19061481778643, 53.4170355246872], [-2.19205116351796, 53.4162484797153], [-2.19682474724164, 53.4168078702797], [-2.19838591284094, 53.4166929559145], [-2.2015629651217, 53.4172061964326], [-2.20240465928211, 53.4170196394567], [-2.20597120949484, 53.417170706038], [-2.20967036215851, 53.4179435326543], [-2.20842594173061, 53.4191592145294], [-2.20716049077716, 53.4188468476478], [-2.20649305228682, 53.4189756225337], [-2.20621863838641, 53.4201042078168], [-2.20769313964598, 53.4200799591564], [-2.20492946490026, 53.422367072268], [-2.20449976110822, 53.4221763276872], [-2.20185970876597, 53.4236217921923], [-2.1990647124623, 53.4270439670662], [-2.19689793958925, 53.4281090829236], [-2.19314102132022, 53.4276531740603], [-2.19307603944188, 53.4292479349324], [-2.1913520755199, 53.4351282714698], [-2.18870175268082, 53.4348727190504], [-2.18713634819645, 53.4352276194789], [-2.18853962247078, 53.436652735202], [-2.18743174714121, 53.4366679641992], [-2.18738493018044, 53.4362959288995], [-2.18659491467041, 53.4360014420184], [-2.18564550612498, 53.436093684836], [-2.18521311162245, 53.4356674356623], [-2.18419234930046, 53.4356169011794], [-2.18390906496656, 53.4351993120662], [-2.18172773178478, 53.4351343680103], [-2.18108904526373, 53.4346895474115], [-2.18020445774066, 53.4347861400288], [-2.17981389219474, 53.4346088086522], [-2.18008678612123, 53.4343710772741], [-2.17901164966347, 53.4342783457225], [-2.17904507881147, 53.4339942486272], [-2.17780206378153, 53.4336985859303], [-2.17675466233219, 53.4330160399352], [-2.17584498677589, 53.4343333857703], [-2.17529272696774, 53.4343647521476], [-2.17472650306796, 53.4379753375127], [-2.17163263650716, 53.4375016961397], [-2.17143440888693, 53.4379900093065], [-2.16693137292496, 53.4378274723331], [-2.16736819134861, 53.4356022006243], [-2.16654264852218, 53.4350361617601]]]}, "properties": {"WD24CD": "E05015026"}}, {"type": "Feature", "geometry": {"type": "Polygon", "coordinates": [[[-2.16675819741659, 53.4105904360876], [-2.16562358849103, 53.4092170867378], [-2.17213826384992, 53.4087493699281], [-2.17424543869831, 53.4071805195667], [-2.17584448283656, 53.4064564234255], [-2.18085688829552, 53.4065522378842], [-2.18731205448632, 53.4056784333349], [-2.19115326944734, 53.4058823216177], [-2.19697884399877, 53.4061868634545], [-2.19969046156656, 53.4067450326329], [-2.20386238989219, 53.4053033543138], [-2.20608403018079, 53.4049750384861], [-2.20752571357317, 53.4054255896597], [-2.2096947076668, 53.4069471160194], [-2.21126914316739, 53.4071590815646], [-2.21259491408902, 53.4069680107936], [-2.21497330319818, 53.4097068931839], [-2.21547576981779, 53.4108897565202], [-2.2145332699492, 53.4110497068026], [-2.21541354572227, 53.4113905525759], [-2.21459996257584, 53.4132409309185], [-2.21342771329714, 53.4189147300655], [-2.20967036215851, 53.4179435326543], [-2.20597120949484, 53.417170706038], [-2.20240465928211, 53.4170196394567], [-2.2015629651217, 53.4172061964326], [-2.19838591284094, 53.4166929559145], [-2.19682474724164, 53.4168078702797], [-2.19205116351796, 53.4162484797153], [-2.19061481778643, 53.4170355246872], [-2.18920320208176, 53.4169487250589], [-2.18894199813551, 53.4174363609872], [-2.18655237814951, 53.4173610528115], [-2.18543853520474, 53.41862658367], [-2.18180365639044, 53.4183688119889], [-2.18156436391804, 53.4186927623964], [-2.18034729604562, 53.4183854049933], [-2.18009555439522, 53.4186428747496], [-2.17969802629373, 53.4185436416661], [-2.17841880025821, 53.4202785990895], [-2.17310434030572, 53.4218118075004], [-2.17027298698491, 53.4174214090946], [-2.17057216717662, 53.4158596877016], [-2.17003294855882, 53.4145589537866], [-2.16675819741659, 53.4105904360876]]]}, "properties": {"WD24CD": "E05015027"}}, {"type": "Feature", "geometry": {"type": "Polygon", "coordinates": [[[-2.12381614534435, 53.413268885236], [-2.12259188901844, 53.4119611188839], [-2.12267031539451, 53.4114981732203], [-2.12403746619286, 53.4108630773478], [-2.12691682377564, 53.4103638571053], [-2.12744261312383, 53.4096199829148], [-2.1260921336918, 53.4072169535509], [-2.12518718583447, 53.4063900257931], [-2.12569026710643, 53.4040444312319], [-2.124383799762, 53.4037572544935], [-2.12249473918614, 53.4042940441601], [-2.12068186880252, 53.4036325376854], [-2.12111559437441, 53.4032995293717], [-2.12222640924977, 53.4035707677978], [-2.12501657400791, 53.4036056318998], [-2.12543646286354, 53.4031754833944], [-2.12275205560836, 53.4017392480657], [-2.12372995652612, 53.4013004460082], [-2.12532561938185, 53.4017869077634], [-2.1255155958457, 53.4014478480826], [-2.12489242351343, 53.4012659933992], [-2.12546035314106, 53.4005400527516], [-2.12659259844939, 53.4009442204342], [-2.12704442032465, 53.4001588760392], [-2.12663438516817, 53.4000012527505], [-2.12801462473912, 53.3984815239401], [-2.1291229887206, 53.3978810218428], [-2.14164991424099, 53.3964442178577], [-2.14778347793387, 53.3965680891194], [-2.14981520588419, 53.3960244774397], [-2.15602223839579, 53.4011719351869], [-2.15262779349657, 53.401623026175], [-2.15003326995262, 53.4024640697272], [-2.14911471470196, 53.4047329850766], [-2.14933940879342, 53.4083398136881], [-2.14872646315118, 53.4094074679761], [-2.14658678675948, 53.410992075494], [-2.14544271398003, 53.4107832084103], [-2.14357785473673, 53.4122972506797], [-2.13958691200073, 53.4142012514154], [-2.13936738011915, 53.4151587734399], [-2.13666045543169, 53.4155215327668], [-2.13608764530898, 53.4133209174423], [-2.13677307832472, 53.4131196562714], [-2.13777318084946, 53.4134888102404], [-2.13862116039464, 53.4133045127659], [-2.13943650444572, 53.4121833714134], [-2.13894563355371, 53.4118242107111], [-2.13562809118915, 53.4121583080729], [-2.13446547772231, 53.4131824907915], [-2.13166469037183, 53.4128476454424], [-2.12838530974182, 53.4129356764933], [-2.1259694494597, 53.4140591470999], [-2.12471440309552, 53.4139445438085], [-2.12381614534435, 53.413268885236]]]}, "properties": {"WD24CD": "E05015028"}}, {"type": "Feature", "geometry": {"type": "Polygon", "coordinates": [[[-2.0262554175393, 53.4298651605263], [-2.02414575776773, 53.4279537492734], [-2.02395738670324, 53.4275026001018], [-2.02443436298428, 53.4272750676286], [-2.0225186618353, 53.4275819593872], [-2.02165318602327, 53.4273780489698], [-2.02047454048388, 53.426692448252], [-2.01972433303058, 53.4251186784672], [-2.02128356611461, 53.422575551851], [-2.02099555235706, 53.4212596941057], [-2.02343946629015, 53.4217517568705], [-2.02370962953136, 53.4205517125975], [-2.01667606985591, 53.4193035044089], [-2.01701862346423, 53.4181421946904], [-2.01476907200326, 53.4178512629487], [-2.0152245369521, 53.4166269517624], [-2.01366126691829, 53.4164608139728], [-2.0136971820304, 53.4158901088998], [-2.01064904219277, 53.4167272045374], [-2.00509241756181, 53.4150278832952], [-2.00025385610182, 53.4152707180783], [-1.99232947055908, 53.415193132135], [-1.99396524792089, 53.4131825132191], [-1.99330047190145, 53.4119088038493], [-1.99398993508379, 53.4091852695059], [-1.99514844970803, 53.4077615755766], [-1.9961836628534, 53.4046677263822], [-1.99738710098399, 53.4035369548543], [-2.00176986499178, 53.3964908388915], [-2.00448113457621, 53.3937608926186], [-2.00517568762542, 53.3923946267575], [-2.00505225890324, 53.3905393748227], [-2.00464286724195, 53.3863272765984], [-2.01306180706892, 53.3841046430427], [-2.01511286859254, 53.3805673950881], [-2.01698025889049, 53.381498361724], [-2.01971446141798, 53.3805954637866], [-2.0185928134637, 53.3802055623471], [-2.01708408317754, 53.377832755443], [-2.02094421345529, 53.3775984905743], [-2.02062935385084, 53.3761612264116], [-2.02199563874542, 53.3759578030538], [-2.02395445761325, 53.3764671099278], [-2.02449915326767, 53.3773443069901], [-2.02453800599811, 53.377009028392], [-2.02655493818721, 53.3763479364076], [-2.02823935174383, 53.3778782293336], [-2.03005135469988, 53.3809195610608], [-2.03218797647869, 53.3834043582657], [-2.0329543803405, 53.383052702558], [-2.03610236036692, 53.3829124997564], [-2.03602545742528, 53.3825529021291], [-2.03808165379633, 53.3821855402258], [-2.04151837567646, 53.3821906789056], [-2.04236141893196, 53.3818524163581], [-2.04240231989367, 53.3811242831129], [-2.04295231917145, 53.3807140547374], [-2.04364284724209, 53.3809015949968], [-2.04459813691897, 53.3801815466166], [-2.04552578302262, 53.3802072552472], [-2.04623268429977, 53.381966983199], [-2.04689923137198, 53.3824718265662], [-2.04834567041389, 53.3827130604161], [-2.04990399560584, 53.3820463737453], [-2.05123652791079, 53.382603118201], [-2.05152754409769, 53.3833031815271], [-2.04931229802026, 53.3852258745423], [-2.04863316314421, 53.3869150803116], [-2.04934600329672, 53.3884545435724], [-2.05181667799732, 53.3899357382838], [-2.05190329550548, 53.3906197171922], [-2.05117833437902, 53.391707699631], [-2.05293981979032, 53.3922920134329], [-2.05223056233195, 53.3939471951018], [-2.05257525425944, 53.3953671974189], [-2.05385193590294, 53.3955636604734], [-2.0550257939443, 53.3952289662534], [-2.05561757746221, 53.3957147434492], [-2.05718069447563, 53.3959808067911], [-2.05993387437168, 53.3949755870192], [-2.06292365592318, 53.3944736109525], [-2.07095331911442, 53.3957320668855], [-2.07169796152851, 53.3946602236652], [-2.07372912009469, 53.3930850915656], [-2.07494745449867, 53.39111269262], [-2.07789219696866, 53.3914344094852], [-2.07956173015661, 53.3853526455493], [-2.08196540297619, 53.3859568617262], [-2.08279284576082, 53.387012450855], [-2.08455235178542, 53.3879774965641], [-2.08814525297073, 53.3890900380547], [-2.08956296330603, 53.3917473537582], [-2.09301703137429, 53.3936051887521], [-2.09375981775237, 53.3949520009469], [-2.09504630423098, 53.3955336587475], [-2.09608788486653, 53.3963824937398], [-2.09683948237105, 53.3982366845516], [-2.09808381117934, 53.3981691601493], [-2.09847984476863, 53.3984191287497], [-2.09723587634881, 53.400078675487], [-2.09677470660811, 53.4031744105409], [-2.09516051743383, 53.4027552029931], [-2.09409470076966, 53.4010708604452], [-2.09290043796185, 53.4011889596796], [-2.0912342295118, 53.4027362773534], [-2.09049990529711, 53.4047080008452], [-2.08943899309822, 53.4059222640138], [-2.08456731810667, 53.4084246137246], [-2.08121945083174, 53.4086912084647], [-2.07441200314248, 53.4075306831276], [-2.07513132522309, 53.4068093773539], [-2.0748533897554, 53.406169566939], [-2.07318184193318, 53.4050101454796], [-2.07250236305418, 53.4034761963677], [-2.07109517325256, 53.4029448858433], [-2.06973461309835, 53.40338617892], [-2.06942409185702, 53.4047705651138], [-2.06978553421095, 53.4060260612958], [-2.06767707060687, 53.4081566870823], [-2.06482478257768, 53.4090292867613], [-2.0589217353202, 53.4088462480645], [-2.05868435115015, 53.4090333640255], [-2.05761739911088, 53.4109349692484], [-2.06104790977649, 53.4114293810805], [-2.06170626523397, 53.4120133137921], [-2.06180681082488, 53.4129274102478], [-2.06120349702248, 53.4139848370272], [-2.05983295257425, 53.4139945185102], [-2.05980682666734, 53.4146515898783], [-2.05878438032685, 53.4150583567763], [-2.05593184259836, 53.4150902813246], [-2.05865347146678, 53.4162107886636], [-2.0593031513215, 53.4170400557968], [-2.06109011193622, 53.4178113218032], [-2.06187542424377, 53.4177570006164], [-2.06227827905195, 53.4184722563107], [-2.06167821199122, 53.4207924841535], [-2.06418207424811, 53.4227848849738], [-2.06640151340638, 53.4237184813493], [-2.06793452428668, 53.4262541716467], [-2.06942371693145, 53.4277372409886], [-2.06906193361282, 53.4282893638947], [-2.06729275704242, 53.4286993256928], [-2.06517761224177, 53.430163858131], [-2.06212964584608, 53.4289789958515], [-2.06172756510726, 53.4298825587674], [-2.06028220544812, 53.4305250769063], [-2.0598765099062, 53.4299778604099], [-2.05827147212189, 53.4305773033221], [-2.05836688414723, 53.4310123542663], [-2.05578969683555, 53.4317712914824], [-2.05451931768635, 53.4316775318899], [-2.05435963229944, 53.4311288433254], [-2.05355251932853, 53.4313166491011], [-2.05048611387359, 53.4308900852628], [-2.04916973183574, 53.4300340960901], [-2.04745259509992, 53.430062650716], [-2.04574807051929, 53.4293594483376], [-2.04216253294272, 53.428740563127], [-2.03960925524544, 53.4278687228728], [-2.03997758127639, 53.4273831760788], [-2.03906836529363, 53.4271821920124], [-2.03552459587822, 53.4275068893279], [-2.0340446377403, 53.428752243219], [-2.03052576934711, 53.4284538764169], [-2.0262554175393, 53.4298651605263]]]}, "properties": {"WD24CD": "E05015029"}}, {"type": "Feature", "geometry": {"type": "Polygon", "coordinates": [[[-2.02199563874542, 53.3759578030538], [-2.02147206970737, 53.3750591148941], [-2.0234170030768, 53.3749544154146], [-2.02325607783459, 53.3746110899067], [-2.02406745606724, 53.374173216775], [-2.026208991537, 53.3736181406119], [-2.02803689882987, 53.3739538886991], [-2.03069072522573, 53.3751882705623], [-2.03377543264394, 53.3755415688756], [-2.03378251670338, 53.3750921745196], [-2.03083496278921, 53.3729159324511], [-2.02862403739649, 53.3707340469026], [-2.03037296860375, 53.3701142937589], [-2.031058463243, 53.3702623852066], [-2.0309571332488, 53.3715145278406], [-2.03263183499608, 53.3720336506681], [-2.03842127448567, 53.3718916604729], [-2.03885364212103, 53.3729863773451], [-2.04056362489501, 53.3740877654935], [-2.04110646522792, 53.3726997824289], [-2.04302173013496, 53.3717157740829], [-2.04395250855413, 53.370629570489], [-2.04666843077065, 53.369369253269], [-2.04862984896483, 53.3694431513029], [-2.05011282029452, 53.3690830158232], [-2.05198783083379, 53.3673995136538], [-2.05390834008507, 53.3673276886632], [-2.05532046861855, 53.3668911466548], [-2.0562533213369, 53.3643091526843], [-2.05696039586425, 53.3637299507732], [-2.05692680767889, 53.3633497718732], [-2.05637967353713, 53.3632547756461], [-2.05633656232358, 53.3624125444067], [-2.0574630337845, 53.3620551863792], [-2.05878282378001, 53.3602127994199], [-2.05917199425189, 53.3602377702608], [-2.05967659927754, 53.3589099419771], [-2.06083327314589, 53.3584355058922], [-2.06130915697086, 53.3583555385423], [-2.06178574886365, 53.3586628836194], [-2.06246498497085, 53.3584181385958], [-2.06251366296573, 53.358723992372], [-2.06293471626019, 53.3585498472205], [-2.06339452327121, 53.3587758486156], [-2.06505694705651, 53.3577038984], [-2.06573923755777, 53.3579043337774], [-2.06823913874582, 53.357363732235], [-2.06863121494813, 53.3575063382059], [-2.06841846632359, 53.3578841554986], [-2.06915360205527, 53.3580838223676], [-2.06990935712592, 53.3577676224957], [-2.07009459272795, 53.357937398224], [-2.07032066028823, 53.3575908861636], [-2.0710727319367, 53.3579797304454], [-2.07119656530181, 53.357743322944], [-2.07226801396864, 53.3578791338657], [-2.07257352112699, 53.3575538368971], [-2.07559619283354, 53.3577038928026], [-2.07798603957576, 53.3584341303278], [-2.07861781966565, 53.3581729648138], [-2.08150112904388, 53.3591946664262], [-2.08378561069191, 53.35950752202], [-2.08389746438861, 53.3601542564635], [-2.08700241871609, 53.3615780818264], [-2.09090313636414, 53.3640892823016], [-2.09280369073256, 53.3644728097729], [-2.09369434623187, 53.3655019301033], [-2.09415423152935, 53.3654522246755], [-2.09509196256743, 53.3660679174173], [-2.09900230955319, 53.3662500173465], [-2.10112701509814, 53.3658324441141], [-2.10134279695215, 53.3660806139858], [-2.10393844440773, 53.3660407374066], [-2.10476654877612, 53.3665212201139], [-2.10492201863621, 53.3674217406228], [-2.10385125914285, 53.3677022211621], [-2.10337243183077, 53.3682104558526], [-2.10246650580504, 53.3687145912889], [-2.10282967079765, 53.369119724888], [-2.10217333008728, 53.369288319901], [-2.10308052364398, 53.3703293697633], [-2.10253380562669, 53.370434972369], [-2.10288696318252, 53.3710530796026], [-2.10344429657921, 53.370978916888], [-2.10497560884326, 53.3721136765811], [-2.10564859274825, 53.3719468484312], [-2.10675636865791, 53.3726110053041], [-2.10470153032831, 53.3724851217469], [-2.10446055844574, 53.3754147297916], [-2.1016516456447, 53.3762008882389], [-2.10185977823544, 53.3777368541814], [-2.10046990534006, 53.3779906165768], [-2.10033925249608, 53.3787250541809], [-2.0994351606631, 53.3790727514012], [-2.09969040245082, 53.3795723366129], [-2.09605753326798, 53.3798162042645], [-2.09664961969887, 53.3803685433433], [-2.1000140294056, 53.3810668738791], [-2.09960602620587, 53.381455493212], [-2.09959460953912, 53.3836415042673], [-2.10035331781477, 53.3834188318277], [-2.10186026148974, 53.3836899279615], [-2.10083276057584, 53.3853123130013], [-2.10017353487102, 53.3901433639752], [-2.09680333224928, 53.3925262421842], [-2.09646655209824, 53.3932222108291], [-2.09685031906669, 53.394062363955], [-2.09504630423098, 53.3955336587475], [-2.09375981775237, 53.3949520009469], [-2.09301703137429, 53.3936051887521], [-2.08956296330603, 53.3917473537582], [-2.08814525297073, 53.3890900380547], [-2.08455235178542, 53.3879774965641], [-2.08279284576082, 53.387012450855], [-2.08196540297619, 53.3859568617262], [-2.07956173015661, 53.3853526455493], [-2.07789219696866, 53.3914344094852], [-2.07494745449867, 53.39111269262], [-2.07372912009469, 53.3930850915656], [-2.07169796152851, 53.3946602236652], [-2.07095331911442, 53.3957320668855], [-2.06292365592318, 53.3944736109525], [-2.05993387437168, 53.3949755870192], [-2.05718069447563, 53.3959808067911], [-2.05561757746221, 53.3957147434492], [-2.0550257939443, 53.3952289662534], [-2.05385193590294, 53.3955636604734], [-2.05257525425944, 53.3953671974189], [-2.05223056233195, 53.3939471951018], [-2.05293981979032, 53.3922920134329], [-2.05117833437902, 53.391707699631], [-2.05190329550548, 53.3906197171922], [-2.05181667799732, 53.3899357382838], [-2.04934600329672, 53.3884545435724], [-2.04863316314421, 53.3869150803116], [-2.04931229802026, 53.3852258745423], [-2.05152754409769, 53.3833031815271], [-2.05123652791079, 53.382603118201], [-2.04990399560584, 53.3820463737453], [-2.04834567041389, 53.3827130604161], [-2.04689923137198, 53.3824718265662], [-2.04623268429977, 53.381966983199], [-2.04552578302262, 53.3802072552472], [-2.04459813691897, 53.3801815466166], [-2.04364284724209, 53.3809015949968], [-2.04295231917145, 53.3807140547374], [-2.04240231989367, 53.3811242831129], [-2.04236141893196, 53.3818524163581], [-2.04151837567646, 53.3821906789056], [-2.03808165379633, 53.3821855402258], [-2.03602545742528, 53.3825529021291], [-2.03610236036692, 53.3829124997564], [-2.0329543803405, 53.383052702558], [-2.03218797647869, 53.3834043582657], [-2.03005135469988, 53.3809195610608], [-2.02823935174383, 53.3778782293336], [-2.02655493818721, 53.3763479364076], [-2.02453800599811, 53.377009028392], [-2.02449915326767, 53.3773443069901], [-2.02395445761325, 53.3764671099278], [-2.02199563874542, 53.3759578030538]]]}, "properties": {"WD24CD": "E05015030"}}, {"type": "Feature", "geometry": {"type": "Polygon", "coordinates": [[[-2.14479895252045, 53.3876458713689], [-2.13124630186075, 53.3819275886102], [-2.12357493312314, 53.3782252234888], [-2.12554379427868, 53.3771787499872], [-2.12459290434152, 53.3766139155735], [-2.12495304220465, 53.3761485116654], [-2.11733938845312, 53.3749573826928], [-2.10737073498713, 53.3696779029661], [-2.10337243183077, 53.3682104558526], [-2.10385125914285, 53.3677022211621], [-2.10492201863621, 53.3674217406228], [-2.10476654877612, 53.3665212201139], [-2.10393844440773, 53.3660407374066], [-2.10577911450804, 53.3650935455913], [-2.10665527429032, 53.3651790610082], [-2.10751192290219, 53.3647324700444], [-2.10992098997435, 53.3645146583578], [-2.11076249299056, 53.3647393168256], [-2.11147908033989, 53.3643093642362], [-2.1118323520965, 53.3645918142642], [-2.11440917787734, 53.3646204982886], [-2.11548023833705, 53.3647691220588], [-2.1158693463999, 53.3643425143365], [-2.11687239810095, 53.3645596931931], [-2.11756609906588, 53.3640818186963], [-2.11774271067606, 53.3643170537915], [-2.12072922245267, 53.363895765794], [-2.12207936141834, 53.3630371702359], [-2.12263871295022, 53.3621103378987], [-2.12429495656311, 53.3619670662243], [-2.12718028083755, 53.364037326626], [-2.12762236343813, 53.363982387352], [-2.1278843464246, 53.3646166536972], [-2.12922128619392, 53.3649631562729], [-2.13337651844004, 53.3649855699631], [-2.13651303437226, 53.3669945224141], [-2.13902531020559, 53.3673170106985], [-2.14175430012076, 53.3677398326404], [-2.14593932642427, 53.3694094228671], [-2.14793389798709, 53.369889610455], [-2.14793294948029, 53.3705125169856], [-2.14678866200369, 53.3704214523646], [-2.14577636391689, 53.3707218524574], [-2.14612378552662, 53.3708239701272], [-2.14527268420945, 53.3723049077829], [-2.14652861245333, 53.3725645069818], [-2.14691790133442, 53.3730199336094], [-2.15031611044888, 53.3733580393244], [-2.14968087290634, 53.3749351565513], [-2.14812583082411, 53.3754923991563], [-2.14777290474029, 53.3766551819482], [-2.14699320954722, 53.3768909877822], [-2.14453985989069, 53.3801172755535], [-2.15547557128968, 53.3823345328314], [-2.15338733106845, 53.38399108977], [-2.14908765463506, 53.3849408655888], [-2.14931399316352, 53.3857723923297], [-2.148081650086, 53.3874394934424], [-2.14870040570999, 53.3876715309001], [-2.1481333688581, 53.387829980987], [-2.1475512580076, 53.3888068115834], [-2.14479895252045, 53.3876458713689]]]}, "properties": {"WD24CD": "E05015031"}}, {"type": "Feature", "geometry": {"type": "Polygon", "coordinates": [[[-2.11274179648161, 53.4043268418651], [-2.11362940548342, 53.4036587460196], [-2.11325069015394, 53.403412243695], [-2.11368415855065, 53.4026974144677], [-2.11323428062546, 53.4023239817548], [-2.11373808249081, 53.4020238496407], [-2.11311860157591, 53.4013161978377], [-2.11371639475021, 53.4010502228077], [-2.11259447571516, 53.400544240823], [-2.11266595936615, 53.398977394639], [-2.11162693214727, 53.3986296955068], [-2.11178117214871, 53.3980870912029], [-2.11116957877117, 53.3976984529509], [-2.11190204054291, 53.3977242893925], [-2.1122774242098, 53.3974192622001], [-2.1118365295974, 53.396853931005], [-2.11237049788099, 53.395636965343], [-2.11419547497889, 53.3943961849537], [-2.1151899902108, 53.3931495150044], [-2.11178004654766, 53.3921338999372], [-2.11216560266349, 53.391083317177], [-2.11475780201525, 53.3880557706377], [-2.11723388459023, 53.3861091281746], [-2.120117158327, 53.3859651589449], [-2.12322629648176, 53.3841229911538], [-2.12336984096026, 53.3843654849683], [-2.12470365903661, 53.3844647893905], [-2.12644801373026, 53.3838301713008], [-2.127072889581, 53.3843076120437], [-2.12840974230188, 53.3840159268817], [-2.13124630186075, 53.3819275886102], [-2.14479895252045, 53.3876458713689], [-2.14138185874119, 53.3893651184158], [-2.14088586149015, 53.3899983081126], [-2.14548805140705, 53.3923090796504], [-2.14981520588419, 53.3960244774397], [-2.14778347793387, 53.3965680891194], [-2.14164991424099, 53.3964442178577], [-2.1291229887206, 53.3978810218428], [-2.12801462473912, 53.3984815239401], [-2.12663438516817, 53.4000012527505], [-2.12704442032465, 53.4001588760392], [-2.12659259844939, 53.4009442204342], [-2.12546035314106, 53.4005400527516], [-2.12489242351343, 53.4012659933992], [-2.1255155958457, 53.4014478480826], [-2.12532561938185, 53.4017869077634], [-2.12372995652612, 53.4013004460082], [-2.12275205560836, 53.4017392480657], [-2.12543646286354, 53.4031754833944], [-2.12501657400791, 53.4036056318998], [-2.12222640924977, 53.4035707677978], [-2.12111559437441, 53.4032995293717], [-2.12068186880252, 53.4036325376854], [-2.12249473918614, 53.4042940441601], [-2.124383799762, 53.4037572544935], [-2.12569026710643, 53.4040444312319], [-2.12518718583447, 53.4063900257931], [-2.12003791678908, 53.4046237089651], [-2.11731945952646, 53.404440298903], [-2.11429967435735, 53.4046302099829], [-2.11274179648161, 53.4043268418651]]]}, "properties": {"WD24CD": "E05015032"}}, {"type": "Feature", "geometry": {"type": "Polygon", "coordinates": [[[-2.14342403349663, 53.4448628423939], [-2.14830162959528, 53.441305536518], [-2.15827728936468, 53.4361952933904], [-2.16225547555669, 53.4332360291623], [-2.16354649194009, 53.4336641482862], [-2.16566292402633, 53.4354141498032], [-2.16654264852218, 53.4350361617601], [-2.16736819134861, 53.4356022006243], [-2.16693137292496, 53.4378274723331], [-2.17143440888693, 53.4379900093065], [-2.17163263650716, 53.4375016961397], [-2.17472650306796, 53.4379753375127], [-2.17394980593401, 53.4438621758238], [-2.17196417824895, 53.4472618175357], [-2.17287963616394, 53.44800110668], [-2.17143168478348, 53.4485101867782], [-2.16741206486192, 53.4494174679391], [-2.16604350557302, 53.4536483652789], [-2.16128237588757, 53.4518203870274], [-2.16169409689057, 53.4531447779279], [-2.15987730136294, 53.4533449219002], [-2.16036424622686, 53.4542826494784], [-2.15845128388528, 53.4549368617857], [-2.15465247981008, 53.4510481544565], [-2.15244229218366, 53.4502986313543], [-2.14924978975958, 53.4485050491047], [-2.14837720513057, 53.447412194957], [-2.14882591029456, 53.4465793590454], [-2.146980787501, 53.4454912978855], [-2.1459481517877, 53.4455419898115], [-2.14342403349663, 53.4448628423939]]]}, "properties": {"WD24CD": "E05015033"}}, {"type": "Feature", "geometry": {"type": "Polygon", "coordinates": [[[-2.14169023568556, 53.4382511319331], [-2.14317443320771, 53.4378161422411], [-2.14465414805261, 53.4377891964406], [-2.14404634326285, 53.4370096745115], [-2.14235185231545, 53.4362261483833], [-2.14386370319076, 53.4355123712575], [-2.14446743362722, 53.4346532947495], [-2.14530707829719, 53.4346036612238], [-2.14717793281938, 53.4354386109895], [-2.14762975206591, 53.4352461909129], [-2.14812254068442, 53.4337426597483], [-2.14770494254089, 53.4322114805952], [-2.14887443711065, 53.4319293660948], [-2.14814680936347, 53.4313750824367], [-2.14590306585691, 53.4310524657953], [-2.14593671133743, 53.4294876232923], [-2.14617165049531, 53.429300269912], [-2.14756447577396, 53.4295223905269], [-2.14896715710497, 53.4302641099343], [-2.149187855393, 53.4299572250876], [-2.14853481836375, 53.4282582425042], [-2.14490824009209, 53.4279517077633], [-2.14575194055605, 53.4273466374144], [-2.14744442120166, 53.4271630328965], [-2.14748019831924, 53.426635328673], [-2.14620742167021, 53.4258513428793], [-2.14403573657817, 53.4258341352837], [-2.14358122461859, 53.4271605713811], [-2.1430408347444, 53.4275656825585], [-2.14268386543574, 53.4274600766606], [-2.14273190153873, 53.425198422364], [-2.14151664626903, 53.4237531406116], [-2.14228819810769, 53.4234489658185], [-2.14486277569167, 53.4238395234228], [-2.14741784704702, 53.4238139158638], [-2.14798315097485, 53.4223912962168], [-2.14782377558547, 53.4211177529779], [-2.1484676164414, 53.4202101003371], [-2.15064756775125, 53.4194139252316], [-2.15136628041454, 53.4186321816386], [-2.15435884331489, 53.4184158739456], [-2.15528667361413, 53.418049375436], [-2.15554776312462, 53.416285369681], [-2.15647136817632, 53.4154337199659], [-2.15649695674762, 53.4145960914835], [-2.1590407263869, 53.4139934127942], [-2.16675819741659, 53.4105904360876], [-2.17003294855882, 53.4145589537866], [-2.17057216717662, 53.4158596877016], [-2.17027298698491, 53.4174214090946], [-2.17310434030572, 53.4218118075004], [-2.1769256724974, 53.4270636198196], [-2.17448774643694, 53.4292909877332], [-2.16920225230355, 53.4312239605379], [-2.16777978321939, 53.4327162177045], [-2.16654264852218, 53.4350361617601], [-2.16566292402633, 53.4354141498032], [-2.16354649194009, 53.4336641482862], [-2.16225547555669, 53.4332360291623], [-2.15827728936468, 53.4361952933904], [-2.14830162959528, 53.441305536518], [-2.14342403349663, 53.4448628423939], [-2.14290351410126, 53.4445605520178], [-2.14457312320952, 53.443655180972], [-2.1437583271455, 53.4426647472278], [-2.14268659380945, 53.4422543878794], [-2.14174218691533, 53.4398447435751], [-2.14225682874218, 53.4397830255291], [-2.14169023568556, 53.4382511319331]]]}, "properties": {"WD24CD": "E05015034"}}, {"type": "Feature", "geometry": {"type": "Polygon", "coordinates": [[[-2.34211734497838, 53.395754699618], [-2.34170422380353, 53.3954332019259], [-2.34251810209865, 53.393791391951], [-2.3421427417558, 53.3931228417863], [-2.34243150753814, 53.392386698463], [-2.34125688854748, 53.3912279194597], [-2.33408553922776, 53.3919349377198], [-2.32956574990307, 53.3915861827034], [-2.32936454227724, 53.3904712208976], [-2.32833755636636, 53.3897916780884], [-2.32849326589247, 53.3894116303774], [-2.32614272509604, 53.3887713508954], [-2.32645653435056, 53.3865098732741], [-2.32944781026917, 53.3868670409932], [-2.33002156061499, 53.3834143882714], [-2.33078077951567, 53.3823488393349], [-2.33274416281343, 53.3831848613549], [-2.33274878047968, 53.3845288064755], [-2.33400523304576, 53.3851865571595], [-2.33521617941961, 53.3841378044203], [-2.33888034619664, 53.3851143781647], [-2.33918103473493, 53.3843657134443], [-2.34331713818898, 53.385990886361], [-2.34583880873808, 53.386267769818], [-2.34639363936265, 53.3842292776013], [-2.34819806424213, 53.3843897893808], [-2.34756587122255, 53.3816377938331], [-2.35034102947597, 53.3818229664214], [-2.35227394854094, 53.381970728684], [-2.35247266544365, 53.3824389748695], [-2.35869564328603, 53.3833414884068], [-2.36070562905296, 53.3842126370456], [-2.36211270277371, 53.384029555735], [-2.3619708000069, 53.3864136856348], [-2.36260631706393, 53.3867344351064], [-2.3629111428547, 53.3882732437423], [-2.36416773985728, 53.3887584304285], [-2.36402870729768, 53.391449978136], [-2.3634303091728, 53.3919694217352], [-2.36424398272407, 53.3939683603218], [-2.36428390594237, 53.3951348527719], [-2.36369041546257, 53.3952105472779], [-2.36402347958824, 53.3957294849524], [-2.35221904476074, 53.3981881324164], [-2.34774925148301, 53.3994344728521], [-2.34404369111911, 53.399642914951], [-2.34427867685914, 53.398573547082], [-2.34325467295838, 53.3972983493047], [-2.34337926779349, 53.3967137286537], [-2.34211734497838, 53.395754699618]]]}, "properties": {"WD24CD": "E05015239"}}, {"type": "Feature", "geometry": {"type": "Polygon", "coordinates": [[[-2.33482389366577, 53.4374546147024], [-2.3341477804646, 53.4351140314681], [-2.33174931181851, 53.4348375971508], [-2.32997658611917, 53.4339014207408], [-2.32729106269261, 53.4330765555725], [-2.32536484180098, 53.4331123952974], [-2.32344632873531, 53.4325935640879], [-2.3216658112463, 53.4331889587881], [-2.31990963109466, 53.4330309607013], [-2.3177029504243, 53.4342180064055], [-2.31602367344397, 53.434659815094], [-2.31599199107432, 53.4346738479038], [-2.31693640734584, 53.4331522401627], [-2.31932407754971, 53.4308159454024], [-2.33185851025458, 53.4196411247244], [-2.33438086343108, 53.4210641950687], [-2.34285752313264, 53.42414466068], [-2.344650098496, 53.4288459326902], [-2.34614333165327, 53.4294411460669], [-2.34940218590277, 53.429692301999], [-2.34938747129451, 53.4326856041261], [-2.34737998182343, 53.4340154906266], [-2.34534979534731, 53.4368348477733], [-2.34349373145489, 53.438258466561], [-2.34087872440304, 53.4363937724058], [-2.33569523922087, 53.4376237922611], [-2.33482389366577, 53.4374546147024]]]}, "properties": {"WD24CD": "E05015240"}}, {"type": "Feature", "geometry": {"type": "Polygon", "coordinates": [[[-2.36402347958824, 53.3957294849524], [-2.36369041546257, 53.3952105472779], [-2.36428390594237, 53.3951348527719], [-2.36424398272407, 53.3939683603218], [-2.3634303091728, 53.3919694217352], [-2.36402870729768, 53.391449978136], [-2.36416773985728, 53.3887584304285], [-2.3629111428547, 53.3882732437423], [-2.36260631706393, 53.3867344351064], [-2.3619708000069, 53.3864136856348], [-2.36211270277371, 53.384029555735], [-2.36070562905296, 53.3842126370456], [-2.35869564328603, 53.3833414884068], [-2.35247266544365, 53.3824389748695], [-2.35227394854094, 53.381970728684], [-2.35034102947597, 53.3818229664214], [-2.34980549323872, 53.3790488616441], [-2.35066883155411, 53.3787434120597], [-2.35183642261096, 53.3788855484723], [-2.35146548533643, 53.3778404058811], [-2.35224650310695, 53.3752224674431], [-2.34855602826021, 53.3749905830922], [-2.34761808853312, 53.3738957598194], [-2.34826415689242, 53.3736728211327], [-2.34961854264846, 53.3720437352375], [-2.34983361334709, 53.3704250765011], [-2.35124876743165, 53.3694366794111], [-2.35363242989543, 53.3692625016632], [-2.35349779577169, 53.3684350149617], [-2.35395823930061, 53.3682285345654], [-2.35724617349355, 53.3684472346768], [-2.35710434219038, 53.3668938834355], [-2.36019779724051, 53.3668487251729], [-2.3605644930754, 53.3666186759991], [-2.36048628609496, 53.365721659899], [-2.35906945095034, 53.3647539813852], [-2.35924423748942, 53.3643454582455], [-2.36193998469177, 53.3640107556778], [-2.36336266752188, 53.3645131271127], [-2.3635097682411, 53.3639641883572], [-2.36450996837648, 53.3638760153818], [-2.36396107370386, 53.3632818286807], [-2.36495745612687, 53.3631006303897], [-2.36562228946272, 53.3633344596968], [-2.3661635047276, 53.3642918961104], [-2.36717766580681, 53.364393948944], [-2.36799755568834, 53.364138266275], [-2.36882440306069, 53.3645336602019], [-2.36875748312282, 53.3638897542401], [-2.36950668874988, 53.3636135851273], [-2.36991360114047, 53.3640777319513], [-2.37082561018794, 53.3641289035658], [-2.370435331983, 53.3645730890118], [-2.37320200662041, 53.3656023878466], [-2.37558887508355, 53.3652794802019], [-2.37711244403866, 53.3659672506803], [-2.37793159657516, 53.3660162523317], [-2.37813496836507, 53.3668520054984], [-2.38011688845612, 53.3676443480789], [-2.3798035873587, 53.3681719030488], [-2.38035440598795, 53.3685006972342], [-2.37993713573719, 53.3688230668356], [-2.38108525523508, 53.3692840287907], [-2.38055160186193, 53.3695227640466], [-2.380724631563, 53.3698642310856], [-2.38220883459469, 53.3702905819615], [-2.38271074492752, 53.3694290252501], [-2.38361809223302, 53.3700848915807], [-2.38472948085349, 53.3700523588556], [-2.38643785092514, 53.3703441902741], [-2.38720884624878, 53.3710699538146], [-2.39035545498021, 53.3707225284324], [-2.39072997515702, 53.371916891319], [-2.39171259028607, 53.372352587436], [-2.3930405565081, 53.3724713644391], [-2.39605331729741, 53.3744528541785], [-2.39779213364122, 53.3744398786758], [-2.39804149003563, 53.3748571137], [-2.40070250716847, 53.375245869941], [-2.4009154347286, 53.3760061354694], [-2.39946634340758, 53.3764662701688], [-2.39982427065195, 53.3770456491366], [-2.40077794047629, 53.3777699032719], [-2.403908191266, 53.3785105300146], [-2.40712776417578, 53.3798405189989], [-2.40850598518089, 53.3820990728372], [-2.40780650005028, 53.3825581799843], [-2.40803672973272, 53.3828157283235], [-2.41086801055881, 53.3839470396888], [-2.41720669904209, 53.3847655851563], [-2.4187756211539, 53.3863327395563], [-2.41967944569877, 53.3862365834477], [-2.42064674480228, 53.3867383747079], [-2.42244714867826, 53.3863527176842], [-2.42331132190205, 53.3872269648309], [-2.42457755958959, 53.3866435881553], [-2.42515301233767, 53.3872150306233], [-2.42658992510444, 53.3874615160331], [-2.42799397804717, 53.3889784877585], [-2.42842575645382, 53.3884189247749], [-2.43000966374556, 53.3883459973747], [-2.43190876561493, 53.3877287246888], [-2.43344998694826, 53.3883109094757], [-2.43321808638608, 53.3891642357849], [-2.43401947598143, 53.3895143113918], [-2.43536418225557, 53.3891615540519], [-2.43617141646182, 53.3894054352946], [-2.43700388748774, 53.3892648628885], [-2.43881143713497, 53.3900865376149], [-2.43860068218399, 53.3915818613001], [-2.43993393748885, 53.3914282823403], [-2.44049779687322, 53.3909747007702], [-2.44163950222761, 53.3909995155186], [-2.44288798333495, 53.3920089947025], [-2.44557926577771, 53.3922026617403], [-2.44524460443357, 53.3928862336216], [-2.44672948508979, 53.3931802769145], [-2.44686596621269, 53.3937054189213], [-2.44817322504114, 53.3942651832933], [-2.44839398023485, 53.3948082545104], [-2.45088481851894, 53.3949697503408], [-2.45186572493561, 53.3946252847299], [-2.45222589177478, 53.3953059771941], [-2.45295278342865, 53.3949884410891], [-2.45289055282137, 53.3944956515203], [-2.45454369430998, 53.3939315360154], [-2.45540128720508, 53.3943237678305], [-2.45613910879655, 53.3939353392197], [-2.45697625256135, 53.3942142015827], [-2.45752336163038, 53.3938103142554], [-2.45836956978392, 53.3938547084365], [-2.45856130739403, 53.392988545375], [-2.45999760745971, 53.3943455197061], [-2.46091268914642, 53.3939575461134], [-2.46306337947178, 53.3947430136209], [-2.46406844252076, 53.3941822637077], [-2.46589799976057, 53.3947764816509], [-2.46622274000548, 53.3941364784749], [-2.46819192534182, 53.3938590221328], [-2.46797603294197, 53.3931654925134], [-2.47102635831352, 53.3923311089309], [-2.47258280433088, 53.3927318705825], [-2.4735445692065, 53.3937301179549], [-2.47563501099513, 53.3941911918756], [-2.47843960282684, 53.3962132282149], [-2.47173248690265, 53.3977509580226], [-2.46597670462298, 53.4007478647182], [-2.46210132834322, 53.4038522824475], [-2.45625702655382, 53.4108237418109], [-2.45368136449011, 53.4132128395358], [-2.45288062844347, 53.413315620318], [-2.45185342998076, 53.4129312248917], [-2.45158912702363, 53.4134031761377], [-2.45089492803064, 53.4132000192527], [-2.45078309497749, 53.4135806356971], [-2.44980326732784, 53.4135349032671], [-2.44884516132131, 53.4139851951445], [-2.44782017266052, 53.4138093205175], [-2.44616978564205, 53.4142415149447], [-2.44588350185286, 53.4137688452363], [-2.44553876887993, 53.4138987190983], [-2.44415886331122, 53.4134337097799], [-2.44380708366979, 53.4128867853316], [-2.44289465170539, 53.4129620565889], [-2.44303746278214, 53.4126550178233], [-2.44074738343242, 53.4114679948701], [-2.43909612969856, 53.4109347364682], [-2.4355183638741, 53.4107645122588], [-2.43334006505911, 53.4095859262873], [-2.43185378076268, 53.4100290100199], [-2.43131735175554, 53.4105343386056], [-2.429793458316, 53.4105371318618], [-2.42828531821386, 53.4112193641174], [-2.42736141997336, 53.4107436316543], [-2.42682887488412, 53.4110484493138], [-2.42592029153496, 53.4106013153597], [-2.42339371056061, 53.4102327932297], [-2.42082398277552, 53.4105025489182], [-2.4190085363404, 53.4100819154177], [-2.41831418117697, 53.410612898323], [-2.41689820652356, 53.410578306984], [-2.41553767707833, 53.4098945426159], [-2.4145468206323, 53.410411168669], [-2.4146379557462, 53.4100378474398], [-2.41405351279425, 53.4099625936426], [-2.41306913311757, 53.4103686580227], [-2.41200084387368, 53.4103597641162], [-2.41069945811935, 53.4114420125504], [-2.40792876043914, 53.4103764237842], [-2.40769410118362, 53.410858150403], [-2.40665451758535, 53.4105309193259], [-2.40573117094642, 53.4126274146206], [-2.40688950525848, 53.4145137534731], [-2.40490303982819, 53.4150930786211], [-2.39460088563673, 53.4150017165329], [-2.3796481719348, 53.4153701065148], [-2.38036367275659, 53.4146370101032], [-2.38020035193856, 53.4105073386742], [-2.37794265296619, 53.4098529499573], [-2.37772065850573, 53.4082348401386], [-2.37410977865155, 53.4074516539691], [-2.36819615662048, 53.4052983798193], [-2.36978999441165, 53.400222989557], [-2.36898931286836, 53.3999792482436], [-2.36968903398118, 53.3982952859204], [-2.37061869558827, 53.3971221741083], [-2.3751956116157, 53.3961784892986], [-2.37465036845463, 53.3953972556377], [-2.37513484195247, 53.3952627449223], [-2.37468355538601, 53.3940408174171], [-2.36779452140031, 53.3946860079287], [-2.36402347958824, 53.3957294849524]]]}, "properties": {"WD24CD": "E05015241"}}, {"type": "Feature", "geometry": {"type": "Polygon", "coordinates": [[[-2.36458967428028, 53.4163904263813], [-2.3632735638095, 53.4146677049449], [-2.3653306942685, 53.4093132729732], [-2.36480599487688, 53.4091612166485], [-2.35860987797863, 53.408617283042], [-2.35781897117652, 53.4103912984122], [-2.35891927944184, 53.4107016991893], [-2.35873910642156, 53.4110563057225], [-2.36021383959628, 53.4117502051128], [-2.35606467318693, 53.4136445512987], [-2.35111475832767, 53.4135971964129], [-2.35080683239984, 53.4138380982815], [-2.34796363700973, 53.4140459881078], [-2.34786321076087, 53.413263827476], [-2.34704742616503, 53.4135848526939], [-2.34682166640151, 53.4132337970095], [-2.34485983516473, 53.4133681345771], [-2.34390598200994, 53.4122591646252], [-2.34116553769567, 53.411484585167], [-2.34551998721276, 53.4078919264136], [-2.34341500016206, 53.4078107584628], [-2.34122887656022, 53.4072013244779], [-2.33547477446389, 53.4080877685702], [-2.33488120071712, 53.4079636354829], [-2.33875495350821, 53.4039034865662], [-2.33912710862657, 53.4039909970746], [-2.34031477262998, 53.4027819306521], [-2.34774925148301, 53.3994344728521], [-2.35221904476074, 53.3981881324164], [-2.36402347958824, 53.3957294849524], [-2.36779452140031, 53.3946860079287], [-2.37468355538601, 53.3940408174171], [-2.37513484195247, 53.3952627449223], [-2.37465036845463, 53.3953972556377], [-2.3751956116157, 53.3961784892986], [-2.37061869558827, 53.3971221741083], [-2.36968903398118, 53.3982952859204], [-2.36898931286836, 53.3999792482436], [-2.36978999441165, 53.400222989557], [-2.36819615662048, 53.4052983798193], [-2.37410977865155, 53.4074516539691], [-2.37772065850573, 53.4082348401386], [-2.37794265296619, 53.4098529499573], [-2.38020035193856, 53.4105073386742], [-2.38036367275659, 53.4146370101032], [-2.3796481719348, 53.4153701065148], [-2.37231041102133, 53.4156583475903], [-2.3695606372716, 53.4150215079481], [-2.36860685143973, 53.414503986451], [-2.36488824640771, 53.4166492973001], [-2.36458967428028, 53.4163904263813]]]}, "properties": {"WD24CD": "E05015242"}}, {"type": "Feature", "geometry": {"type": "Polygon", "coordinates": [[[-2.30432113438047, 53.4098685721081], [-2.30590190777951, 53.410056824748], [-2.30724482677277, 53.4097863876986], [-2.31271176603486, 53.4098225659918], [-2.3158577459864, 53.410896459765], [-2.31823481092537, 53.411121162305], [-2.31991901980795, 53.4116235530242], [-2.32144949474879, 53.4116019301544], [-2.32470139669773, 53.4107432253425], [-2.32526835709564, 53.4103273003434], [-2.32813147550917, 53.4102798931716], [-2.33069243794757, 53.4089074326976], [-2.33488120071712, 53.4079636354829], [-2.33547477446389, 53.4080877685702], [-2.34122887656022, 53.4072013244779], [-2.34341500016206, 53.4078107584628], [-2.34551998721276, 53.4078919264136], [-2.34116553769567, 53.411484585167], [-2.33185851025458, 53.4196411247244], [-2.32546288143645, 53.4173640190601], [-2.3226213453528, 53.4176450284679], [-2.31043883802032, 53.4176531036256], [-2.3091655988415, 53.4178137682563], [-2.30701529757384, 53.4188188684881], [-2.30372076676648, 53.4197468824682], [-2.30261722936281, 53.4145875099813], [-2.30310748287428, 53.4145566069955], [-2.30249022282173, 53.4113356488406], [-2.30450971822876, 53.4112073883681], [-2.30432113438047, 53.4098685721081]]]}, "properties": {"WD24CD": "E05015243"}}, {"type": "Feature", "geometry": {"type": "Polygon", "coordinates": [[[-2.3672664700561, 53.4364745460295], [-2.3681734939797, 53.4348747952619], [-2.36735855425012, 53.4342430215839], [-2.36703408777905, 53.433086290189], [-2.36485839022496, 53.4318890629686], [-2.3632958722805, 53.4324542330187], [-2.36088679007389, 53.4315113418939], [-2.35997120595019, 53.4326800508599], [-2.36073484346571, 53.4333552106453], [-2.36100148639068, 53.4344789696821], [-2.36046231809885, 53.4354217857285], [-2.35956033990921, 53.4357347297513], [-2.35753266609325, 53.4354569323198], [-2.35633199953742, 53.4367253053428], [-2.3531801735788, 53.4379340706296], [-2.35183179057022, 53.4378793686336], [-2.35125118840283, 53.4373988801551], [-2.3503559369703, 53.4376401777402], [-2.35231651766722, 53.4396488733912], [-2.35215648613157, 53.4399812069434], [-2.35096819057371, 53.4398799555497], [-2.34651765764894, 53.44079226362], [-2.34349373145489, 53.438258466561], [-2.34534979534731, 53.4368348477733], [-2.34737998182343, 53.4340154906266], [-2.34938747129451, 53.4326856041261], [-2.34940218590277, 53.429692301999], [-2.34955327852175, 53.4277467328698], [-2.35058932159934, 53.4272726332062], [-2.35042671248027, 53.4263427849521], [-2.35359393160081, 53.4264620096341], [-2.35375838045698, 53.42506014422], [-2.35821540003186, 53.4252095601061], [-2.35968042163897, 53.4247620450253], [-2.36211761430824, 53.4177866474018], [-2.36458967428028, 53.4163904263813], [-2.36488824640771, 53.4166492973001], [-2.36860685143973, 53.414503986451], [-2.3695606372716, 53.4150215079481], [-2.37231041102133, 53.4156583475903], [-2.3796481719348, 53.4153701065148], [-2.39460088563673, 53.4150017165329], [-2.40490303982819, 53.4150930786211], [-2.40688950525848, 53.4145137534731], [-2.40573117094642, 53.4126274146206], [-2.40665451758535, 53.4105309193259], [-2.40769410118362, 53.410858150403], [-2.40792876043914, 53.4103764237842], [-2.41069945811935, 53.4114420125504], [-2.41200084387368, 53.4103597641162], [-2.41306913311757, 53.4103686580227], [-2.41405351279425, 53.4099625936426], [-2.4146379557462, 53.4100378474398], [-2.4145468206323, 53.410411168669], [-2.41553767707833, 53.4098945426159], [-2.41689820652356, 53.410578306984], [-2.41831418117697, 53.410612898323], [-2.4190085363404, 53.4100819154177], [-2.42082398277552, 53.4105025489182], [-2.42339371056061, 53.4102327932297], [-2.42592029153496, 53.4106013153597], [-2.42682887488412, 53.4110484493138], [-2.42736141997336, 53.4107436316543], [-2.42828531821386, 53.4112193641174], [-2.429793458316, 53.4105371318618], [-2.43131735175554, 53.4105343386056], [-2.43185378076268, 53.4100290100199], [-2.43334006505911, 53.4095859262873], [-2.4355183638741, 53.4107645122588], [-2.43909612969856, 53.4109347364682], [-2.44074738343242, 53.4114679948701], [-2.44303746278214, 53.4126550178233], [-2.44289465170539, 53.4129620565889], [-2.44380708366979, 53.4128867853316], [-2.44415886331122, 53.4134337097799], [-2.44553876887993, 53.4138987190983], [-2.44588350185286, 53.4137688452363], [-2.44616978564205, 53.4142415149447], [-2.44782017266052, 53.4138093205175], [-2.44884516132131, 53.4139851951445], [-2.44980326732784, 53.4135349032671], [-2.45078309497749, 53.4135806356971], [-2.45089492803064, 53.4132000192527], [-2.45158912702363, 53.4134031761377], [-2.45185342998076, 53.4129312248917], [-2.45288062844347, 53.413315620318], [-2.45368136449011, 53.4132128395358], [-2.45078030776817, 53.415300102822], [-2.44937818830286, 53.4158914433775], [-2.42682366510794, 53.4251009934751], [-2.42238679430896, 53.4273386933042], [-2.41928577179957, 53.4295598681911], [-2.41727817064827, 53.4315704743989], [-2.41351918719571, 53.4375320969783], [-2.41094204554119, 53.4386213550613], [-2.40605692942803, 53.4395458902791], [-2.40407718500007, 53.4398429314471], [-2.4011973237593, 53.4396000553179], [-2.40096272601161, 53.4390655800598], [-2.40209166631907, 53.4377031792326], [-2.40020911426007, 53.4366421183366], [-2.40015917004267, 53.4353317649865], [-2.39926429943783, 53.4344448984144], [-2.39644926522793, 53.4340794501485], [-2.3935886378139, 53.432766249614], [-2.39120398764235, 53.4324581334503], [-2.38927058088419, 53.4331238852125], [-2.38831602463337, 53.4343845842569], [-2.38885275025219, 53.4350873618585], [-2.39054739855625, 53.4358192726165], [-2.39158477612218, 53.4367907552568], [-2.39123653527379, 53.4390453132241], [-2.38938703892899, 53.4400778428935], [-2.38473758800832, 53.4407324851004], [-2.38459203890706, 53.4403081641784], [-2.38644717046194, 53.439406334606], [-2.3865518405258, 53.4385110224808], [-2.38623977275125, 53.4380507302553], [-2.38429581302882, 53.4375500588862], [-2.38311071434228, 53.437703390963], [-2.38403744380829, 53.4389190971671], [-2.38346905432305, 53.4393866621031], [-2.38190055078964, 53.4396093769189], [-2.3784541690633, 53.4392511417316], [-2.37863417846936, 53.4385224755657], [-2.38030837593957, 53.4387046453397], [-2.38079859991274, 53.4381268480881], [-2.38086110001276, 53.4373284256408], [-2.37958787253943, 53.4360276857662], [-2.37746976741856, 53.4365158426524], [-2.37512214630104, 53.4356259942837], [-2.37463412407404, 53.4368902586431], [-2.37278756254248, 53.4366848620327], [-2.36834414778849, 53.4372694578913], [-2.36731754121479, 53.4370443182009], [-2.3672664700561, 53.4364745460295]]]}, "properties": {"WD24CD": "E05015244"}}, {"type": "Feature", "geometry": {"type": "Polygon", "coordinates": [[[-2.357408504848, 53.4578980398546], [-2.36255503137251, 53.4522728317074], [-2.36318254263242, 53.4522759803506], [-2.37696711836089, 53.45227031153], [-2.38159981941181, 53.4526996486372], [-2.38288032664092, 53.4525177730857], [-2.3825524542671, 53.4498669690561], [-2.38160576181644, 53.4484510270814], [-2.38184845405459, 53.4481582422716], [-2.39689459202809, 53.4478747062905], [-2.39705406363755, 53.4487245240232], [-2.40044840452581, 53.4484597180314], [-2.40233256153093, 53.4490157460173], [-2.40410306919312, 53.4485180953262], [-2.40455939156069, 53.4480531926568], [-2.40493054098878, 53.4486860736042], [-2.40593878122385, 53.4485464743347], [-2.40745724100412, 53.4488022427491], [-2.4054940025591, 53.4510863669109], [-2.40102366283283, 53.4551257075191], [-2.39777201595699, 53.4575005696667], [-2.39325289250105, 53.4601564840626], [-2.38621254736296, 53.4633839283615], [-2.37994970506734, 53.4652431434264], [-2.37712170280825, 53.4665195168017], [-2.36907469600764, 53.4692655018907], [-2.36686761765471, 53.467495333497], [-2.36507465789739, 53.466564232422], [-2.3576213264786, 53.464585042618], [-2.35718934863798, 53.4637199075948], [-2.35822690242006, 53.4599690312037], [-2.357408504848, 53.4578980398546]]]}, "properties": {"WD24CD": "E05015245"}}, {"type": "Feature", "geometry": {"type": "Polygon", "coordinates": [[[-2.36318254263242, 53.4522759803506], [-2.36281886153996, 53.4506257779122], [-2.36402837076797, 53.4504957953282], [-2.36375740957757, 53.4485459592483], [-2.36422525178106, 53.448287083894], [-2.36728356131236, 53.4490342087504], [-2.36729419953491, 53.4473339050725], [-2.36624499724969, 53.4463941002046], [-2.36340913372706, 53.4468276512224], [-2.3631364978531, 53.4450451119725], [-2.36250191937317, 53.4447809685274], [-2.36213932240047, 53.443917434899], [-2.36137356952833, 53.4436249298006], [-2.36364340771394, 53.442169914566], [-2.36284989329291, 53.4419673638637], [-2.36324427627626, 53.4410826519685], [-2.36290561330089, 53.4373686694784], [-2.36479554584824, 53.4372927116397], [-2.36605733471991, 53.4366362702456], [-2.3672664700561, 53.4364745460295], [-2.36731754121479, 53.4370443182009], [-2.36834414778849, 53.4372694578913], [-2.37278756254248, 53.4366848620327], [-2.37463412407404, 53.4368902586431], [-2.37512214630104, 53.4356259942837], [-2.37746976741856, 53.4365158426524], [-2.37958787253943, 53.4360276857662], [-2.38086110001276, 53.4373284256408], [-2.38079859991274, 53.4381268480881], [-2.38030837593957, 53.4387046453397], [-2.37863417846936, 53.4385224755657], [-2.3784541690633, 53.4392511417316], [-2.38190055078964, 53.4396093769189], [-2.38346905432305, 53.4393866621031], [-2.38403744380829, 53.4389190971671], [-2.38311071434228, 53.437703390963], [-2.38429581302882, 53.4375500588862], [-2.38623977275125, 53.4380507302553], [-2.3865518405258, 53.4385110224808], [-2.38644717046194, 53.439406334606], [-2.38459203890706, 53.4403081641784], [-2.38473758800832, 53.4407324851004], [-2.38938703892899, 53.4400778428935], [-2.39123653527379, 53.4390453132241], [-2.39158477612218, 53.4367907552568], [-2.39054739855625, 53.4358192726165], [-2.38885275025219, 53.4350873618585], [-2.38831602463337, 53.4343845842569], [-2.38927058088419, 53.4331238852125], [-2.39120398764235, 53.4324581334503], [-2.3935886378139, 53.432766249614], [-2.39644926522793, 53.4340794501485], [-2.39926429943783, 53.4344448984144], [-2.40015917004267, 53.4353317649865], [-2.40020911426007, 53.4366421183366], [-2.40209166631907, 53.4377031792326], [-2.40096272601161, 53.4390655800598], [-2.4011973237593, 53.4396000553179], [-2.40407718500007, 53.4398429314471], [-2.40605692942803, 53.4395458902791], [-2.41094204554119, 53.4386213550613], [-2.41351918719571, 53.4375320969783], [-2.41398805571466, 53.4380778047265], [-2.41320786935246, 53.438500323629], [-2.41279317711683, 53.4396639899344], [-2.41075146716279, 53.4421158107291], [-2.40956525390683, 53.4457350937527], [-2.40745724100412, 53.4488022427491], [-2.40593878122385, 53.4485464743347], [-2.40493054098878, 53.4486860736042], [-2.40455939156069, 53.4480531926568], [-2.40410306919312, 53.4485180953262], [-2.40233256153093, 53.4490157460173], [-2.40044840452581, 53.4484597180314], [-2.39705406363755, 53.4487245240232], [-2.39689459202809, 53.4478747062905], [-2.38184845405459, 53.4481582422716], [-2.38160576181644, 53.4484510270814], [-2.3825524542671, 53.4498669690561], [-2.38288032664092, 53.4525177730857], [-2.38159981941181, 53.4526996486372], [-2.37696711836089, 53.45227031153], [-2.36318254263242, 53.4522759803506]]]}, "properties": {"WD24CD": "E05015246"}}, {"type": "Feature", "geometry": {"type": "Polygon", "coordinates": [[[-2.30440355404355, 53.4730953548052], [-2.30044734642131, 53.4713768627183], [-2.2838095163146, 53.465311626118], [-2.28125938278333, 53.46486196207], [-2.27850204439142, 53.4656728322699], [-2.2708003969945, 53.4706989081027], [-2.26532011730774, 53.4727290175143], [-2.26509579134438, 53.4725111540708], [-2.26816072371617, 53.4697071351185], [-2.26570684414586, 53.4697332555556], [-2.26456498148561, 53.4687704233779], [-2.26511448574373, 53.4684707895679], [-2.26457157263378, 53.4678877258281], [-2.26270236037881, 53.4674352630322], [-2.25981080301058, 53.4653326992794], [-2.27663612857586, 53.462041018006], [-2.28060329871583, 53.4598270305061], [-2.28703257611318, 53.4545972618332], [-2.29248842408334, 53.4516245356881], [-2.29393499323456, 53.4510169791667], [-2.29718865059963, 53.4536128312949], [-2.30057836705832, 53.4521391458165], [-2.30182274113168, 53.4507284246607], [-2.31638534619069, 53.4530212386997], [-2.31807199798343, 53.4560922815359], [-2.31769418014705, 53.4587338257999], [-2.32436903093221, 53.4618576192582], [-2.32821104200708, 53.4646124870845], [-2.34598489432315, 53.4722750897134], [-2.35136532103705, 53.4740129329333], [-2.35217725616451, 53.474725190317], [-2.32946689531268, 53.4799946373209], [-2.32400756852191, 53.4803619896056], [-2.31920313273669, 53.4796514391214], [-2.31634823209477, 53.4786964031993], [-2.30440355404355, 53.4730953548052]]]}, "properties": {"WD24CD": "E05015247"}}, {"type": "Feature", "geometry": {"type": "Polygon", "coordinates": [[[-2.33002156061499, 53.3834143882714], [-2.32682772926355, 53.3832370256568], [-2.32556673520145, 53.3828818382263], [-2.32517950494933, 53.3833664306664], [-2.32334592073048, 53.3834263126415], [-2.3229181053068, 53.3825259026753], [-2.32475369470408, 53.3770405302718], [-2.32568489623193, 53.3761827244726], [-2.32529204025, 53.3759197736333], [-2.32639237966274, 53.3747269118271], [-2.32764479390474, 53.3742843888251], [-2.32711808977954, 53.3722499074419], [-2.32983970074476, 53.3724028706533], [-2.32984327940571, 53.372863977607], [-2.33228903021922, 53.3728113572855], [-2.33242795758669, 53.3723179442296], [-2.33165010331592, 53.3715407918242], [-2.33219650826272, 53.3709734389742], [-2.33352665484586, 53.3710735511918], [-2.33649203906019, 53.3704158049334], [-2.3392326396387, 53.370510522574], [-2.33942082637711, 53.3688596473319], [-2.3382690188236, 53.3687775472644], [-2.3384629387322, 53.3678430756335], [-2.34011839480885, 53.3677521071591], [-2.34009023739994, 53.3674437781416], [-2.34368012427838, 53.3665486477158], [-2.347759432124, 53.3678325541402], [-2.34803308271366, 53.3662671008416], [-2.34889246331136, 53.3659099894818], [-2.35095090103177, 53.3665423356679], [-2.3518984428003, 53.3680546740894], [-2.3528206102114, 53.3683467795177], [-2.35337209698296, 53.3680136475901], [-2.35395823930061, 53.3682285345654], [-2.35349779577169, 53.3684350149617], [-2.35363242989543, 53.3692625016632], [-2.35124876743165, 53.3694366794111], [-2.34983361334709, 53.3704250765011], [-2.34961854264846, 53.3720437352375], [-2.34826415689242, 53.3736728211327], [-2.34761808853312, 53.3738957598194], [-2.34855602826021, 53.3749905830922], [-2.35224650310695, 53.3752224674431], [-2.35146548533643, 53.3778404058811], [-2.35183642261096, 53.3788855484723], [-2.35066883155411, 53.3787434120597], [-2.34980549323872, 53.3790488616441], [-2.35034102947597, 53.3818229664214], [-2.34756587122255, 53.3816377938331], [-2.34819806424213, 53.3843897893808], [-2.34639363936265, 53.3842292776013], [-2.34583880873808, 53.386267769818], [-2.34331713818898, 53.385990886361], [-2.33918103473493, 53.3843657134443], [-2.33888034619664, 53.3851143781647], [-2.33521617941961, 53.3841378044203], [-2.33400523304576, 53.3851865571595], [-2.33274878047968, 53.3845288064755], [-2.33274416281343, 53.3831848613549], [-2.33078077951567, 53.3823488393349], [-2.33002156061499, 53.3834143882714]]]}, "properties": {"WD24CD": "E05015248"}}, {"type": "Feature", "geometry": {"type": "Polygon", "coordinates": [[[-2.29961926585382, 53.3876642429107], [-2.29976204882801, 53.3870131172439], [-2.29914815322131, 53.3860987124612], [-2.30021527041462, 53.3849868005617], [-2.29987382245749, 53.3843306014993], [-2.29654722846705, 53.3822518132737], [-2.2942103441462, 53.3817137579352], [-2.29268266407114, 53.3808006667238], [-2.2885850798079, 53.376893355902], [-2.28722104351733, 53.3763466079332], [-2.28566460664445, 53.3762451140153], [-2.28634280926889, 53.3758471159004], [-2.29011663302893, 53.3727009821209], [-2.29056303727189, 53.3727052884908], [-2.29266398868835, 53.3702687138022], [-2.29623639630464, 53.3631238882537], [-2.29859454979864, 53.3608249451498], [-2.30008539157613, 53.3600068885932], [-2.30603892327607, 53.3583819233459], [-2.31401249663183, 53.3574304165407], [-2.31393904902942, 53.3583739724056], [-2.31524067324231, 53.3590460435045], [-2.31788406503288, 53.3591051043032], [-2.31977713324574, 53.3585867967893], [-2.32125538261326, 53.3594556305626], [-2.32213790855884, 53.3595260616912], [-2.32272698686432, 53.3591388568082], [-2.32248787236267, 53.3585138902224], [-2.32347548366332, 53.3582770636806], [-2.32452509672031, 53.3614557609472], [-2.32631640860776, 53.3614416218163], [-2.32771011566993, 53.360505679316], [-2.32868723041706, 53.360640341265], [-2.33085767933235, 53.3617988323105], [-2.3295443645872, 53.3632570118177], [-2.33000142897697, 53.3639503950944], [-2.33171721128018, 53.3638722046749], [-2.33289220651152, 53.3654568759588], [-2.33459599953645, 53.3657209667056], [-2.33729091875276, 53.3668252864506], [-2.33787641032872, 53.3666541949455], [-2.33801984573519, 53.3661692990934], [-2.33858124354568, 53.366182989694], [-2.34009023739994, 53.3674437781416], [-2.34011839480885, 53.3677521071591], [-2.3384629387322, 53.3678430756335], [-2.3382690188236, 53.3687775472644], [-2.33942082637711, 53.3688596473319], [-2.3392326396387, 53.370510522574], [-2.33649203906019, 53.3704158049334], [-2.33352665484586, 53.3710735511918], [-2.33219650826272, 53.3709734389742], [-2.33165010331592, 53.3715407918242], [-2.33242795758669, 53.3723179442296], [-2.33228903021922, 53.3728113572855], [-2.32984327940571, 53.372863977607], [-2.32983970074476, 53.3724028706533], [-2.32711808977954, 53.3722499074419], [-2.32764479390474, 53.3742843888251], [-2.32639237966274, 53.3747269118271], [-2.32529204025, 53.3759197736333], [-2.32568489623193, 53.3761827244726], [-2.32475369470408, 53.3770405302718], [-2.3229181053068, 53.3825259026753], [-2.32334592073048, 53.3834263126415], [-2.32517950494933, 53.3833664306664], [-2.32556673520145, 53.3828818382263], [-2.32682772926355, 53.3832370256568], [-2.33002156061499, 53.3834143882714], [-2.32944781026917, 53.3868670409932], [-2.32645653435056, 53.3865098732741], [-2.32614272509604, 53.3887713508954], [-2.32849326589247, 53.3894116303774], [-2.32833755636636, 53.3897916780884], [-2.32936454227724, 53.3904712208976], [-2.32956574990307, 53.3915861827034], [-2.31746330555146, 53.392676014306], [-2.31654946853449, 53.3897836922707], [-2.31028484978462, 53.3896177270309], [-2.30413444214032, 53.388913308823], [-2.30348852075023, 53.3871259171312], [-2.29961926585382, 53.3876642429107]]]}, "properties": {"WD24CD": "E05015249"}}, {"type": "Feature", "geometry": {"type": "Polygon", "coordinates": [[[-2.27302335206812, 53.4505666690411], [-2.27670797959379, 53.4505420372819], [-2.27937993869508, 53.4501852892922], [-2.27975598527011, 53.4491965771705], [-2.28621237782531, 53.449121317334], [-2.28964934932003, 53.4450769089182], [-2.29181188640798, 53.4453799494916], [-2.2928797432031, 53.4443336930137], [-2.29312893243956, 53.4444499895505], [-2.29326032360483, 53.4436262750533], [-2.29150605486226, 53.4431298725532], [-2.28987055850318, 53.4412885752876], [-2.29149285231605, 53.4392109113216], [-2.2954386010828, 53.4387994336444], [-2.29430429897097, 53.4360615826691], [-2.29556886949686, 53.4358669610353], [-2.29969889963779, 53.437325421208], [-2.30047510538565, 53.438101840245], [-2.30235587175918, 53.4384089835765], [-2.30656544344145, 53.4364063439302], [-2.31069565753542, 53.4370086442894], [-2.312297085519, 53.4357424437512], [-2.31599199107432, 53.4346738479038], [-2.31602367344397, 53.434659815094], [-2.31532312484541, 53.4369149063131], [-2.31293199030958, 53.4397472812508], [-2.31216186666283, 53.4421020574009], [-2.31105884497949, 53.4424799086314], [-2.30182274113168, 53.4507284246607], [-2.30057836705832, 53.4521391458165], [-2.29718865059963, 53.4536128312949], [-2.29393499323456, 53.4510169791667], [-2.29248842408334, 53.4516245356881], [-2.28703257611318, 53.4545972618332], [-2.28060329871583, 53.4598270305061], [-2.27663612857586, 53.462041018006], [-2.27344110254382, 53.4534923706466], [-2.27302335206812, 53.4505666690411]]]}, "properties": {"WD24CD": "E05015250"}}, {"type": "Feature", "geometry": {"type": "Polygon", "coordinates": [[[-2.31638534619069, 53.4530212386997], [-2.31701601876936, 53.4527984110438], [-2.31874032854131, 53.4506091938191], [-2.3247403784482, 53.4492919849553], [-2.32811374775721, 53.4491763537124], [-2.32834098060178, 53.4521691003801], [-2.33952272765002, 53.4504729829169], [-2.33959139801534, 53.4523493812281], [-2.34803006669038, 53.4524478405947], [-2.34810761796337, 53.454910153338], [-2.34562488423939, 53.4549391617073], [-2.34590184754878, 53.4571954942312], [-2.35028373074318, 53.4570964841694], [-2.35594896559847, 53.4580311612222], [-2.357408504848, 53.4578980398546], [-2.35822690242006, 53.4599690312037], [-2.35718934863798, 53.4637199075948], [-2.3576213264786, 53.464585042618], [-2.36507465789739, 53.466564232422], [-2.36686761765471, 53.467495333497], [-2.36907469600764, 53.4692655018907], [-2.36212078314205, 53.4716992372086], [-2.35217725616451, 53.474725190317], [-2.35136532103705, 53.4740129329333], [-2.34598489432315, 53.4722750897134], [-2.32821104200708, 53.4646124870845], [-2.32436903093221, 53.4618576192582], [-2.31769418014705, 53.4587338257999], [-2.31807199798343, 53.4560922815359], [-2.31638534619069, 53.4530212386997]]]}, "properties": {"WD24CD": "E05015251"}}, {"type": "Feature", "geometry": {"type": "Polygon", "coordinates": [[[-2.33185851025458, 53.4196411247244], [-2.34116553769567, 53.411484585167], [-2.34390598200994, 53.4122591646252], [-2.34485983516473, 53.4133681345771], [-2.34682166640151, 53.4132337970095], [-2.34704742616503, 53.4135848526939], [-2.34786321076087, 53.413263827476], [-2.34796363700973, 53.4140459881078], [-2.35080683239984, 53.4138380982815], [-2.35111475832767, 53.4135971964129], [-2.35606467318693, 53.4136445512987], [-2.36021383959628, 53.4117502051128], [-2.35873910642156, 53.4110563057225], [-2.35891927944184, 53.4107016991893], [-2.35781897117652, 53.4103912984122], [-2.35860987797863, 53.408617283042], [-2.36480599487688, 53.4091612166485], [-2.3653306942685, 53.4093132729732], [-2.3632735638095, 53.4146677049449], [-2.36458967428028, 53.4163904263813], [-2.36211761430824, 53.4177866474018], [-2.35968042163897, 53.4247620450253], [-2.35821540003186, 53.4252095601061], [-2.35375838045698, 53.42506014422], [-2.35359393160081, 53.4264620096341], [-2.35042671248027, 53.4263427849521], [-2.35058932159934, 53.4272726332062], [-2.34955327852175, 53.4277467328698], [-2.34940218590277, 53.429692301999], [-2.34614333165327, 53.4294411460669], [-2.344650098496, 53.4288459326902], [-2.34285752313264, 53.42414466068], [-2.33438086343108, 53.4210641950687], [-2.33185851025458, 53.4196411247244]]]}, "properties": {"WD24CD": "E05015252"}}, {"type": "Feature", "geometry": {"type": "Polygon", "coordinates": [[[-2.25368727534751, 53.4599456429328], [-2.25818682566663, 53.4588250002619], [-2.27146588697365, 53.4507319573071], [-2.27302335206812, 53.4505666690411], [-2.27344110254382, 53.4534923706466], [-2.27663612857586, 53.462041018006], [-2.25981080301058, 53.4653326992794], [-2.25791921244456, 53.4623841213713], [-2.25589963463969, 53.4621745851201], [-2.25372193118118, 53.4627302376222], [-2.25302232692278, 53.4613384399013], [-2.2535022477769, 53.4612448693008], [-2.25324605613945, 53.4607213482974], [-2.25393760655889, 53.4605068267787], [-2.25368727534751, 53.4599456429328]]]}, "properties": {"WD24CD": "E05015253"}}, {"type": "Feature", "geometry": {"type": "Polygon", "coordinates": [[[-2.29969889963779, 53.437325421208], [-2.3002008932431, 53.4363480021345], [-2.2998658146717, 53.4334338549199], [-2.29603147166819, 53.4324708765482], [-2.29327701781047, 53.432676277742], [-2.28910345600581, 53.4320383939835], [-2.28674638245458, 53.4302310457497], [-2.2859948889134, 53.4293345538612], [-2.28933707282926, 53.4288207586656], [-2.29178707845934, 53.4278368508298], [-2.29249106561982, 53.4269975989444], [-2.29307547324666, 53.4271190926547], [-2.29390969387655, 53.4267008017238], [-2.29664967332411, 53.4290940987845], [-2.30027666119722, 53.4306227571247], [-2.3011881336481, 53.4293887676348], [-2.30065804181043, 53.4279403244488], [-2.30118873802657, 53.4274869277236], [-2.3009719355265, 53.4261489959477], [-2.30250109448816, 53.424376039837], [-2.30666565187981, 53.4252415460747], [-2.30827035897716, 53.4225854961371], [-2.30995013423211, 53.4232705610447], [-2.31079865401326, 53.4228738403252], [-2.3118862509528, 53.4232944786996], [-2.31258773377296, 53.4226805570668], [-2.31125463204834, 53.4185210983504], [-2.31043883802032, 53.4176531036256], [-2.3226213453528, 53.4176450284679], [-2.32546288143645, 53.4173640190601], [-2.33185851025458, 53.4196411247244], [-2.31932407754971, 53.4308159454024], [-2.31693640734584, 53.4331522401627], [-2.31599199107432, 53.4346738479038], [-2.312297085519, 53.4357424437512], [-2.31069565753542, 53.4370086442894], [-2.30656544344145, 53.4364063439302], [-2.30235587175918, 53.4384089835765], [-2.30047510538565, 53.438101840245], [-2.29969889963779, 53.437325421208]]]}, "properties": {"WD24CD": "E05015254"}}, {"type": "Feature", "geometry": {"type": "Polygon", "coordinates": [[[-2.2859948889134, 53.4293345538612], [-2.2853312666493, 53.4272430431046], [-2.28365193498759, 53.4250079432817], [-2.28062885749684, 53.4239201576544], [-2.27564979786156, 53.4232952520311], [-2.27362065909694, 53.4225008383875], [-2.27544108307671, 53.4194064086373], [-2.27644174381939, 53.419649524683], [-2.27599763931309, 53.419388062029], [-2.27639236637685, 53.4189978833267], [-2.2781935175833, 53.4183142141639], [-2.27842327732678, 53.417534415474], [-2.27784252384175, 53.4154746355196], [-2.28154543652743, 53.4152836036171], [-2.2830866137791, 53.4160233146801], [-2.28450915445384, 53.4161376759838], [-2.28726326443696, 53.4149194698366], [-2.28813184066418, 53.4154314700406], [-2.28888519538953, 53.4153784239618], [-2.29090517984859, 53.4142004547419], [-2.29394295944332, 53.4135817581899], [-2.29652478064305, 53.4118774225727], [-2.29727082463561, 53.4110036340775], [-2.29771555782357, 53.4083616699858], [-2.30069343978828, 53.4097599816435], [-2.30357887813206, 53.4095837191756], [-2.30432113438047, 53.4098685721081], [-2.30450971822876, 53.4112073883681], [-2.30249022282173, 53.4113356488406], [-2.30310748287428, 53.4145566069955], [-2.30261722936281, 53.4145875099813], [-2.30372076676648, 53.4197468824682], [-2.30701529757384, 53.4188188684881], [-2.3091655988415, 53.4178137682563], [-2.31043883802032, 53.4176531036256], [-2.31125463204834, 53.4185210983504], [-2.31258773377296, 53.4226805570668], [-2.3118862509528, 53.4232944786996], [-2.31079865401326, 53.4228738403252], [-2.30995013423211, 53.4232705610447], [-2.30827035897716, 53.4225854961371], [-2.30666565187981, 53.4252415460747], [-2.30250109448816, 53.424376039837], [-2.3009719355265, 53.4261489959477], [-2.30118873802657, 53.4274869277236], [-2.30065804181043, 53.4279403244488], [-2.3011881336481, 53.4293887676348], [-2.30027666119722, 53.4306227571247], [-2.29664967332411, 53.4290940987845], [-2.29390969387655, 53.4267008017238], [-2.29307547324666, 53.4271190926547], [-2.29249106561982, 53.4269975989444], [-2.29178707845934, 53.4278368508298], [-2.28933707282926, 53.4288207586656], [-2.2859948889134, 53.4293345538612]]]}, "properties": {"WD24CD": "E05015255"}}, {"type": "Feature", "geometry": {"type": "Polygon", "coordinates": [[[-2.30182274113168, 53.4507284246607], [-2.31105884497949, 53.4424799086314], [-2.31216186666283, 53.4421020574009], [-2.31293199030958, 53.4397472812508], [-2.31532312484541, 53.4369149063131], [-2.31602367344397, 53.434659815094], [-2.3177029504243, 53.4342180064055], [-2.31990963109466, 53.4330309607013], [-2.3216658112463, 53.4331889587881], [-2.32344632873531, 53.4325935640879], [-2.32536484180098, 53.4331123952974], [-2.32729106269261, 53.4330765555725], [-2.32997658611917, 53.4339014207408], [-2.33174931181851, 53.4348375971508], [-2.3341477804646, 53.4351140314681], [-2.33482389366577, 53.4374546147024], [-2.33268577285852, 53.4377644357056], [-2.332529327371, 53.4383455520843], [-2.33134160521624, 53.4387344593367], [-2.33139791490541, 53.4395926504022], [-2.33608221763591, 53.4411944197823], [-2.33906319105247, 53.4437074184799], [-2.34003640626446, 53.4462290202614], [-2.33952272765002, 53.4504729829169], [-2.32834098060178, 53.4521691003801], [-2.32811374775721, 53.4491763537124], [-2.3247403784482, 53.4492919849553], [-2.31874032854131, 53.4506091938191], [-2.31701601876936, 53.4527984110438], [-2.31638534619069, 53.4530212386997], [-2.30182274113168, 53.4507284246607]]]}, "properties": {"WD24CD": "E05015256"}}, {"type": "Feature", "geometry": {"type": "Polygon", "coordinates": [[[-2.30859035906278, 53.3989482271042], [-2.30734010398423, 53.3974151837747], [-2.30501269791857, 53.3970876832578], [-2.3035934901256, 53.3950535491622], [-2.30015182255691, 53.3921544723996], [-2.29987961368379, 53.3898181653745], [-2.30048316013985, 53.3894750899106], [-2.30013376537643, 53.3893994974715], [-2.30037152052557, 53.3889944394449], [-2.29971519776497, 53.3884666333267], [-2.29999297508763, 53.3881990512064], [-2.29961926585382, 53.3876642429107], [-2.30348852075023, 53.3871259171312], [-2.30413444214032, 53.388913308823], [-2.31028484978462, 53.3896177270309], [-2.31654946853449, 53.3897836922707], [-2.31746330555146, 53.392676014306], [-2.32956574990307, 53.3915861827034], [-2.33408553922776, 53.3919349377198], [-2.34125688854748, 53.3912279194597], [-2.34243150753814, 53.392386698463], [-2.3421427417558, 53.3931228417863], [-2.34251810209865, 53.393791391951], [-2.34170422380353, 53.3954332019259], [-2.34211734497838, 53.395754699618], [-2.34136006324547, 53.3960229432841], [-2.34109369121518, 53.3965576467529], [-2.33457630585069, 53.3981572042412], [-2.33281107138415, 53.3976331076718], [-2.3316049643305, 53.3979071417458], [-2.33055461652587, 53.3976371835248], [-2.32863669822777, 53.398214115068], [-2.32803108372947, 53.399880363411], [-2.30859035906278, 53.3989482271042]]]}, "properties": {"WD24CD": "E05015257"}}, {"type": "Feature", "geometry": {"type": "Polygon", "coordinates": [[[-2.30859035906278, 53.3989482271042], [-2.32803108372947, 53.399880363411], [-2.32863669822777, 53.398214115068], [-2.33055461652587, 53.3976371835248], [-2.3316049643305, 53.3979071417458], [-2.33281107138415, 53.3976331076718], [-2.33457630585069, 53.3981572042412], [-2.34109369121518, 53.3965576467529], [-2.34136006324547, 53.3960229432841], [-2.34211734497838, 53.395754699618], [-2.34337926779349, 53.3967137286537], [-2.34325467295838, 53.3972983493047], [-2.34427867685914, 53.398573547082], [-2.34404369111911, 53.399642914951], [-2.34774925148301, 53.3994344728521], [-2.34031477262998, 53.4027819306521], [-2.33912710862657, 53.4039909970746], [-2.33875495350821, 53.4039034865662], [-2.33488120071712, 53.4079636354829], [-2.33069243794757, 53.4089074326976], [-2.32813147550917, 53.4102798931716], [-2.32526835709564, 53.4103273003434], [-2.32470139669773, 53.4107432253425], [-2.32144949474879, 53.4116019301544], [-2.31991901980795, 53.4116235530242], [-2.30859035906278, 53.3989482271042]]]}, "properties": {"WD24CD": "E05015258"}}, {"type": "Feature", "geometry": {"type": "Polygon", "coordinates": [[[-2.33952272765002, 53.4504729829169], [-2.34003640626446, 53.4462290202614], [-2.33906319105247, 53.4437074184799], [-2.33608221763591, 53.4411944197823], [-2.33139791490541, 53.4395926504022], [-2.33134160521624, 53.4387344593367], [-2.332529327371, 53.4383455520843], [-2.33268577285852, 53.4377644357056], [-2.33482389366577, 53.4374546147024], [-2.33569523922087, 53.4376237922611], [-2.34087872440304, 53.4363937724058], [-2.34349373145489, 53.438258466561], [-2.34651765764894, 53.44079226362], [-2.35096819057371, 53.4398799555497], [-2.35215648613157, 53.4399812069434], [-2.35231651766722, 53.4396488733912], [-2.3503559369703, 53.4376401777402], [-2.35125118840283, 53.4373988801551], [-2.35183179057022, 53.4378793686336], [-2.3531801735788, 53.4379340706296], [-2.35633199953742, 53.4367253053428], [-2.35753266609325, 53.4354569323198], [-2.35956033990921, 53.4357347297513], [-2.36046231809885, 53.4354217857285], [-2.36100148639068, 53.4344789696821], [-2.36073484346571, 53.4333552106453], [-2.35997120595019, 53.4326800508599], [-2.36088679007389, 53.4315113418939], [-2.3632958722805, 53.4324542330187], [-2.36485839022496, 53.4318890629686], [-2.36703408777905, 53.433086290189], [-2.36735855425012, 53.4342430215839], [-2.3681734939797, 53.4348747952619], [-2.3672664700561, 53.4364745460295], [-2.36605733471991, 53.4366362702456], [-2.36479554584824, 53.4372927116397], [-2.36290561330089, 53.4373686694784], [-2.36324427627626, 53.4410826519685], [-2.36284989329291, 53.4419673638637], [-2.36364340771394, 53.442169914566], [-2.36137356952833, 53.4436249298006], [-2.36213932240047, 53.443917434899], [-2.36250191937317, 53.4447809685274], [-2.3631364978531, 53.4450451119725], [-2.36340913372706, 53.4468276512224], [-2.36624499724969, 53.4463941002046], [-2.36729419953491, 53.4473339050725], [-2.36728356131236, 53.4490342087504], [-2.36422525178106, 53.448287083894], [-2.36375740957757, 53.4485459592483], [-2.36402837076797, 53.4504957953282], [-2.36281886153996, 53.4506257779122], [-2.36318254263242, 53.4522759803506], [-2.36255503137251, 53.4522728317074], [-2.357408504848, 53.4578980398546], [-2.35594896559847, 53.4580311612222], [-2.35028373074318, 53.4570964841694], [-2.34590184754878, 53.4571954942312], [-2.34562488423939, 53.4549391617073], [-2.34810761796337, 53.454910153338], [-2.34803006669038, 53.4524478405947], [-2.33959139801534, 53.4523493812281], [-2.33952272765002, 53.4504729829169]]]}, "properties": {"WD24CD": "E05015259"}}]}